Brand,Model,Year,Transmission,CC,Type,ibid_new,ibid_hp,ibid_rv,price_curr
AUDI,A4,2012,AUTOMATIC,1.8,,,,,87000000.0
AUDI,A4,2012,AUTOMATIC,1.8,,,,,90000000.0
AUDI,A6,2012,AUTOMATIC,2.8,FSI,,,,108000000.0
AUDI,A8,2012,AUTOMATIC,3.0,L,,,,180500000.0
AUDI,Q3,2015,AUTOMATIC,1.4,TFSI,,,,116000000.0
AUDI,RS,2022,AUTOMATIC,2.5,3,,,,760000000.0
BMW,320I,2016,AUTOMATIC,2.0,,,,,224000000.0
BMW,320I,2020,AUTOMATIC,2.0,CKD,,,,413000000.0
BMW,320I,2022,AUTOMATIC,2.0,CKD,,,,486000000.0
BMW,520I,2022,AUTOMATIC,2.0,G30,,,,577000000.0
BMW,530I,2019,AUTOMATIC,2.0,CKD,,,,425000000.0
BMW,730,2018,AUTOMATIC,2.0,LI,,,,360000000.0
BMW,X1,2013,AUTOMATIC,2.0,SDRIVE,,,,105000000.0
BMW,X1,2019,AUTOMATIC,1.5,SDRIVE,,,,217000000.0
BMW,X1,2021,AUTOMATIC,1.5,SDRIVE,,,,357000000.0
BMW,X1,2021,AUTOMATIC,1.5,SDRIVE,,,,323000000.0
BMW,X1,2021,AUTOMATIC,1.5,SDRIVE,,,,331500000.0
BMW,X3,2009,AUTOMATIC,2.5,XDRIVE,,,,51500000.0
BMW,X3,2025,AUTOMATIC,2.0,XDRIVE,,,,1156000000.0
BMW,X5,2012,AUTOMATIC,3.0,XDRIVE,,,,90500000.0
BMW,X5,2015,AUTOMATIC,3.0,XDRIVE,,,,205000000.0
BMW,X5,2018,AUTOMATIC,3.0,XDRIVE,,,,340000000.0
BYD,,2025,,0.0,,,,,238000000.0
BYD,ATTO 3,2024,AUTOMATIC,0.0,SUPERIOR EXTENDED RANGE,,,,311000000.0
BYD,M6,2024,AUTOMATIC,0.2,SUPERIOR CAPTAIN SEAT,,,,228000000.0
BYD,M6,2025,AUTOMATIC,0.0,STANDARD BEV,,,,267500000.0
BYD,M6,2025,AUTOMATIC,0.0,SUPERIOR CAPTAIN SEAT,,,,302000000.0
BYD,SEAL,2024,AUTOMATIC,0.0,PREMIUM EXTENDED RANGE,,,,457500000.0
BYD,SEAL,2024,AUTOMATIC,0.0,PREMIUM EXTENDED RANGE,,,,451000000.0
BYD,SEAL,2024,AUTOMATIC,0.0,PREMIUM EXTENDED RANGE,,,,376000000.0
BYD,SEALION 7,2025,AUTOMATIC,0.0,PREMIUM,,,,497500000.0
CHERY,,2025,AUTOMATIC,1.5,0,,,,200000000.0
CHERY,J6,2025,AUTOMATIC,0.0,IWD,,,,428000000.0
CHERY,OMODA,2023,AUTOMATIC,1.5,5 RZ,,,,169000000.0
CHERY,OMODA,2023,AUTOMATIC,1.5,5 Z,,,,215500000.0
CHERY,OMODA,2023,AUTOMATIC,1.5,5 Z,,,,206000000.0
CHERY,OMODA,2023,AUTOMATIC,1.5,5 Z,,,,193000000.0
CHERY,OMODA,2024,AUTOMATIC,0.0,E5,,,,230000000.0
CHERY,OMODA,2024,AUTOMATIC,0.0,E5,,,,252500000.0
CHERY,TIGGO 5X,2024,AUTOMATIC,1.5,CLASSIC,,,,152000000.0
CHERY,TIGGO 8,2025,AUTOMATIC,1.6,PREMIUM,,,,268500000.0
CHERY,TIGGO 8,2025,AUTOMATIC,1.6,PREMIUM,,,,269000000.0
CHERY,TIGGO CROSS,2025,AUTOMATIC,1.5,PREMIUM,,,,196000000.0
CHEVROLET,,2010,AUTOMATIC,1.8,CRUZE,,,,57000000.0
CHEVROLET,,2010,AUTOMATIC,1.8,CRUZE,,,,48500000.0
CHEVROLET,,2017,MANUAL,2.5,COLORADO LT,,,,150000000.0
CHEVROLET,CAPTIVA,2013,AUTOMATIC,2.0,,,,,82000000.0
CHEVROLET,CAPTIVA,2013,AUTOMATIC,2.4,,,,,56000000.0
CHEVROLET,CAPTIVA,2014,AUTOMATIC,2.0,,,,,85000000.0
CHEVROLET,SPIN,2013,MANUAL,1.2,LTZ,,,,53500000.0
CHEVROLET,SPIN,2014,AUTOMATIC,1.5,LTZ,,,,66500000.0
CHEVROLET,SPIN,2015,MANUAL,1.2,LTZ,,,,42000000.0
CHEVROLET,TRAILBLAZER,2017,AUTOMATIC,2.5,,,,,174500000.0
CHEVROLET,TRAILBLAZER,2017,AUTOMATIC,2.5,,,,,181000000.0
CHEVROLET,TRAILBLAZER,2017,AUTOMATIC,2.5,,,,,159500000.0
CHEVROLET,TRAILBLAZER,2018,AUTOMATIC,2.5,,,,,200000000.0
CHEVROLET,TRAX,2016,AUTOMATIC,1.4,LTZ,,,,91500000.0
CHEVROLET,TRAX,2016,AUTOMATIC,1.4,LTZ,,,,77000000.0
CHEVROLET,TRAX,2016,AUTOMATIC,1.4,LTZ,,,,74000000.0
CHEVROLET,TRAX,2016,AUTOMATIC,1.4,LTZ,,,,62500000.0
CHEVROLET,TRAX,2016,AUTOMATIC,1.4,LTZ,,,,66000000.0
CHEVROLET,TRAX,2017,AUTOMATIC,1.4,LTZ,,,,90500000.0
CHEVROLET,TRAX,2018,AUTOMATIC,1.4,LTZ,,,,94000000.0
DAIHATSU,AYLA,2013,AUTOMATIC,1.0,X,,,,73000000.0
DAIHATSU,AYLA,2013,AUTOMATIC,1.0,X,,,,67500000.0
DAIHATSU,AYLA,2014,AUTOMATIC,1.0,M,,,,62000000.0
DAIHATSU,AYLA,2014,AUTOMATIC,1.0,X,,,,71500000.0
DAIHATSU,AYLA,2014,AUTOMATIC,1.0,X,,,,58000000.0
DAIHATSU,AYLA,2014,AUTOMATIC,1.0,X,,,,76000000.0
DAIHATSU,AYLA,2014,MANUAL,1.0,M,,,,60000000.0
DAIHATSU,AYLA,2014,MANUAL,1.0,X,,,,65000000.0
DAIHATSU,AYLA,2014,MANUAL,1.0,X,,,,58000000.0
DAIHATSU,AYLA,2015,AUTOMATIC,1.0,X,,,,73500000.0
DAIHATSU,AYLA,2015,AUTOMATIC,1.0,X,,,,74000000.0
DAIHATSU,AYLA,2015,AUTOMATIC,1.0,X,,,,68000000.0
DAIHATSU,AYLA,2015,MANUAL,1.0,X,,,,71500000.0
DAIHATSU,AYLA,2015,MANUAL,1.0,X,,,,63500000.0
DAIHATSU,AYLA,2015,MANUAL,1.0,X,,,,60000000.0
DAIHATSU,AYLA,2015,MANUAL,1.0,X,,,,69000000.0
DAIHATSU,AYLA,2015,MANUAL,1.0,X,,,,61500000.0
DAIHATSU,AYLA,2015,MANUAL,1.0,X,,,,65500000.0
DAIHATSU,AYLA,2015,MANUAL,1.0,X,,,,60000000.0
DAIHATSU,AYLA,2016,AUTOMATIC,1.0,X,,,,83000000.0
DAIHATSU,AYLA,2016,MANUAL,1.0,M,,,,75500000.0
DAIHATSU,AYLA,2016,MANUAL,1.0,M,,,,62500000.0
DAIHATSU,AYLA,2016,MANUAL,1.0,M,,,,67000000.0
DAIHATSU,AYLA,2016,MANUAL,1.0,X,,,,62000000.0
DAIHATSU,AYLA,2016,MANUAL,1.0,X,,,,68000000.0
DAIHATSU,AYLA,2016,MANUAL,1.0,X,,,,71000000.0
DAIHATSU,AYLA,2016,MANUAL,1.0,X,,,,70500000.0
DAIHATSU,AYLA,2016,MANUAL,1.0,X,,,,76000000.0
DAIHATSU,AYLA,2016,MANUAL,1.0,X,,,,62000000.0
DAIHATSU,AYLA,2016,MANUAL,1.0,X,,,,72000000.0
DAIHATSU,AYLA,2017,AUTOMATIC,1.0,M,118.0,64.5,54.66,
DAIHATSU,AYLA,2017,AUTOMATIC,1.0,X,125.0,68.5,54.8,78000000.0
DAIHATSU,AYLA,2017,AUTOMATIC,1.2,R,142.0,84.5,59.51,
DAIHATSU,AYLA,2017,AUTOMATIC,1.2,X,135.0,79.5,58.89,86500000.0
DAIHATSU,AYLA,2017,MANUAL,1.0,D,92.0,55.5,60.33,
DAIHATSU,AYLA,2017,MANUAL,1.0,M,109.0,54.0,49.54,50000000.0
DAIHATSU,AYLA,2017,MANUAL,1.0,X,116.0,62.0,53.45,75500000.0
DAIHATSU,AYLA,2017,MANUAL,1.0,X,116.0,62.0,53.45,76000000.0
DAIHATSU,AYLA,2017,MANUAL,1.0,X,116.0,62.0,53.45,65000000.0
DAIHATSU,AYLA,2017,MANUAL,1.0,X,116.0,62.0,53.45,61500000.0
DAIHATSU,AYLA,2017,MANUAL,1.2,R,132.0,71.5,54.17,100000000.0
DAIHATSU,AYLA,2017,MANUAL,1.2,R,132.0,71.5,54.17,86000000.0
DAIHATSU,AYLA,2017,MANUAL,1.2,R,132.0,71.5,54.17,90000000.0
DAIHATSU,AYLA,2017,MANUAL,1.2,X,125.0,63.0,50.4,82000000.0
DAIHATSU,AYLA,2017,MANUAL,1.2,X,125.0,63.0,50.4,91000000.0
DAIHATSU,AYLA,2018,AUTOMATIC,1.0,M,121.0,67.5,55.79,80000000.0
DAIHATSU,AYLA,2018,AUTOMATIC,1.0,X,128.0,77.0,60.16,80000000.0
DAIHATSU,AYLA,2018,AUTOMATIC,1.2,R,145.0,89.0,61.38,67000000.0
DAIHATSU,AYLA,2018,AUTOMATIC,1.2,X,138.0,84.5,61.23,35000000.0
DAIHATSU,AYLA,2018,MANUAL,1.0,D,95.0,61.5,64.74,53500000.0
DAIHATSU,AYLA,2018,MANUAL,1.0,M,112.0,61.5,54.91,71000000.0
DAIHATSU,AYLA,2018,MANUAL,1.0,X,119.0,66.5,55.88,68000000.0
DAIHATSU,AYLA,2018,MANUAL,1.0,X,119.0,66.5,55.88,63500000.0
DAIHATSU,AYLA,2018,MANUAL,1.2,R,135.0,80.5,59.63,91500000.0
DAIHATSU,AYLA,2018,MANUAL,1.2,R,135.0,80.5,59.63,96500000.0
DAIHATSU,AYLA,2018,MANUAL,1.2,R,135.0,80.5,59.63,94000000.0
DAIHATSU,AYLA,2018,MANUAL,1.2,X,128.0,73.0,57.03,
DAIHATSU,AYLA,2019,AUTOMATIC,1.0,M,123.0,71.5,58.13,
DAIHATSU,AYLA,2019,AUTOMATIC,1.0,X,131.0,79.5,60.69,65000000.0
DAIHATSU,AYLA,2019,AUTOMATIC,1.2,R,147.0,96.5,65.65,91000000.0
DAIHATSU,AYLA,2019,AUTOMATIC,1.2,X,140.0,92.5,66.07,
DAIHATSU,AYLA,2019,MANUAL,1.0,D,98.0,63.0,64.29,60000000.0
DAIHATSU,AYLA,2019,MANUAL,1.0,M,114.0,67.5,59.21,60000000.0
DAIHATSU,AYLA,2019,MANUAL,1.0,M,114.0,67.5,59.21,73500000.0
DAIHATSU,AYLA,2019,MANUAL,1.0,X,122.0,70.0,57.38,75500000.0
DAIHATSU,AYLA,2019,MANUAL,1.0,X,122.0,70.0,57.38,76000000.0
DAIHATSU,AYLA,2019,MANUAL,1.0,X,122.0,70.0,57.38,79000000.0
DAIHATSU,AYLA,2019,MANUAL,1.2,R,137.0,84.0,61.31,95000000.0
DAIHATSU,AYLA,2019,MANUAL,1.2,R,137.0,84.0,61.31,94000000.0
DAIHATSU,AYLA,2019,MANUAL,1.2,R,137.0,84.0,61.31,99750000.0
DAIHATSU,AYLA,2019,MANUAL,1.2,R,137.0,84.0,61.31,87500000.0
DAIHATSU,AYLA,2019,MANUAL,1.2,R,137.0,84.0,61.31,95000000.0
DAIHATSU,AYLA,2019,MANUAL,1.2,R,137.0,84.0,61.31,92000000.0
DAIHATSU,AYLA,2019,MANUAL,1.2,X,130.0,80.0,61.54,89000000.0
DAIHATSU,AYLA,2019,MANUAL,1.2,X,130.0,80.0,61.54,93000000.0
DAIHATSU,AYLA,2020,AUTOMATIC,1.0,M,127.0,77.5,61.02,
DAIHATSU,AYLA,2020,AUTOMATIC,1.0,X,134.0,84.5,63.06,
DAIHATSU,AYLA,2020,AUTOMATIC,1.2,R,155.0,108.5,70.0,104000000.0
DAIHATSU,AYLA,2020,AUTOMATIC,1.2,R,155.0,108.5,70.0,112000000.0
DAIHATSU,AYLA,2020,AUTOMATIC,1.2,X,146.0,96.0,65.75,102500000.0
DAIHATSU,AYLA,2020,MANUAL,1.0,D,101.0,64.0,63.37,
DAIHATSU,AYLA,2020,MANUAL,1.0,M,118.0,69.5,58.9,80000000.0
DAIHATSU,AYLA,2020,MANUAL,1.0,X,124.0,75.0,60.48,88500000.0
DAIHATSU,AYLA,2020,MANUAL,1.0,X,124.0,75.0,60.48,77000000.0
DAIHATSU,AYLA,2020,MANUAL,1.0,X,124.0,75.0,60.48,77000000.0
DAIHATSU,AYLA,2020,MANUAL,1.0,X,124.0,75.0,60.48,80500000.0
DAIHATSU,AYLA,2020,MANUAL,1.2,R,143.0,89.5,62.59,
DAIHATSU,AYLA,2020,MANUAL,1.2,X,136.0,82.0,60.29,97500000.0
DAIHATSU,AYLA,2021,AUTOMATIC,1.0,M,126.0,84.0,66.67,
DAIHATSU,AYLA,2021,AUTOMATIC,1.0,X,136.0,86.0,63.24,95000000.0
DAIHATSU,AYLA,2021,AUTOMATIC,1.0,X,136.0,86.0,63.24,93000000.0
DAIHATSU,AYLA,2021,AUTOMATIC,1.0,X,136.0,86.0,63.24,102000000.0
DAIHATSU,AYLA,2021,AUTOMATIC,1.2,R,157.0,110.5,70.38,
DAIHATSU,AYLA,2021,AUTOMATIC,1.2,X,148.0,99.0,66.89,109000000.0
DAIHATSU,AYLA,2021,MANUAL,1.0,D,110.0,65.5,59.55,73500000.0
DAIHATSU,AYLA,2021,MANUAL,1.0,D,110.0,65.5,59.55,75000000.0
DAIHATSU,AYLA,2021,MANUAL,1.0,D,110.0,65.5,59.55,69000000.0
DAIHATSU,AYLA,2021,MANUAL,1.0,D,110.0,65.5,59.55,68000000.0
DAIHATSU,AYLA,2021,MANUAL,1.0,D,110.0,65.5,59.55,73000000.0
DAIHATSU,AYLA,2021,MANUAL,1.0,M,117.0,73.0,62.39,
DAIHATSU,AYLA,2021,MANUAL,1.0,X,126.0,77.5,61.51,75000000.0
DAIHATSU,AYLA,2021,MANUAL,1.0,X,126.0,77.5,61.51,78500000.0
DAIHATSU,AYLA,2021,MANUAL,1.0,X,126.0,77.5,61.51,72500000.0
DAIHATSU,AYLA,2021,MANUAL,1.2,R,144.0,92.0,63.89,80000000.0
DAIHATSU,AYLA,2021,MANUAL,1.2,R,144.0,92.0,63.89,109500000.0
DAIHATSU,AYLA,2021,MANUAL,1.2,X,138.0,89.5,64.86,92500000.0
DAIHATSU,AYLA,2021,MANUAL,1.2,X,138.0,89.5,64.86,90500000.0
DAIHATSU,AYLA,2022,AUTOMATIC,1.0,X,142.0,92.5,65.14,100500000.0
DAIHATSU,AYLA,2022,AUTOMATIC,1.0,X,142.0,92.5,65.14,95250000.0
DAIHATSU,AYLA,2022,AUTOMATIC,1.0,X,142.0,92.5,65.14,86000000.0
DAIHATSU,AYLA,2022,AUTOMATIC,1.2,R,163.0,112.5,69.02,121000000.0
DAIHATSU,AYLA,2022,AUTOMATIC,1.2,R,163.0,112.5,69.02,120500000.0
DAIHATSU,AYLA,2022,AUTOMATIC,1.2,R,163.0,112.5,69.02,114000000.0
DAIHATSU,AYLA,2022,AUTOMATIC,1.2,X,155.0,102.0,65.81,125000000.0
DAIHATSU,AYLA,2022,MANUAL,1.0,D,116.0,72.0,62.07,81000000.0
DAIHATSU,AYLA,2022,MANUAL,1.0,D,116.0,72.0,62.07,80000000.0
DAIHATSU,AYLA,2022,MANUAL,1.0,D,116.0,72.0,62.07,71000000.0
DAIHATSU,AYLA,2022,MANUAL,1.0,D,116.0,72.0,62.07,75000000.0
DAIHATSU,AYLA,2022,MANUAL,1.0,D,116.0,72.0,62.07,70500000.0
DAIHATSU,AYLA,2022,MANUAL,1.0,M,122.0,79.0,64.75,
DAIHATSU,AYLA,2022,MANUAL,1.0,X,133.0,82.0,61.65,91500000.0
DAIHATSU,AYLA,2022,MANUAL,1.0,X,133.0,82.0,61.65,94500000.0
DAIHATSU,AYLA,2022,MANUAL,1.0,X,133.0,82.0,61.65,88000000.0
DAIHATSU,AYLA,2022,MANUAL,1.0,X,133.0,82.0,61.65,85500000.0
DAIHATSU,AYLA,2022,MANUAL,1.0,X,133.0,82.0,61.65,80500000.0
DAIHATSU,AYLA,2022,MANUAL,1.0,X,133.0,82.0,61.65,93500000.0
DAIHATSU,AYLA,2022,MANUAL,1.0,X,133.0,82.0,61.65,81000000.0
DAIHATSU,AYLA,2022,MANUAL,1.0,X,133.0,82.0,61.65,90500000.0
DAIHATSU,AYLA,2022,MANUAL,1.2,R,152.0,101.0,66.45,102500000.0
DAIHATSU,AYLA,2022,MANUAL,1.2,R,152.0,101.0,66.45,101000000.0
DAIHATSU,AYLA,2022,MANUAL,1.2,R,152.0,101.0,66.45,95000000.0
DAIHATSU,AYLA,2022,MANUAL,1.2,X,145.0,91.0,62.76,95000000.0
DAIHATSU,AYLA,2022,MANUAL,1.2,X,145.0,91.0,62.76,106500000.0
DAIHATSU,AYLA,2023,AUTOMATIC,1.0,X,159.0,115.5,72.64,110500000.0
DAIHATSU,AYLA,2023,AUTOMATIC,1.0,X,159.0,115.5,72.64,124000000.0
DAIHATSU,AYLA,2023,AUTOMATIC,1.0,X,159.0,115.5,72.64,111500000.0
DAIHATSU,AYLA,2023,AUTOMATIC,1.0,X,159.0,115.5,72.64,93000000.0
DAIHATSU,AYLA,2023,AUTOMATIC,1.0,X,159.0,115.5,72.64,116000000.0
DAIHATSU,AYLA,2023,AUTOMATIC,1.0,X,159.0,115.5,72.64,104500000.0
DAIHATSU,AYLA,2023,AUTOMATIC,1.2,R,184.0,118.0,64.13,121000000.0
DAIHATSU,AYLA,2023,AUTOMATIC,1.2,R,184.0,118.0,64.13,125000000.0
DAIHATSU,AYLA,2023,AUTOMATIC,1.2,R,184.0,118.0,64.13,108500000.0
DAIHATSU,AYLA,2023,AUTOMATIC,1.2,X,167.0,113.0,67.66,93000000.0
DAIHATSU,AYLA,2023,MANUAL,1.0,D,119.0,74.5,62.61,74000000.0
DAIHATSU,AYLA,2023,MANUAL,1.0,M,134.0,92.0,68.66,92000000.0
DAIHATSU,AYLA,2023,MANUAL,1.0,M,134.0,92.0,68.66,98500000.0
DAIHATSU,AYLA,2023,MANUAL,1.0,M,134.0,92.0,68.66,109000000.0
DAIHATSU,AYLA,2023,MANUAL,1.0,M,134.0,92.0,68.66,96000000.0
DAIHATSU,AYLA,2023,MANUAL,1.0,M,134.0,92.0,68.66,91750000.0
DAIHATSU,AYLA,2023,MANUAL,1.0,M,134.0,92.0,68.66,96500000.0
DAIHATSU,AYLA,2023,MANUAL,1.0,M,134.0,92.0,68.66,80500000.0
DAIHATSU,AYLA,2023,MANUAL,1.0,M,134.0,92.0,68.66,90000000.0
DAIHATSU,AYLA,2023,MANUAL,1.0,M,134.0,92.0,68.66,91000000.0
DAIHATSU,AYLA,2023,MANUAL,1.0,X,147.0,97.0,65.99,104500000.0
DAIHATSU,AYLA,2023,MANUAL,1.0,X,147.0,97.0,65.99,95500000.0
DAIHATSU,AYLA,2023,MANUAL,1.0,X,147.0,97.0,65.99,107500000.0
DAIHATSU,AYLA,2023,MANUAL,1.0,X,147.0,97.0,65.99,98500000.0
DAIHATSU,AYLA,2023,MANUAL,1.0,X,147.0,97.0,65.99,107500000.0
DAIHATSU,AYLA,2023,MANUAL,1.0,X,147.0,97.0,65.99,107000000.0
DAIHATSU,AYLA,2023,MANUAL,1.0,X,147.0,97.0,65.99,100000000.0
DAIHATSU,AYLA,2023,MANUAL,1.2,R,164.0,108.5,66.16,106500000.0
DAIHATSU,AYLA,2023,MANUAL,1.2,R,164.0,108.5,66.16,109500000.0
DAIHATSU,AYLA,2023,MANUAL,1.2,R,164.0,108.5,66.16,99500000.0
DAIHATSU,AYLA,2023,MANUAL,1.2,X,148.0,94.5,63.85,
DAIHATSU,AYLA,2024,AUTOMATIC,1.0,X,169.0,119.0,70.41,127000000.0
DAIHATSU,AYLA,2024,AUTOMATIC,1.0,X,169.0,119.0,70.41,128500000.0
DAIHATSU,AYLA,2024,AUTOMATIC,1.0,X,169.0,119.0,70.41,118000000.0
DAIHATSU,AYLA,2024,AUTOMATIC,1.0,X,169.0,119.0,70.41,125000000.0
DAIHATSU,AYLA,2024,AUTOMATIC,1.0,X,169.0,119.0,70.41,123500000.0
DAIHATSU,AYLA,2024,AUTOMATIC,1.0,X,169.0,119.0,70.41,122750000.0
DAIHATSU,AYLA,2024,AUTOMATIC,1.0,X,169.0,119.0,70.41,117000000.0
DAIHATSU,AYLA,2024,AUTOMATIC,1.2,R,186.0,130.0,69.89,135500000.0
DAIHATSU,AYLA,2024,AUTOMATIC,1.2,R,186.0,130.0,69.89,132000000.0
DAIHATSU,AYLA,2024,AUTOMATIC,1.2,R,186.0,130.0,69.89,129500000.0
DAIHATSU,AYLA,2024,AUTOMATIC,1.2,R,186.0,130.0,69.89,122500000.0
DAIHATSU,AYLA,2024,AUTOMATIC,1.2,R,186.0,130.0,69.89,127500000.0
DAIHATSU,AYLA,2024,AUTOMATIC,1.2,R,186.0,130.0,69.89,131000000.0
DAIHATSU,AYLA,2024,MANUAL,1.0,M,136.0,97.0,71.32,103000000.0
DAIHATSU,AYLA,2024,MANUAL,1.0,M,136.0,97.0,71.32,97000000.0
DAIHATSU,AYLA,2024,MANUAL,1.0,M,136.0,97.0,71.32,99000000.0
DAIHATSU,AYLA,2024,MANUAL,1.0,M,136.0,97.0,71.32,102500000.0
DAIHATSU,AYLA,2024,MANUAL,1.0,M,136.0,97.0,71.32,98500000.0
DAIHATSU,AYLA,2024,MANUAL,1.0,M,136.0,97.0,71.32,100000000.0
DAIHATSU,AYLA,2024,MANUAL,1.0,M,136.0,97.0,71.32,91200000.0
DAIHATSU,AYLA,2024,MANUAL,1.0,M,136.0,97.0,71.32,90000000.0
DAIHATSU,AYLA,2024,MANUAL,1.0,M,136.0,97.0,71.32,102500000.0
DAIHATSU,AYLA,2024,MANUAL,1.0,X,150.0,101.5,67.67,110000000.0
DAIHATSU,AYLA,2024,MANUAL,1.0,X,150.0,101.5,67.67,123000000.0
DAIHATSU,AYLA,2024,MANUAL,1.0,X,150.0,101.5,67.67,107500000.0
DAIHATSU,AYLA,2024,MANUAL,1.0,X,150.0,101.5,67.67,112500000.0
DAIHATSU,AYLA,2024,MANUAL,1.0,X,150.0,101.5,67.67,120000000.0
DAIHATSU,AYLA,2024,MANUAL,1.0,X,150.0,101.5,67.67,105000000.0
DAIHATSU,AYLA,2024,MANUAL,1.0,X,150.0,101.5,67.67,116000000.0
DAIHATSU,AYLA,2024,MANUAL,1.0,X,150.0,101.5,67.67,106250000.0
DAIHATSU,AYLA,2024,MANUAL,1.0,X,150.0,101.5,67.67,122500000.0
DAIHATSU,AYLA,2024,MANUAL,1.0,X,150.0,101.5,67.67,107500000.0
DAIHATSU,AYLA,2024,MANUAL,1.0,X,150.0,101.5,67.67,105000000.0
DAIHATSU,AYLA,2024,MANUAL,1.2,R,166.0,115.0,69.28,132500000.0
DAIHATSU,AYLA,2024,MANUAL,1.2,R,166.0,115.0,69.28,125000000.0
DAIHATSU,AYLA,2025,AUTOMATIC,1.0,X,,,,127000000.0
DAIHATSU,AYLA,2025,AUTOMATIC,1.0,X,,,,120000000.0
DAIHATSU,AYLA,2025,AUTOMATIC,1.0,X,,,,125000000.0
DAIHATSU,AYLA,2025,AUTOMATIC,1.0,X,,,,118500000.0
DAIHATSU,AYLA,2025,AUTOMATIC,1.0,X,,,,125000000.0
DAIHATSU,AYLA,2025,AUTOMATIC,1.0,X,,,,120000000.0
DAIHATSU,AYLA,2025,AUTOMATIC,1.2,R,,,,145500000.0
DAIHATSU,AYLA,2025,AUTOMATIC,1.2,R,,,,142000000.0
DAIHATSU,AYLA,2025,MANUAL,1.0,M,,,,106500000.0
DAIHATSU,AYLA,2025,MANUAL,1.0,M,,,,105000000.0
DAIHATSU,AYLA,2025,MANUAL,1.0,M,,,,100000000.0
DAIHATSU,AYLA,2025,MANUAL,1.0,M,,,,105000000.0
DAIHATSU,AYLA,2025,MANUAL,1.0,M,,,,99000000.0
DAIHATSU,AYLA,2025,MANUAL,1.0,M,,,,105000000.0
DAIHATSU,AYLA,2025,MANUAL,1.0,M,,,,112500000.0
DAIHATSU,AYLA,2025,MANUAL,1.0,M,,,,107000000.0
DAIHATSU,AYLA,2025,MANUAL,1.0,X,,,,115000000.0
DAIHATSU,AYLA,2025,MANUAL,1.0,X,,,,129000000.0
DAIHATSU,AYLA,2025,MANUAL,1.0,X,,,,115500000.0
DAIHATSU,AYLA,2025,MANUAL,1.0,X,,,,111000000.0
DAIHATSU,AYLA,2025,MANUAL,1.0,X,,,,115500000.0
DAIHATSU,AYLA,2025,MANUAL,1.0,X,,,,125500000.0
DAIHATSU,AYLA,2025,MANUAL,1.0,X,,,,110500000.0
DAIHATSU,AYLA,2025,MANUAL,1.0,X,,,,123000000.0
DAIHATSU,AYLA,2025,MANUAL,1.2,R,,,,126500000.0
DAIHATSU,AYLA,2025,MANUAL,1.2,R,,,,133500000.0
DAIHATSU,GRAN MAX,2011,MANUAL,1.3,MINIBUS,,,,59000000.0
DAIHATSU,GRAN MAX,2012,MANUAL,1.3,BLIND VAN,,,,60000000.0
DAIHATSU,GRAN MAX,2013,MANUAL,1.3,MINIBUS,,,,71000000.0
DAIHATSU,GRAN MAX,2015,MANUAL,1.3,D,,,,86500000.0
DAIHATSU,GRAN MAX,2015,MANUAL,1.3,PU,,,,63000000.0
DAIHATSU,GRAN MAX,2016,MANUAL,1.3,BLIND VAN,,,,78000000.0
DAIHATSU,GRAN MAX,2016,MANUAL,1.3,D,,,,100000000.0
DAIHATSU,GRAN MAX,2016,MANUAL,1.3,PU,,,,46500000.0
DAIHATSU,GRAN MAX,2017,,1.3,BV AC,131.0,74.0,56.49,
DAIHATSU,GRAN MAX,2017,,1.3,MB D,145.0,92.5,63.79,
DAIHATSU,GRAN MAX,2017,,1.3,PU,115.0,65.5,56.96,
DAIHATSU,GRAN MAX,2017,,1.3,PU BOX,134.0,70.0,52.24,
DAIHATSU,GRAN MAX,2017,,1.5,MB D,161.0,96.5,59.94,
DAIHATSU,GRAN MAX,2017,,1.5,PU,118.0,67.0,56.78,
DAIHATSU,GRAN MAX,2017,,1.5,PU BOX,138.0,76.5,55.43,
DAIHATSU,GRAN MAX,2017,MANUAL,1.3,BLIND VAN,,,,79000000.0
DAIHATSU,GRAN MAX,2017,MANUAL,1.3,BLIND VAN,,,,98000000.0
DAIHATSU,GRAN MAX,2017,MANUAL,1.3,BLIND VAN,,,,65000000.0
DAIHATSU,GRAN MAX,2017,MANUAL,1.3,BLIND VAN,,,,65000000.0
DAIHATSU,GRAN MAX,2017,MANUAL,1.3,D,,,,98500000.0
DAIHATSU,GRAN MAX,2017,MANUAL,1.3,D,,,,84000000.0
DAIHATSU,GRAN MAX,2017,MANUAL,1.3,PICK UP BOX,,,,90000000.0
DAIHATSU,GRAN MAX,2017,MANUAL,1.3,PU,,,,64500000.0
DAIHATSU,GRAN MAX,2017,MANUAL,1.3,PU,,,,75000000.0
DAIHATSU,GRAN MAX,2017,MANUAL,1.5,MINIBUS,,,,51000000.0
DAIHATSU,GRAN MAX,2017,MANUAL,1.5,PU,,,,53000000.0
DAIHATSU,GRAN MAX,2017,MANUAL,1.5,PU AC PS,,,,62000000.0
DAIHATSU,GRAN MAX,2018,,1.3,BV AC,133.0,76.0,57.14,
DAIHATSU,GRAN MAX,2018,,1.3,MB D,155.0,94.0,60.65,
DAIHATSU,GRAN MAX,2018,,1.3,PU,125.0,67.0,53.6,
DAIHATSU,GRAN MAX,2018,,1.3,PU BOX,142.0,76.0,53.52,
DAIHATSU,GRAN MAX,2018,,1.5,BV AC,151.0,83.0,54.97,
DAIHATSU,GRAN MAX,2018,,1.5,MB D,171.0,97.5,57.02,
DAIHATSU,GRAN MAX,2018,,1.5,PU,129.0,68.5,53.1,
DAIHATSU,GRAN MAX,2018,,1.5,PU BOX,147.0,79.5,54.08,
DAIHATSU,GRAN MAX,2018,MANUAL,1.3,BLIND VAN,,,,93500000.0
DAIHATSU,GRAN MAX,2018,MANUAL,1.3,BLIND VAN,,,,96500000.0
DAIHATSU,GRAN MAX,2018,MANUAL,1.3,BLIND VAN,,,,95500000.0
DAIHATSU,GRAN MAX,2018,MANUAL,1.3,BLIND VAN,,,,99000000.0
DAIHATSU,GRAN MAX,2018,MANUAL,1.3,BLIND VAN,,,,80400000.0
DAIHATSU,GRAN MAX,2018,MANUAL,1.3,BLIND VAN,,,,85500000.0
DAIHATSU,GRAN MAX,2018,MANUAL,1.3,BLIND VAN,,,,78000000.0
DAIHATSU,GRAN MAX,2018,MANUAL,1.3,D,,,,94500000.0
DAIHATSU,GRAN MAX,2018,MANUAL,1.3,D,,,,89500000.0
DAIHATSU,GRAN MAX,2018,MANUAL,1.3,MINIBUS,,,,101500000.0
DAIHATSU,GRAN MAX,2018,MANUAL,1.3,PU,,,,80500000.0
DAIHATSU,GRAN MAX,2018,MANUAL,1.3,PU,,,,89500000.0
DAIHATSU,GRAN MAX,2018,MANUAL,1.5,BLIND VAN,,,,97500000.0
DAIHATSU,GRAN MAX,2018,MANUAL,1.5,BLIND VAN,,,,70000000.0
DAIHATSU,GRAN MAX,2018,MANUAL,1.5,BLIND VAN,,,,78000000.0
DAIHATSU,GRAN MAX,2018,MANUAL,1.5,MINIBUS,,,,126000000.0
DAIHATSU,GRAN MAX,2018,MANUAL,1.5,MINIBUS,,,,95000000.0
DAIHATSU,GRAN MAX,2018,MANUAL,1.5,MINIBUS,,,,110000000.0
DAIHATSU,GRAN MAX,2018,MANUAL,1.5,PICK UP BOX,,,,97500000.0
DAIHATSU,GRAN MAX,2018,MANUAL,1.5,PU AC PS,,,,88500000.0
DAIHATSU,GRAN MAX,2018,MANUAL,1.5,PU AC PS,,,,99750000.0
DAIHATSU,GRAN MAX,2019,,1.3,BV AC,151.0,78.5,51.99,
DAIHATSU,GRAN MAX,2019,,1.3,MB D,163.0,99.0,60.74,
DAIHATSU,GRAN MAX,2019,,1.3,PU,136.0,73.0,53.68,
DAIHATSU,GRAN MAX,2019,,1.3,PU BOX,156.0,79.0,50.64,
DAIHATSU,GRAN MAX,2019,,1.5,BV AC,169.0,90.5,53.55,
DAIHATSU,GRAN MAX,2019,,1.5,MB D,179.0,103.0,57.54,
DAIHATSU,GRAN MAX,2019,,1.5,PU,140.0,75.5,53.93,
DAIHATSU,GRAN MAX,2019,,1.5,PU BOX,160.0,84.5,52.81,
DAIHATSU,GRAN MAX,2019,MANUAL,1.3,BLIND VAN,,,,100500000.0
DAIHATSU,GRAN MAX,2019,MANUAL,1.3,BLIND VAN,,,,88000000.0
DAIHATSU,GRAN MAX,2019,MANUAL,1.3,BLIND VAN,,,,108000000.0
DAIHATSU,GRAN MAX,2019,MANUAL,1.3,BLIND VAN,,,,93500000.0
DAIHATSU,GRAN MAX,2019,MANUAL,1.3,BLIND VAN,,,,88000000.0
DAIHATSU,GRAN MAX,2019,MANUAL,1.3,BLIND VAN,,,,83000000.0
DAIHATSU,GRAN MAX,2019,MANUAL,1.3,BLIND VAN,,,,62000000.0
DAIHATSU,GRAN MAX,2019,MANUAL,1.3,BLIND VAN,,,,70000000.0
DAIHATSU,GRAN MAX,2019,MANUAL,1.3,D,,,,108850000.0
DAIHATSU,GRAN MAX,2019,MANUAL,1.3,D,,,,114000000.0
DAIHATSU,GRAN MAX,2019,MANUAL,1.3,D,,,,102000000.0
DAIHATSU,GRAN MAX,2019,MANUAL,1.3,D,,,,95000000.0
DAIHATSU,GRAN MAX,2019,MANUAL,1.3,D,,,,77000000.0
DAIHATSU,GRAN MAX,2019,MANUAL,1.3,D,,,,97500000.0
DAIHATSU,GRAN MAX,2019,MANUAL,1.3,D,,,,93000000.0
DAIHATSU,GRAN MAX,2019,MANUAL,1.3,D,,,,95500000.0
DAIHATSU,GRAN MAX,2019,MANUAL,1.3,MINIBUS,,,,102000000.0
DAIHATSU,GRAN MAX,2019,MANUAL,1.3,MINIBUS,,,,96000000.0
DAIHATSU,GRAN MAX,2019,MANUAL,1.3,PICK UP BOX,,,,105500000.0
DAIHATSU,GRAN MAX,2019,MANUAL,1.3,PICK UP BOX,,,,87500000.0
DAIHATSU,GRAN MAX,2019,MANUAL,1.3,PU BOX,,,,97500000.0
DAIHATSU,GRAN MAX,2019,MANUAL,1.3,PU BOX,,,,100500000.0
DAIHATSU,GRAN MAX,2019,MANUAL,1.5,BLIND VAN,,,,119250000.0
DAIHATSU,GRAN MAX,2019,MANUAL,1.5,BLIND VAN,,,,96500000.0
DAIHATSU,GRAN MAX,2019,MANUAL,1.5,BLIND VAN,,,,98000000.0
DAIHATSU,GRAN MAX,2019,MANUAL,1.5,BLIND VAN,,,,92000000.0
DAIHATSU,GRAN MAX,2019,MANUAL,1.5,BLIND VAN,,,,77000000.0
DAIHATSU,GRAN MAX,2019,MANUAL,1.5,MINIBUS,,,,114500000.0
DAIHATSU,GRAN MAX,2019,MANUAL,1.5,PICK UP BOX,,,,83000000.0
DAIHATSU,GRAN MAX,2019,MANUAL,1.5,PICK UP BOX,,,,95000000.0
DAIHATSU,GRAN MAX,2019,MANUAL,1.5,PU AC PS,,,,105500000.0
DAIHATSU,GRAN MAX,2019,MANUAL,2.0,PU BOX,,,,103000000.0
DAIHATSU,GRAN MAX,2020,,1.3,BV AC,153.0,82.0,53.59,
DAIHATSU,GRAN MAX,2020,,1.3,MB D,172.0,106.5,61.92,
DAIHATSU,GRAN MAX,2020,,1.3,PU,140.0,80.5,57.5,
DAIHATSU,GRAN MAX,2020,,1.3,PU BOX,160.0,83.0,51.88,
DAIHATSU,GRAN MAX,2020,,1.5,BV AC,174.0,94.5,54.31,
DAIHATSU,GRAN MAX,2020,,1.5,MB D,188.0,110.5,58.78,
DAIHATSU,GRAN MAX,2020,,1.5,PU,145.0,81.0,55.86,
DAIHATSU,GRAN MAX,2020,,1.5,PU BOX,165.0,93.0,56.36,
DAIHATSU,GRAN MAX,2020,MANUAL,1.3,BLIND VAN,,,,92000000.0
DAIHATSU,GRAN MAX,2020,MANUAL,1.3,BLIND VAN,,,,80000000.0
DAIHATSU,GRAN MAX,2020,MANUAL,1.3,BLIND VAN,,,,88250000.0
DAIHATSU,GRAN MAX,2020,MANUAL,1.3,BLIND VAN,,,,103000000.0
DAIHATSU,GRAN MAX,2020,MANUAL,1.3,BLIND VAN,,,,85000000.0
DAIHATSU,GRAN MAX,2020,MANUAL,1.3,BLIND VAN,,,,85000000.0
DAIHATSU,GRAN MAX,2020,MANUAL,1.3,D,,,,119200000.0
DAIHATSU,GRAN MAX,2020,MANUAL,1.3,D,,,,123000000.0
DAIHATSU,GRAN MAX,2020,MANUAL,1.3,D,,,,110500000.0
DAIHATSU,GRAN MAX,2020,MANUAL,1.3,D,,,,102000000.0
DAIHATSU,GRAN MAX,2020,MANUAL,1.3,D,,,,114000000.0
DAIHATSU,GRAN MAX,2020,MANUAL,1.3,D,,,,103500000.0
DAIHATSU,GRAN MAX,2020,MANUAL,1.3,D,,,,95000000.0
DAIHATSU,GRAN MAX,2020,MANUAL,1.3,MINIBUS,,,,131000000.0
DAIHATSU,GRAN MAX,2020,MANUAL,1.3,MINIBUS,,,,98000000.0
DAIHATSU,GRAN MAX,2020,MANUAL,1.3,MINIBUS,,,,108500000.0
DAIHATSU,GRAN MAX,2020,MANUAL,1.3,PICK UP BOX,,,,105500000.0
DAIHATSU,GRAN MAX,2020,MANUAL,1.3,PU,,,,81000000.0
DAIHATSU,GRAN MAX,2020,MANUAL,1.5,MINIBUS,,,,112500000.0
DAIHATSU,GRAN MAX,2020,MANUAL,1.5,PICK UP BOX,,,,95000000.0
DAIHATSU,GRAN MAX,2020,MANUAL,1.5,PU AC PS,,,,99000000.0
DAIHATSU,GRAN MAX,2020,MANUAL,1.5,PU AC PS,,,,80000000.0
DAIHATSU,GRAN MAX,2020,MANUAL,1.5,PU AC PS,,,,109000000.0
DAIHATSU,GRAN MAX,2021,,1.3,BV AC,158.0,93.5,59.18,
DAIHATSU,GRAN MAX,2021,,1.3,MB D,170.0,108.0,63.53,
DAIHATSU,GRAN MAX,2021,,1.3,PU,144.0,83.0,57.64,
DAIHATSU,GRAN MAX,2021,,1.3,PU BOX,166.0,96.5,58.13,
DAIHATSU,GRAN MAX,2021,,1.5,BV AC,181.0,107.5,59.39,
DAIHATSU,GRAN MAX,2021,,1.5,MB D,179.0,120.0,67.04,
DAIHATSU,GRAN MAX,2021,,1.5,PU,149.0,90.0,60.4,
DAIHATSU,GRAN MAX,2021,,1.5,PU BOX,176.0,103.5,58.81,
DAIHATSU,GRAN MAX,2021,MANUAL,1.3,BLIND VAN,,,,92500000.0
DAIHATSU,GRAN MAX,2021,MANUAL,1.3,BLIND VAN,,,,87500000.0
DAIHATSU,GRAN MAX,2021,MANUAL,1.3,BLIND VAN,,,,85000000.0
DAIHATSU,GRAN MAX,2021,MANUAL,1.3,D,,,,116000000.0
DAIHATSU,GRAN MAX,2021,MANUAL,1.3,D,,,,116000000.0
DAIHATSU,GRAN MAX,2021,MANUAL,1.3,D,,,,125400000.0
DAIHATSU,GRAN MAX,2021,MANUAL,1.3,D,,,,124750000.0
DAIHATSU,GRAN MAX,2021,MANUAL,1.3,D,,,,114000000.0
DAIHATSU,GRAN MAX,2021,MANUAL,1.3,D,,,,121500000.0
DAIHATSU,GRAN MAX,2021,MANUAL,1.3,D,,,,89000000.0
DAIHATSU,GRAN MAX,2021,MANUAL,1.3,D,,,,114500000.0
DAIHATSU,GRAN MAX,2021,MANUAL,1.3,D,,,,107700000.0
DAIHATSU,GRAN MAX,2021,MANUAL,1.3,D,,,,106500000.0
DAIHATSU,GRAN MAX,2021,MANUAL,1.3,MINIBUS,,,,122000000.0
DAIHATSU,GRAN MAX,2021,MANUAL,1.3,MINIBUS,,,,107500000.0
DAIHATSU,GRAN MAX,2021,MANUAL,1.3,MINIBUS,,,,108666666.666667
DAIHATSU,GRAN MAX,2021,MANUAL,1.3,MINIBUS,,,,115500000.0
DAIHATSU,GRAN MAX,2021,MANUAL,1.3,PICK UP BOX,,,,99500000.0
DAIHATSU,GRAN MAX,2021,MANUAL,1.3,PICK UP BOX,,,,103500000.0
DAIHATSU,GRAN MAX,2021,MANUAL,1.3,PICK UP BOX,,,,96000000.0
DAIHATSU,GRAN MAX,2021,MANUAL,1.3,PU,,,,93000000.0
DAIHATSU,GRAN MAX,2021,MANUAL,1.3,PU,,,,57000000.0
DAIHATSU,GRAN MAX,2021,MANUAL,1.3,PU BOX,,,,105500000.0
DAIHATSU,GRAN MAX,2021,MANUAL,1.5,D,,,,109500000.0
DAIHATSU,GRAN MAX,2021,MANUAL,1.5,D,,,,134000000.0
DAIHATSU,GRAN MAX,2021,MANUAL,1.5,MINIBUS,,,,129500000.0
DAIHATSU,GRAN MAX,2021,MANUAL,1.5,MINIBUS,,,,129000000.0
DAIHATSU,GRAN MAX,2021,MANUAL,1.5,MINIBUS,,,,135500000.0
DAIHATSU,GRAN MAX,2021,MANUAL,1.5,PICK UP BOX,,,,116000000.0
DAIHATSU,GRAN MAX,2021,MANUAL,1.5,PU AC PS,,,,117500000.0
DAIHATSU,GRAN MAX,2022,,1.3,BV AC,167.0,100.5,60.18,
DAIHATSU,GRAN MAX,2022,,1.3,MB D,188.0,113.0,60.11,
DAIHATSU,GRAN MAX,2022,,1.3,PU,151.0,85.5,56.62,
DAIHATSU,GRAN MAX,2022,,1.3,PU BOX,175.0,110.5,63.14,
DAIHATSU,GRAN MAX,2022,,1.5,BV AC,185.0,112.5,60.81,
DAIHATSU,GRAN MAX,2022,,1.5,MB D,197.0,127.5,64.72,
DAIHATSU,GRAN MAX,2022,,1.5,PU,163.0,101.0,61.96,
DAIHATSU,GRAN MAX,2022,,1.5,PU BOX,181.0,113.0,62.43,
DAIHATSU,GRAN MAX,2022,MANUAL,1.3,BLIND VAN,,,,126000000.0
DAIHATSU,GRAN MAX,2022,MANUAL,1.3,BLIND VAN,,,,121000000.0
DAIHATSU,GRAN MAX,2022,MANUAL,1.3,BLIND VAN,,,,113000000.0
DAIHATSU,GRAN MAX,2022,MANUAL,1.3,BLIND VAN,,,,95000000.0
DAIHATSU,GRAN MAX,2022,MANUAL,1.3,BLIND VAN,,,,110000000.0
DAIHATSU,GRAN MAX,2022,MANUAL,1.3,BLIND VAN,,,,101500000.0
DAIHATSU,GRAN MAX,2022,MANUAL,1.3,BLIND VAN,,,,110000000.0
DAIHATSU,GRAN MAX,2022,MANUAL,1.3,BLIND VAN,,,,92250000.0
DAIHATSU,GRAN MAX,2022,MANUAL,1.3,BLIND VAN,,,,80000000.0
DAIHATSU,GRAN MAX,2022,MANUAL,1.3,BLIND VAN,,,,90000000.0
DAIHATSU,GRAN MAX,2022,MANUAL,1.3,BLIND VAN,,,,95500000.0
DAIHATSU,GRAN MAX,2022,MANUAL,1.3,PICK UP BOX,,,,113350000.0
DAIHATSU,GRAN MAX,2022,MANUAL,1.3,PICK UP BOX,,,,113350000.0
DAIHATSU,GRAN MAX,2022,MANUAL,1.3,PU,,,,100500000.0
DAIHATSU,GRAN MAX,2022,MANUAL,1.3,PU,,,,94000000.0
DAIHATSU,GRAN MAX,2022,MANUAL,1.3,PU,,,,95000000.0
DAIHATSU,GRAN MAX,2022,MANUAL,1.3,PU,,,,70000000.0
DAIHATSU,GRAN MAX,2022,MANUAL,1.3,PU,,,,93000000.0
DAIHATSU,GRAN MAX,2022,MANUAL,1.3,PU BOX,,,,105000000.0
DAIHATSU,GRAN MAX,2022,MANUAL,1.3,PU BOX,,,,85000000.0
DAIHATSU,GRAN MAX,2022,MANUAL,1.5,MINIBUS,,,,123900000.0
DAIHATSU,GRAN MAX,2022,MANUAL,1.5,MINIBUS,,,,126150000.0
DAIHATSU,GRAN MAX,2022,MANUAL,1.5,MINIBUS,,,,134000000.0
DAIHATSU,GRAN MAX,2022,MANUAL,1.5,MINIBUS,,,,128500000.0
DAIHATSU,GRAN MAX,2022,MANUAL,1.5,PU AC PS,,,,99000000.0
DAIHATSU,GRAN MAX,2022,MANUAL,1.5,PU AC PS,,,,109500000.0
DAIHATSU,GRAN MAX,2022,MANUAL,1.5,PU AC PS,,,,100500000.0
DAIHATSU,GRAN MAX,2022,MANUAL,1.5,PU AC PS,,,,70000000.0
DAIHATSU,GRAN MAX,2023,,1.3,BV AC,177.0,115.5,65.25,
DAIHATSU,GRAN MAX,2023,,1.3,MB D,201.0,135.0,67.16,
DAIHATSU,GRAN MAX,2023,,1.3,PU,158.0,91.0,57.59,
DAIHATSU,GRAN MAX,2023,,1.3,PU BOX,184.0,114.5,62.23,
DAIHATSU,GRAN MAX,2023,,1.5,BV AC,189.0,117.5,62.17,
DAIHATSU,GRAN MAX,2023,,1.5,MB D,209.0,131.0,62.68,
DAIHATSU,GRAN MAX,2023,,1.5,PU,163.0,104.5,64.11,
DAIHATSU,GRAN MAX,2023,,1.5,PU BOX,189.0,116.0,61.38,
DAIHATSU,GRAN MAX,2023,MANUAL,1.3,BLIND VAN,,,,99000000.0
DAIHATSU,GRAN MAX,2023,MANUAL,1.3,D,,,,112500000.0
DAIHATSU,GRAN MAX,2023,MANUAL,1.3,PU,,,,107000000.0
DAIHATSU,GRAN MAX,2023,MANUAL,1.3,PU,,,,101000000.0
DAIHATSU,GRAN MAX,2023,MANUAL,1.3,PU,,,,101750000.0
DAIHATSU,GRAN MAX,2023,MANUAL,1.3,PU,,,,105500000.0
DAIHATSU,GRAN MAX,2023,MANUAL,1.3,PU,,,,95000000.0
DAIHATSU,GRAN MAX,2023,MANUAL,1.5,MINIBUS,,,,131000000.0
DAIHATSU,GRAN MAX,2023,MANUAL,1.5,PU,,,,110500000.0
DAIHATSU,GRAN MAX,2023,MANUAL,1.5,PU,,,,96000000.0
DAIHATSU,GRAN MAX,2023,MANUAL,1.5,PU,,,,103000000.0
DAIHATSU,GRAN MAX,2023,MANUAL,1.5,PU AC PS,,,,123000000.0
DAIHATSU,GRAN MAX,2023,MANUAL,1.5,PU AC PS,,,,120000000.0
DAIHATSU,GRAN MAX,2023,MANUAL,1.5,PU AC PS,,,,128500000.0
DAIHATSU,GRAN MAX,2023,MANUAL,1.5,PU AC PS,,,,111000000.0
DAIHATSU,GRAN MAX,2023,MANUAL,1.5,PU AC PS,,,,97850000.0
DAIHATSU,GRAN MAX,2023,MANUAL,1.5,PU AC PS,,,,115000000.0
DAIHATSU,GRAN MAX,2023,MANUAL,1.5,PU AC PS,,,,127000000.0
DAIHATSU,GRAN MAX,2024,,1.3,BV AC,184.0,122.5,66.58,
DAIHATSU,GRAN MAX,2024,,1.3,MB D,204.0,143.5,70.34,
DAIHATSU,GRAN MAX,2024,,1.3,PU,161.0,102.0,63.35,
DAIHATSU,GRAN MAX,2024,,1.3,PU BOX,186.0,116.0,62.37,
DAIHATSU,GRAN MAX,2024,,1.5,BV AC,196.0,122.5,62.5,
DAIHATSU,GRAN MAX,2024,,1.5,MB D,224.0,138.0,61.61,
DAIHATSU,GRAN MAX,2024,,1.5,PU,167.0,130.0,77.84,
DAIHATSU,GRAN MAX,2024,,1.5,PU BOX,192.0,134.5,70.05,
DAIHATSU,GRAN MAX,2024,MANUAL,1.3,D,,,,121500000.0
DAIHATSU,GRAN MAX,2024,MANUAL,1.3,MINIBUS,,,,139000000.0
DAIHATSU,GRAN MAX,2024,MANUAL,1.3,PU,,,,110000000.0
DAIHATSU,GRAN MAX,2024,MANUAL,1.3,PU,,,,123000000.0
DAIHATSU,GRAN MAX,2024,MANUAL,1.3,PU,,,,95000000.0
DAIHATSU,GRAN MAX,2024,MANUAL,1.3,PU,,,,113000000.0
DAIHATSU,GRAN MAX,2024,MANUAL,1.3,PU,,,,108000000.0
DAIHATSU,GRAN MAX,2024,MANUAL,1.3,PU,,,,121000000.0
DAIHATSU,GRAN MAX,2024,MANUAL,1.3,PU,,,,63500000.0
DAIHATSU,GRAN MAX,2024,MANUAL,1.3,PU,,,,110500000.0
DAIHATSU,GRAN MAX,2024,MANUAL,1.5,PICK UP BOX,,,,134000000.0
DAIHATSU,GRAN MAX,2024,MANUAL,1.5,PU,,,,126000000.0
DAIHATSU,GRAN MAX,2024,MANUAL,1.5,PU,,,,135500000.0
DAIHATSU,GRAN MAX,2024,MANUAL,1.5,PU,,,,138500000.0
DAIHATSU,GRAN MAX,2024,MANUAL,1.5,PU,,,,130000000.0
DAIHATSU,GRAN MAX,2024,MANUAL,1.5,PU,,,,93000000.0
DAIHATSU,GRAN MAX,2024,MANUAL,1.5,PU,,,,143000000.0
DAIHATSU,GRAN MAX,2024,MANUAL,1.5,PU,,,,120000000.0
DAIHATSU,GRAN MAX,2024,MANUAL,1.5,PU,,,,84500000.0
DAIHATSU,GRAN MAX,2024,MANUAL,1.5,PU,,,,80300000.0
DAIHATSU,GRAN MAX,2024,MANUAL,1.5,PU,,,,102000000.0
DAIHATSU,GRAN MAX,2024,MANUAL,1.5,PU AC PS,,,,111500000.0
DAIHATSU,GRAN MAX,2024,MANUAL,1.5,PU AC PS,,,,131000000.0
DAIHATSU,GRAN MAX,2024,MANUAL,1.5,PU AC PS,,,,115000000.0
DAIHATSU,GRAN MAX,2024,MANUAL,1.5,PU AC PS,,,,124000000.0
DAIHATSU,GRAN MAX,2024,MANUAL,1.5,PU AC PS,,,,118000000.0
DAIHATSU,GRAN MAX,2024,MANUAL,1.5,PU AC PS,,,,114500000.0
DAIHATSU,GRAN MAX,2024,MANUAL,1.5,PU AC PS,,,,95000000.0
DAIHATSU,GRAN MAX,2024,MANUAL,1.5,PU AC PS,,,,99750000.0
DAIHATSU,GRAN MAX,2024,MANUAL,1.5,PU AC PS,,,,131500000.0
DAIHATSU,GRAN MAX,2024,MANUAL,1.5,PU AC PS,,,,130000000.0
DAIHATSU,GRAN MAX,2025,MANUAL,1.3,PU,,,,122000000.0
DAIHATSU,GRAN MAX,2025,MANUAL,1.3,PU,,,,122500000.0
DAIHATSU,GRAN MAX,2025,MANUAL,1.3,PU,,,,116500000.0
DAIHATSU,GRAN MAX,2025,MANUAL,1.3,PU,,,,120500000.0
DAIHATSU,GRAN MAX,2025,MANUAL,1.3,PU,,,,118000000.0
DAIHATSU,GRAN MAX,2025,MANUAL,1.3,PU,,,,109000000.0
DAIHATSU,GRAN MAX,2025,MANUAL,1.3,PU,,,,126500000.0
DAIHATSU,GRAN MAX,2025,MANUAL,1.3,PU,,,,135500000.0
DAIHATSU,GRAN MAX,2025,MANUAL,1.3,PU,,,,128500000.0
DAIHATSU,GRAN MAX,2025,MANUAL,1.3,PU BOX,,,,130500000.0
DAIHATSU,GRAN MAX,2025,MANUAL,1.5,PU,,,,143000000.0
DAIHATSU,GRAN MAX,2025,MANUAL,1.5,PU,,,,110000000.0
DAIHATSU,GRAN MAX,2025,MANUAL,1.5,PU,,,,122500000.0
DAIHATSU,GRAN MAX,2025,MANUAL,1.5,PU,,,,129500000.0
DAIHATSU,GRAN MAX,2025,MANUAL,1.5,PU,,,,101500000.0
DAIHATSU,GRAN MAX,2025,MANUAL,1.5,PU,,,,138000000.0
DAIHATSU,GRAN MAX,2025,MANUAL,1.5,PU,,,,123000000.0
DAIHATSU,GRAN MAX,2025,MANUAL,1.5,PU,,,,125000000.0
DAIHATSU,GRAN MAX,2025,MANUAL,1.5,PU,,,,130000000.0
DAIHATSU,GRAN MAX,2025,MANUAL,1.5,PU AC PS,,,,135000000.0
DAIHATSU,GRAN MAX,2025,MANUAL,1.5,PU AC PS,,,,125500000.0
DAIHATSU,GRAN MAX,2025,MANUAL,1.5,PU AC PS,,,,131500000.0
DAIHATSU,GRAN MAX,2025,MANUAL,1.5,PU AC PS,,,,133000000.0
DAIHATSU,GRAN MAX,2025,MANUAL,1.5,PU AC PS,,,,139000000.0
DAIHATSU,GRAN MAX,2025,MANUAL,1.5,PU AC PS,,,,130500000.0
DAIHATSU,GRAN MAX,2025,MANUAL,1.5,PU AC PS,,,,122250000.0
DAIHATSU,GRAN MAX,2025,MANUAL,1.5,PU AC PS,,,,136000000.0
DAIHATSU,GRAN MAX,2025,MANUAL,1.5,PU AC PS,,,,150000000.0
DAIHATSU,GRAN MAX,2025,MANUAL,1.5,PU AC PS,,,,141500000.0
DAIHATSU,GRAN MAX,2026,MANUAL,1.5,PU AC PS,,,,159000000.0
DAIHATSU,LUXIO,2010,AUTOMATIC,1.5,X,,,,74500000.0
DAIHATSU,LUXIO,2011,MANUAL,1.5,D,,,,69000000.0
DAIHATSU,LUXIO,2012,AUTOMATIC,1.5,X,,,,87500000.0
DAIHATSU,LUXIO,2012,MANUAL,1.5,M,,,,51000000.0
DAIHATSU,LUXIO,2013,MANUAL,1.5,M,,,,73000000.0
DAIHATSU,LUXIO,2014,MANUAL,1.5,X,,,,96500000.0
DAIHATSU,LUXIO,2015,MANUAL,1.5,X,,,,114500000.0
DAIHATSU,LUXIO,2016,MANUAL,1.5,X,,,,127500000.0
DAIHATSU,LUXIO,2017,AUTOMATIC,1.5,X,204.0,116.0,56.86,
DAIHATSU,LUXIO,2017,MANUAL,1.5,D,175.0,99.0,56.57,
DAIHATSU,LUXIO,2017,MANUAL,1.5,X,193.0,111.0,57.51,
DAIHATSU,LUXIO,2018,AUTOMATIC,1.5,X,214.0,124.0,57.94,
DAIHATSU,LUXIO,2018,MANUAL,1.5,D,185.0,109.5,59.19,123000000.0
DAIHATSU,LUXIO,2018,MANUAL,1.5,X,203.0,116.5,57.39,
DAIHATSU,LUXIO,2019,AUTOMATIC,1.5,X,222.0,138.5,62.39,
DAIHATSU,LUXIO,2019,MANUAL,1.5,D,193.0,114.0,59.07,116000000.0
DAIHATSU,LUXIO,2019,MANUAL,1.5,D,193.0,114.0,59.07,126000000.0
DAIHATSU,LUXIO,2019,MANUAL,1.5,D,193.0,114.0,59.07,118500000.0
DAIHATSU,LUXIO,2019,MANUAL,1.5,D,193.0,114.0,59.07,160500000.0
DAIHATSU,LUXIO,2019,MANUAL,1.5,D,193.0,114.0,59.07,74500000.0
DAIHATSU,LUXIO,2019,MANUAL,1.5,X,211.0,131.5,62.32,154500000.0
DAIHATSU,LUXIO,2020,AUTOMATIC,1.5,X,233.0,149.5,64.16,
DAIHATSU,LUXIO,2020,MANUAL,1.5,D,204.0,121.5,59.56,
DAIHATSU,LUXIO,2020,MANUAL,1.5,X,222.0,143.0,64.41,
DAIHATSU,LUXIO,2021,AUTOMATIC,1.5,X,236.0,151.0,63.98,
DAIHATSU,LUXIO,2021,MANUAL,1.5,D,206.0,126.5,61.41,138500000.0
DAIHATSU,LUXIO,2021,MANUAL,1.5,D,206.0,126.5,61.41,136500000.0
DAIHATSU,LUXIO,2021,MANUAL,1.5,X,224.0,147.0,65.62,170000000.0
DAIHATSU,LUXIO,2021,MANUAL,1.5,X,224.0,147.0,65.62,115000000.0
DAIHATSU,LUXIO,2021,MANUAL,1.5,X,224.0,147.0,65.62,150000000.0
DAIHATSU,LUXIO,2022,AUTOMATIC,1.5,X,258.0,159.5,61.82,153500000.0
DAIHATSU,LUXIO,2022,MANUAL,1.5,D,226.0,130.5,57.74,130000000.0
DAIHATSU,LUXIO,2022,MANUAL,1.5,X,246.0,153.0,62.2,157500000.0
DAIHATSU,LUXIO,2023,AUTOMATIC,1.5,X,262.0,175.5,66.98,183000000.0
DAIHATSU,LUXIO,2023,MANUAL,1.5,D,230.0,148.5,64.57,
DAIHATSU,LUXIO,2023,MANUAL,1.5,X,250.0,165.5,66.2,155000000.0
DAIHATSU,LUXIO,2024,AUTOMATIC,1.5,X,267.0,195.5,73.22,142000000.0
DAIHATSU,LUXIO,2024,MANUAL,1.5,D,236.0,167.5,70.97,170000000.0
DAIHATSU,LUXIO,2024,MANUAL,1.5,X,255.0,190.5,74.71,
DAIHATSU,LUXIO,2025,AUTOMATIC,1.5,X,,,,184000000.0
DAIHATSU,LUXIO,2025,MANUAL,1.5,X,,,,145000000.0
DAIHATSU,LUXIO,2026,MANUAL,1.5,X,,,,212000000.0
DAIHATSU,ROCKY,2021,,1.0,R TC CVT ADS,235.0,138.5,58.94,
DAIHATSU,ROCKY,2021,AUTOMATIC,1.0,R,,,,149500000.0
DAIHATSU,ROCKY,2021,AUTOMATIC,1.0,R,,,,147000000.0
DAIHATSU,ROCKY,2021,AUTOMATIC,1.2,M,194.0,126.5,65.21,
DAIHATSU,ROCKY,2021,AUTOMATIC,1.2,X,207.0,124.0,59.9,146000000.0
DAIHATSU,ROCKY,2021,AUTOMATIC,1.2,X,207.0,124.0,59.9,138500000.0
DAIHATSU,ROCKY,2021,MANUAL,1.0,R,,,,147000000.0
DAIHATSU,ROCKY,2021,MANUAL,1.0,R,,,,136500000.0
DAIHATSU,ROCKY,2021,MANUAL,1.0,R TC,214.0,137.0,64.02,
DAIHATSU,ROCKY,2021,MANUAL,1.2,M,180.0,112.0,62.22,123000000.0
DAIHATSU,ROCKY,2021,MANUAL,1.2,X,191.0,120.0,62.83,140000000.0
DAIHATSU,ROCKY,2021,MANUAL,1.2,X,191.0,120.0,62.83,143500000.0
DAIHATSU,ROCKY,2021,MANUAL,1.2,X,191.0,120.0,62.83,124000000.0
DAIHATSU,ROCKY,2021,MANUAL,1.2,X,191.0,120.0,62.83,121000000.0
DAIHATSU,ROCKY,2022,,1.0,R TC CVT ADS,259.0,153.0,59.07,
DAIHATSU,ROCKY,2022,AUTOMATIC,1.0,R,,,,141000000.0
DAIHATSU,ROCKY,2022,AUTOMATIC,1.0,R,,,,145500000.0
DAIHATSU,ROCKY,2022,AUTOMATIC,1.2,M,223.0,133.0,59.64,
DAIHATSU,ROCKY,2022,AUTOMATIC,1.2,X,237.0,145.0,61.18,154500000.0
DAIHATSU,ROCKY,2022,AUTOMATIC,1.2,X,237.0,145.0,61.18,167000000.0
DAIHATSU,ROCKY,2022,AUTOMATIC,1.2,X,237.0,145.0,61.18,138000000.0
DAIHATSU,ROCKY,2022,AUTOMATIC,1.2,X,237.0,145.0,61.18,110000000.0
DAIHATSU,ROCKY,2022,MANUAL,1.0,R TC,245.0,149.0,60.82,
DAIHATSU,ROCKY,2022,MANUAL,1.2,M,205.0,118.0,57.56,
DAIHATSU,ROCKY,2022,MANUAL,1.2,X,219.0,130.0,59.36,148000000.0
DAIHATSU,ROCKY,2022,MANUAL,1.2,X,219.0,130.0,59.36,136500000.0
DAIHATSU,ROCKY,2022,MANUAL,1.2,X,219.0,130.0,59.36,126500000.0
DAIHATSU,ROCKY,2023,,1.0,R TC CVT ADS,262.0,165.5,63.17,
DAIHATSU,ROCKY,2023,AUTOMATIC,1.2,M,225.0,136.5,60.67,
DAIHATSU,ROCKY,2023,AUTOMATIC,1.2,X,239.0,149.5,62.55,163500000.0
DAIHATSU,ROCKY,2023,AUTOMATIC,1.2,X,239.0,149.5,62.55,168000000.0
DAIHATSU,ROCKY,2023,AUTOMATIC,1.2,X,239.0,149.5,62.55,159000000.0
DAIHATSU,ROCKY,2023,MANUAL,1.0,R TC,247.0,157.5,63.77,
DAIHATSU,ROCKY,2023,MANUAL,1.2,M,207.0,121.0,58.45,
DAIHATSU,ROCKY,2023,MANUAL,1.2,X,221.0,134.5,60.86,132500000.0
DAIHATSU,ROCKY,2023,MANUAL,1.2,X,221.0,134.5,60.86,131000000.0
DAIHATSU,ROCKY,2023,MANUAL,1.2,X,221.0,134.5,60.86,117500000.0
DAIHATSU,ROCKY,2023,MANUAL,1.2,X,221.0,134.5,60.86,133000000.0
DAIHATSU,ROCKY,2024,,1.0,R TC CVT ADS,265.0,170.5,64.34,
DAIHATSU,ROCKY,2024,AUTOMATIC,1.0,R,,,,172000000.0
DAIHATSU,ROCKY,2024,AUTOMATIC,1.0,R,,,,170000000.0
DAIHATSU,ROCKY,2024,AUTOMATIC,1.2,M,228.0,142.5,62.5,
DAIHATSU,ROCKY,2024,AUTOMATIC,1.2,X,242.0,156.0,64.46,162500000.0
DAIHATSU,ROCKY,2024,AUTOMATIC,1.2,X,242.0,156.0,64.46,164500000.0
DAIHATSU,ROCKY,2024,MANUAL,0.0,X,,,,162000000.0
DAIHATSU,ROCKY,2024,MANUAL,1.0,R TC,250.0,162.0,64.8,
DAIHATSU,ROCKY,2024,MANUAL,1.2,M,210.0,122.5,58.33,
DAIHATSU,ROCKY,2024,MANUAL,1.2,X,224.0,147.5,65.85,180000000.0
DAIHATSU,ROCKY,2025,AUTOMATIC,1.2,X,,,,187000000.0
DAIHATSU,ROCKY,2025,AUTOMATIC,1.2,X,,,,173500000.0
DAIHATSU,ROCKY,2025,MANUAL,1.2,X,,,,170000000.0
DAIHATSU,ROCKY,2025,MANUAL,1.2,X,,,,190500000.0
DAIHATSU,ROCKY,2025,MANUAL,1.2,X,,,,150000000.0
DAIHATSU,ROCKY,2025,MANUAL,1.2,X,,,,175000000.0
DAIHATSU,SIGRA,2016,AUTOMATIC,1.2,R,,,,70000000.0
DAIHATSU,SIGRA,2016,AUTOMATIC,1.2,R,,,,76000000.0
DAIHATSU,SIGRA,2016,AUTOMATIC,1.2,R,,,,64000000.0
DAIHATSU,SIGRA,2016,MANUAL,1.2,R,,,,75000000.0
DAIHATSU,SIGRA,2016,MANUAL,1.2,R,,,,74500000.0
DAIHATSU,SIGRA,2016,MANUAL,1.2,R,,,,69250000.0
DAIHATSU,SIGRA,2016,MANUAL,1.2,R,,,,78000000.0
DAIHATSU,SIGRA,2016,MANUAL,1.2,R,,,,77000000.0
DAIHATSU,SIGRA,2017,AUTOMATIC,1.2,R,145.0,81.5,56.21,80250000.0
DAIHATSU,SIGRA,2017,AUTOMATIC,1.2,R,145.0,81.5,56.21,81000000.0
DAIHATSU,SIGRA,2017,AUTOMATIC,1.2,X,140.0,77.5,55.36,73000000.0
DAIHATSU,SIGRA,2017,MANUAL,1.0,D,109.0,58.0,53.21,
DAIHATSU,SIGRA,2017,MANUAL,1.0,M,118.0,67.0,56.78,63750000.0
DAIHATSU,SIGRA,2017,MANUAL,1.2,R,133.0,76.0,57.14,86500000.0
DAIHATSU,SIGRA,2017,MANUAL,1.2,R,133.0,76.0,57.14,84500000.0
DAIHATSU,SIGRA,2017,MANUAL,1.2,R,133.0,76.0,57.14,73700000.0
DAIHATSU,SIGRA,2017,MANUAL,1.2,R,133.0,76.0,57.14,82500000.0
DAIHATSU,SIGRA,2017,MANUAL,1.2,R,133.0,76.0,57.14,80500000.0
DAIHATSU,SIGRA,2017,MANUAL,1.2,X,127.0,73.5,57.87,
DAIHATSU,SIGRA,2018,AUTOMATIC,1.2,R,148.0,90.5,61.15,88500000.0
DAIHATSU,SIGRA,2018,AUTOMATIC,1.2,R,148.0,90.5,61.15,84000000.0
DAIHATSU,SIGRA,2018,AUTOMATIC,1.2,R,148.0,90.5,61.15,79500000.0
DAIHATSU,SIGRA,2018,AUTOMATIC,1.2,R,148.0,90.5,61.15,71000000.0
DAIHATSU,SIGRA,2018,AUTOMATIC,1.2,R,148.0,90.5,61.15,79000000.0
DAIHATSU,SIGRA,2018,AUTOMATIC,1.2,X,142.0,80.5,56.69,87500000.0
DAIHATSU,SIGRA,2018,MANUAL,1.0,D,111.0,68.5,61.71,
DAIHATSU,SIGRA,2018,MANUAL,1.0,M,120.0,69.5,57.92,76000000.0
DAIHATSU,SIGRA,2018,MANUAL,1.0,M,120.0,69.5,57.92,72000000.0
DAIHATSU,SIGRA,2018,MANUAL,1.2,R,135.0,82.0,60.74,99000000.0
DAIHATSU,SIGRA,2018,MANUAL,1.2,R,135.0,82.0,60.74,93500000.0
DAIHATSU,SIGRA,2018,MANUAL,1.2,R,135.0,82.0,60.74,95500000.0
DAIHATSU,SIGRA,2018,MANUAL,1.2,R,135.0,82.0,60.74,93500000.0
DAIHATSU,SIGRA,2018,MANUAL,1.2,R,135.0,82.0,60.74,78000000.0
DAIHATSU,SIGRA,2018,MANUAL,1.2,R,135.0,82.0,60.74,79000000.0
DAIHATSU,SIGRA,2018,MANUAL,1.2,R,135.0,82.0,60.74,87000000.0
DAIHATSU,SIGRA,2018,MANUAL,1.2,X,129.0,76.5,59.3,88000000.0
DAIHATSU,SIGRA,2018,MANUAL,1.2,X,129.0,76.5,59.3,84000000.0
DAIHATSU,SIGRA,2019,AUTOMATIC,1.2,R,151.0,98.0,64.9,96500000.0
DAIHATSU,SIGRA,2019,AUTOMATIC,1.2,R,151.0,98.0,64.9,95500000.0
DAIHATSU,SIGRA,2019,AUTOMATIC,1.2,R,151.0,98.0,64.9,105500000.0
DAIHATSU,SIGRA,2019,AUTOMATIC,1.2,R,151.0,98.0,64.9,98500000.0
DAIHATSU,SIGRA,2019,AUTOMATIC,1.2,X,145.0,83.5,57.59,108500000.0
DAIHATSU,SIGRA,2019,MANUAL,1.0,D,114.0,71.5,62.72,75000000.0
DAIHATSU,SIGRA,2019,MANUAL,1.0,D,114.0,71.5,62.72,89500000.0
DAIHATSU,SIGRA,2019,MANUAL,1.0,D,114.0,71.5,62.72,56500000.0
DAIHATSU,SIGRA,2019,MANUAL,1.0,M,123.0,74.5,60.57,84000000.0
DAIHATSU,SIGRA,2019,MANUAL,1.0,M,123.0,74.5,60.57,76000000.0
DAIHATSU,SIGRA,2019,MANUAL,1.2,R,138.0,84.0,60.87,91000000.0
DAIHATSU,SIGRA,2019,MANUAL,1.2,R,138.0,84.0,60.87,100000000.0
DAIHATSU,SIGRA,2019,MANUAL,1.2,R,138.0,84.0,60.87,93000000.0
DAIHATSU,SIGRA,2019,MANUAL,1.2,R,138.0,84.0,60.87,83000000.0
DAIHATSU,SIGRA,2019,MANUAL,1.2,R,138.0,84.0,60.87,93000000.0
DAIHATSU,SIGRA,2019,MANUAL,1.2,X,132.0,80.5,60.98,88750000.0
DAIHATSU,SIGRA,2019,MANUAL,1.2,X,132.0,80.5,60.98,81000000.0
DAIHATSU,SIGRA,2020,AUTOMATIC,1.2,R,157.0,100.5,64.01,107000000.0
DAIHATSU,SIGRA,2020,AUTOMATIC,1.2,R,157.0,100.5,64.01,106500000.0
DAIHATSU,SIGRA,2020,AUTOMATIC,1.2,R,157.0,100.5,64.01,107000000.0
DAIHATSU,SIGRA,2020,AUTOMATIC,1.2,R,157.0,100.5,64.01,114500000.0
DAIHATSU,SIGRA,2020,AUTOMATIC,1.2,R,157.0,100.5,64.01,104000000.0
DAIHATSU,SIGRA,2020,AUTOMATIC,1.2,R,157.0,100.5,64.01,85500000.0
DAIHATSU,SIGRA,2020,AUTOMATIC,1.2,X,151.0,87.5,57.95,96000000.0
DAIHATSU,SIGRA,2020,MANUAL,1.0,D,118.0,73.5,62.29,88000000.0
DAIHATSU,SIGRA,2020,MANUAL,1.0,D,118.0,73.5,62.29,76000000.0
DAIHATSU,SIGRA,2020,MANUAL,1.0,D,118.0,73.5,62.29,80000000.0
DAIHATSU,SIGRA,2020,MANUAL,1.0,D,118.0,73.5,62.29,71000000.0
DAIHATSU,SIGRA,2020,MANUAL,1.0,D,118.0,73.5,62.29,95000000.0
DAIHATSU,SIGRA,2020,MANUAL,1.0,M,129.0,77.5,60.08,80000000.0
DAIHATSU,SIGRA,2020,MANUAL,1.0,M,129.0,77.5,60.08,84500000.0
DAIHATSU,SIGRA,2020,MANUAL,1.0,M,129.0,77.5,60.08,83500000.0
DAIHATSU,SIGRA,2020,MANUAL,1.2,R,144.0,87.0,60.42,96000000.0
DAIHATSU,SIGRA,2020,MANUAL,1.2,R,144.0,87.0,60.42,99500000.0
DAIHATSU,SIGRA,2020,MANUAL,1.2,R,144.0,87.0,60.42,111500000.0
DAIHATSU,SIGRA,2020,MANUAL,1.2,R,144.0,87.0,60.42,97000000.0
DAIHATSU,SIGRA,2020,MANUAL,1.2,X,136.0,84.5,62.13,97250000.0
DAIHATSU,SIGRA,2020,MANUAL,1.2,X,136.0,84.5,62.13,94500000.0
DAIHATSU,SIGRA,2020,MANUAL,1.2,X,136.0,84.5,62.13,90000000.0
DAIHATSU,SIGRA,2020,MANUAL,1.2,X,136.0,84.5,62.13,93000000.0
DAIHATSU,SIGRA,2020,MANUAL,1.2,X,136.0,84.5,62.13,95500000.0
DAIHATSU,SIGRA,2021,AUTOMATIC,1.2,R,160.0,106.0,66.25,109000000.0
DAIHATSU,SIGRA,2021,AUTOMATIC,1.2,R,160.0,106.0,66.25,98000000.0
DAIHATSU,SIGRA,2021,AUTOMATIC,1.2,R,160.0,106.0,66.25,96000000.0
DAIHATSU,SIGRA,2021,AUTOMATIC,1.2,X,158.0,90.5,57.28,94500000.0
DAIHATSU,SIGRA,2021,AUTOMATIC,1.2,X,158.0,90.5,57.28,99500000.0
DAIHATSU,SIGRA,2021,MANUAL,1.0,D,121.0,77.0,63.64,81500000.0
DAIHATSU,SIGRA,2021,MANUAL,1.0,D,121.0,77.0,63.64,74000000.0
DAIHATSU,SIGRA,2021,MANUAL,1.0,D,121.0,77.0,63.64,81000000.0
DAIHATSU,SIGRA,2021,MANUAL,1.0,D,121.0,77.0,63.64,66000000.0
DAIHATSU,SIGRA,2021,MANUAL,1.0,D,121.0,77.0,63.64,82250000.0
DAIHATSU,SIGRA,2021,MANUAL,1.0,D,121.0,77.0,63.64,70000000.0
DAIHATSU,SIGRA,2021,MANUAL,1.0,D,121.0,77.0,63.64,83000000.0
DAIHATSU,SIGRA,2021,MANUAL,1.0,M,131.0,80.5,61.45,89500000.0
DAIHATSU,SIGRA,2021,MANUAL,1.0,M,131.0,80.5,61.45,95000000.0
DAIHATSU,SIGRA,2021,MANUAL,1.0,M,131.0,80.5,61.45,77500000.0
DAIHATSU,SIGRA,2021,MANUAL,1.0,M,131.0,80.5,61.45,86000000.0
DAIHATSU,SIGRA,2021,MANUAL,1.2,R,147.0,98.5,67.01,115000000.0
DAIHATSU,SIGRA,2021,MANUAL,1.2,R,147.0,98.5,67.01,96500000.0
DAIHATSU,SIGRA,2021,MANUAL,1.2,R,147.0,98.5,67.01,113000000.0
DAIHATSU,SIGRA,2021,MANUAL,1.2,R,147.0,98.5,67.01,109500000.0
DAIHATSU,SIGRA,2021,MANUAL,1.2,R,147.0,98.5,67.01,99500000.0
DAIHATSU,SIGRA,2021,MANUAL,1.2,R,147.0,98.5,67.01,107500000.0
DAIHATSU,SIGRA,2021,MANUAL,1.2,R,147.0,98.5,67.01,112000000.0
DAIHATSU,SIGRA,2021,MANUAL,1.2,R,147.0,98.5,67.01,112500000.0
DAIHATSU,SIGRA,2021,MANUAL,1.2,R,147.0,98.5,67.01,74000000.0
DAIHATSU,SIGRA,2021,MANUAL,1.2,R,147.0,98.5,67.01,114000000.0
DAIHATSU,SIGRA,2021,MANUAL,1.2,X,141.0,86.0,60.99,84500000.0
DAIHATSU,SIGRA,2021,MANUAL,1.2,X,141.0,86.0,60.99,105500000.0
DAIHATSU,SIGRA,2021,MANUAL,1.2,X,141.0,86.0,60.99,84850000.0
DAIHATSU,SIGRA,2021,MANUAL,1.2,X,141.0,86.0,60.99,98000000.0
DAIHATSU,SIGRA,2021,MANUAL,1.2,X,141.0,86.0,60.99,97000000.0
DAIHATSU,SIGRA,2022,AUTOMATIC,1.2,R,171.0,109.0,63.74,122000000.0
DAIHATSU,SIGRA,2022,AUTOMATIC,1.2,R,171.0,109.0,63.74,108000000.0
DAIHATSU,SIGRA,2022,AUTOMATIC,1.2,R,171.0,109.0,63.74,100000000.0
DAIHATSU,SIGRA,2022,AUTOMATIC,1.2,R,171.0,109.0,63.74,94500000.0
DAIHATSU,SIGRA,2022,AUTOMATIC,1.2,R,171.0,109.0,63.74,113750000.0
DAIHATSU,SIGRA,2022,AUTOMATIC,1.2,X,163.0,100.0,61.35,93500000.0
DAIHATSU,SIGRA,2022,AUTOMATIC,1.2,X,163.0,100.0,61.35,105000000.0
DAIHATSU,SIGRA,2022,MANUAL,1.0,D,129.0,80.5,62.4,90000000.0
DAIHATSU,SIGRA,2022,MANUAL,1.0,D,129.0,80.5,62.4,85250000.0
DAIHATSU,SIGRA,2022,MANUAL,1.0,D,129.0,80.5,62.4,89000000.0
DAIHATSU,SIGRA,2022,MANUAL,1.0,D,129.0,80.5,62.4,85000000.0
DAIHATSU,SIGRA,2022,MANUAL,1.0,D,129.0,80.5,62.4,83000000.0
DAIHATSU,SIGRA,2022,MANUAL,1.0,D,129.0,80.5,62.4,82750000.0
DAIHATSU,SIGRA,2022,MANUAL,1.0,D,129.0,80.5,62.4,90000000.0
DAIHATSU,SIGRA,2022,MANUAL,1.0,D,129.0,80.5,62.4,68000000.0
DAIHATSU,SIGRA,2022,MANUAL,1.0,D,129.0,80.5,62.4,77500000.0
DAIHATSU,SIGRA,2022,MANUAL,1.0,M,140.0,85.5,61.07,97000000.0
DAIHATSU,SIGRA,2022,MANUAL,1.0,M,140.0,85.5,61.07,103500000.0
DAIHATSU,SIGRA,2022,MANUAL,1.0,M,140.0,85.5,61.07,86500000.0
DAIHATSU,SIGRA,2022,MANUAL,1.0,M,140.0,85.5,61.07,92000000.0
DAIHATSU,SIGRA,2022,MANUAL,1.0,M,140.0,85.5,61.07,81000000.0
DAIHATSU,SIGRA,2022,MANUAL,1.0,M,140.0,85.5,61.07,93500000.0
DAIHATSU,SIGRA,2022,MANUAL,1.2,R,156.0,105.0,67.31,114000000.0
DAIHATSU,SIGRA,2022,MANUAL,1.2,R,156.0,105.0,67.31,113000000.0
DAIHATSU,SIGRA,2022,MANUAL,1.2,R,156.0,105.0,67.31,100500000.0
DAIHATSU,SIGRA,2022,MANUAL,1.2,R,156.0,105.0,67.31,121000000.0
DAIHATSU,SIGRA,2022,MANUAL,1.2,R,156.0,105.0,67.31,100000000.0
DAIHATSU,SIGRA,2022,MANUAL,1.2,R,156.0,105.0,67.31,103000000.0
DAIHATSU,SIGRA,2022,MANUAL,1.2,R,156.0,105.0,67.31,109000000.0
DAIHATSU,SIGRA,2022,MANUAL,1.2,R,156.0,105.0,67.31,106500000.0
DAIHATSU,SIGRA,2022,MANUAL,1.2,R,156.0,105.0,67.31,110000000.0
DAIHATSU,SIGRA,2022,MANUAL,1.2,X,150.0,88.5,59.0,100000000.0
DAIHATSU,SIGRA,2022,MANUAL,1.2,X,150.0,88.5,59.0,107500000.0
DAIHATSU,SIGRA,2022,MANUAL,1.2,X,150.0,88.5,59.0,112500000.0
DAIHATSU,SIGRA,2022,MANUAL,1.2,X,150.0,88.5,59.0,91500000.0
DAIHATSU,SIGRA,2022,MANUAL,1.2,X,150.0,88.5,59.0,106000000.0
DAIHATSU,SIGRA,2022,MANUAL,1.2,X,150.0,88.5,59.0,110000000.0
DAIHATSU,SIGRA,2022,MANUAL,1.2,X,150.0,88.5,59.0,101500000.0
DAIHATSU,SIGRA,2023,AUTOMATIC,1.2,R,178.0,114.0,64.04,124000000.0
DAIHATSU,SIGRA,2023,AUTOMATIC,1.2,R,178.0,114.0,64.04,119500000.0
DAIHATSU,SIGRA,2023,AUTOMATIC,1.2,R,178.0,114.0,64.04,121500000.0
DAIHATSU,SIGRA,2023,AUTOMATIC,1.2,R,178.0,114.0,64.04,122000000.0
DAIHATSU,SIGRA,2023,AUTOMATIC,1.2,X,169.0,103.0,60.95,77000000.0
DAIHATSU,SIGRA,2023,MANUAL,1.0,D,136.0,82.5,60.66,95000000.0
DAIHATSU,SIGRA,2023,MANUAL,1.0,D,136.0,82.5,60.66,96500000.0
DAIHATSU,SIGRA,2023,MANUAL,1.0,D,136.0,82.5,60.66,93500000.0
DAIHATSU,SIGRA,2023,MANUAL,1.0,D,136.0,82.5,60.66,91000000.0
DAIHATSU,SIGRA,2023,MANUAL,1.0,D,136.0,82.5,60.66,85500000.0
DAIHATSU,SIGRA,2023,MANUAL,1.0,D,136.0,82.5,60.66,83500000.0
DAIHATSU,SIGRA,2023,MANUAL,1.0,D,136.0,82.5,60.66,95500000.0
DAIHATSU,SIGRA,2023,MANUAL,1.0,D,136.0,82.5,60.66,72000000.0
DAIHATSU,SIGRA,2023,MANUAL,1.0,D,136.0,82.5,60.66,83000000.0
DAIHATSU,SIGRA,2023,MANUAL,1.0,D,136.0,82.5,60.66,95000000.0
DAIHATSU,SIGRA,2023,MANUAL,1.0,M,146.0,89.5,61.3,107000000.0
DAIHATSU,SIGRA,2023,MANUAL,1.0,M,146.0,89.5,61.3,102000000.0
DAIHATSU,SIGRA,2023,MANUAL,1.0,M,146.0,89.5,61.3,95000000.0
DAIHATSU,SIGRA,2023,MANUAL,1.0,M,146.0,89.5,61.3,112500000.0
DAIHATSU,SIGRA,2023,MANUAL,1.0,M,146.0,89.5,61.3,94000000.0
DAIHATSU,SIGRA,2023,MANUAL,1.0,M,146.0,89.5,61.3,106000000.0
DAIHATSU,SIGRA,2023,MANUAL,1.0,M,146.0,89.5,61.3,97250000.0
DAIHATSU,SIGRA,2023,MANUAL,1.0,M,146.0,89.5,61.3,99000000.0
DAIHATSU,SIGRA,2023,MANUAL,1.0,M,146.0,89.5,61.3,90250000.0
DAIHATSU,SIGRA,2023,MANUAL,1.0,M,146.0,89.5,61.3,86000000.0
DAIHATSU,SIGRA,2023,MANUAL,1.0,M,146.0,89.5,61.3,98000000.0
DAIHATSU,SIGRA,2023,MANUAL,1.0,M,146.0,89.5,61.3,88000000.0
DAIHATSU,SIGRA,2023,MANUAL,1.0,M,146.0,89.5,61.3,97850000.0
DAIHATSU,SIGRA,2023,MANUAL,1.2,R,163.0,109.5,67.18,117000000.0
DAIHATSU,SIGRA,2023,MANUAL,1.2,R,163.0,109.5,67.18,111500000.0
DAIHATSU,SIGRA,2023,MANUAL,1.2,R,163.0,109.5,67.18,120250000.0
DAIHATSU,SIGRA,2023,MANUAL,1.2,R,163.0,109.5,67.18,112000000.0
DAIHATSU,SIGRA,2023,MANUAL,1.2,R,163.0,109.5,67.18,105850000.0
DAIHATSU,SIGRA,2023,MANUAL,1.2,R,163.0,109.5,67.18,105000000.0
DAIHATSU,SIGRA,2023,MANUAL,1.2,R,163.0,109.5,67.18,121000000.0
DAIHATSU,SIGRA,2023,MANUAL,1.2,R,163.0,109.5,67.18,100650000.0
DAIHATSU,SIGRA,2023,MANUAL,1.2,R,163.0,109.5,67.18,123250000.0
DAIHATSU,SIGRA,2023,MANUAL,1.2,R,163.0,109.5,67.18,104000000.0
DAIHATSU,SIGRA,2023,MANUAL,1.2,R,163.0,109.5,67.18,111500000.0
DAIHATSU,SIGRA,2023,MANUAL,1.2,R,163.0,109.5,67.18,105000000.0
DAIHATSU,SIGRA,2023,MANUAL,1.2,X,156.0,94.0,60.26,90000000.0
DAIHATSU,SIGRA,2023,MANUAL,1.2,X,156.0,94.0,60.26,100000000.0
DAIHATSU,SIGRA,2023,MANUAL,1.2,X,156.0,94.0,60.26,111500000.0
DAIHATSU,SIGRA,2023,MANUAL,1.2,X,156.0,94.0,60.26,90000000.0
DAIHATSU,SIGRA,2023,MANUAL,1.2,X,156.0,94.0,60.26,110000000.0
DAIHATSU,SIGRA,2023,MANUAL,1.2,X,156.0,94.0,60.26,90000000.0
DAIHATSU,SIGRA,2023,MANUAL,1.2,X,156.0,94.0,60.26,107500000.0
DAIHATSU,SIGRA,2023,MANUAL,1.2,X,156.0,94.0,60.26,107000000.0
DAIHATSU,SIGRA,2024,AUTOMATIC,1.2,R,180.0,119.0,66.11,122500000.0
DAIHATSU,SIGRA,2024,AUTOMATIC,1.2,R,180.0,119.0,66.11,130000000.0
DAIHATSU,SIGRA,2024,AUTOMATIC,1.2,R,180.0,119.0,66.11,126500000.0
DAIHATSU,SIGRA,2024,AUTOMATIC,1.2,R,180.0,119.0,66.11,121000000.0
DAIHATSU,SIGRA,2024,AUTOMATIC,1.2,R,180.0,119.0,66.11,121000000.0
DAIHATSU,SIGRA,2024,AUTOMATIC,1.2,R,180.0,119.0,66.11,120000000.0
DAIHATSU,SIGRA,2024,AUTOMATIC,1.2,R,180.0,119.0,66.11,123000000.0
DAIHATSU,SIGRA,2024,AUTOMATIC,1.2,R,180.0,119.0,66.11,123000000.0
DAIHATSU,SIGRA,2024,AUTOMATIC,1.2,R,180.0,119.0,66.11,121000000.0
DAIHATSU,SIGRA,2024,AUTOMATIC,1.2,X,171.0,111.5,65.2,113500000.0
DAIHATSU,SIGRA,2024,AUTOMATIC,1.2,X,171.0,111.5,65.2,123000000.0
DAIHATSU,SIGRA,2024,AUTOMATIC,1.2,X,171.0,111.5,65.2,107000000.0
DAIHATSU,SIGRA,2024,MANUAL,1.0,D,138.0,87.5,63.41,99500000.0
DAIHATSU,SIGRA,2024,MANUAL,1.0,D,138.0,87.5,63.41,93500000.0
DAIHATSU,SIGRA,2024,MANUAL,1.0,D,138.0,87.5,63.41,83000000.0
DAIHATSU,SIGRA,2024,MANUAL,1.0,D,138.0,87.5,63.41,97000000.0
DAIHATSU,SIGRA,2024,MANUAL,1.0,D,138.0,87.5,63.41,93750000.0
DAIHATSU,SIGRA,2024,MANUAL,1.0,D,138.0,87.5,63.41,91500000.0
DAIHATSU,SIGRA,2024,MANUAL,1.0,D,138.0,87.5,63.41,95000000.0
DAIHATSU,SIGRA,2024,MANUAL,1.0,D,138.0,87.5,63.41,80000000.0
DAIHATSU,SIGRA,2024,MANUAL,1.0,D,138.0,87.5,63.41,95250000.0
DAIHATSU,SIGRA,2024,MANUAL,1.0,D,138.0,87.5,63.41,96000000.0
DAIHATSU,SIGRA,2024,MANUAL,1.0,D,138.0,87.5,63.41,89166666.6666667
DAIHATSU,SIGRA,2024,MANUAL,1.0,D,138.0,87.5,63.41,96000000.0
DAIHATSU,SIGRA,2024,MANUAL,1.0,M,150.0,96.5,64.33,107000000.0
DAIHATSU,SIGRA,2024,MANUAL,1.0,M,150.0,96.5,64.33,106750000.0
DAIHATSU,SIGRA,2024,MANUAL,1.0,M,150.0,96.5,64.33,102000000.0
DAIHATSU,SIGRA,2024,MANUAL,1.0,M,150.0,96.5,64.33,108750000.0
DAIHATSU,SIGRA,2024,MANUAL,1.0,M,150.0,96.5,64.33,108000000.0
DAIHATSU,SIGRA,2024,MANUAL,1.0,M,150.0,96.5,64.33,112500000.0
DAIHATSU,SIGRA,2024,MANUAL,1.0,M,150.0,96.5,64.33,98500000.0
DAIHATSU,SIGRA,2024,MANUAL,1.0,M,150.0,96.5,64.33,106500000.0
DAIHATSU,SIGRA,2024,MANUAL,1.0,M,150.0,96.5,64.33,84700000.0
DAIHATSU,SIGRA,2024,MANUAL,1.0,M,150.0,96.5,64.33,103500000.0
DAIHATSU,SIGRA,2024,MANUAL,1.0,M,150.0,96.5,64.33,102000000.0
DAIHATSU,SIGRA,2024,MANUAL,1.0,M,150.0,96.5,64.33,110000000.0
DAIHATSU,SIGRA,2024,MANUAL,1.0,M,150.0,96.5,64.33,99000000.0
DAIHATSU,SIGRA,2024,MANUAL,1.2,R,166.0,113.5,68.37,131250000.0
DAIHATSU,SIGRA,2024,MANUAL,1.2,R,166.0,113.5,68.37,122000000.0
DAIHATSU,SIGRA,2024,MANUAL,1.2,R,166.0,113.5,68.37,126500000.0
DAIHATSU,SIGRA,2024,MANUAL,1.2,R,166.0,113.5,68.37,118500000.0
DAIHATSU,SIGRA,2024,MANUAL,1.2,R,166.0,113.5,68.37,119000000.0
DAIHATSU,SIGRA,2024,MANUAL,1.2,R,166.0,113.5,68.37,110500000.0
DAIHATSU,SIGRA,2024,MANUAL,1.2,R,166.0,113.5,68.37,127500000.0
DAIHATSU,SIGRA,2024,MANUAL,1.2,R,166.0,113.5,68.37,105000000.0
DAIHATSU,SIGRA,2024,MANUAL,1.2,R,166.0,113.5,68.37,118000000.0
DAIHATSU,SIGRA,2024,MANUAL,1.2,R,166.0,113.5,68.37,114850000.0
DAIHATSU,SIGRA,2024,MANUAL,1.2,R,166.0,113.5,68.37,125500000.0
DAIHATSU,SIGRA,2024,MANUAL,1.2,R,166.0,113.5,68.37,117750000.0
DAIHATSU,SIGRA,2024,MANUAL,1.2,R,166.0,113.5,68.37,120500000.0
DAIHATSU,SIGRA,2024,MANUAL,1.2,R,166.0,113.5,68.37,123250000.0
DAIHATSU,SIGRA,2024,MANUAL,1.2,X,158.0,109.0,68.99,121000000.0
DAIHATSU,SIGRA,2024,MANUAL,1.2,X,158.0,109.0,68.99,111500000.0
DAIHATSU,SIGRA,2024,MANUAL,1.2,X,158.0,109.0,68.99,104000000.0
DAIHATSU,SIGRA,2024,MANUAL,1.2,X,158.0,109.0,68.99,123000000.0
DAIHATSU,SIGRA,2024,MANUAL,1.2,X,158.0,109.0,68.99,45500000.0
DAIHATSU,SIGRA,2024,MANUAL,1.2,X,158.0,109.0,68.99,115000000.0
DAIHATSU,SIGRA,2024,MANUAL,1.2,X,158.0,109.0,68.99,91500000.0
DAIHATSU,SIGRA,2024,MANUAL,1.2,X,158.0,109.0,68.99,118000000.0
DAIHATSU,SIGRA,2025,AUTOMATIC,1.2,R,,,,122000000.0
DAIHATSU,SIGRA,2025,AUTOMATIC,1.2,R,,,,107000000.0
DAIHATSU,SIGRA,2025,AUTOMATIC,1.2,R,,,,139500000.0
DAIHATSU,SIGRA,2025,AUTOMATIC,1.2,X,,,,125000000.0
DAIHATSU,SIGRA,2025,MANUAL,0.0,R,,,,125000000.0
DAIHATSU,SIGRA,2025,MANUAL,1.0,D,,,,105500000.0
DAIHATSU,SIGRA,2025,MANUAL,1.0,D,,,,96000000.0
DAIHATSU,SIGRA,2025,MANUAL,1.0,D,,,,95000000.0
DAIHATSU,SIGRA,2025,MANUAL,1.0,D,,,,104250000.0
DAIHATSU,SIGRA,2025,MANUAL,1.0,D,,,,107750000.0
DAIHATSU,SIGRA,2025,MANUAL,1.0,D,,,,110000000.0
DAIHATSU,SIGRA,2025,MANUAL,1.0,D,,,,87500000.0
DAIHATSU,SIGRA,2025,MANUAL,1.0,D,,,,102500000.0
DAIHATSU,SIGRA,2025,MANUAL,1.0,D,,,,90000000.0
DAIHATSU,SIGRA,2025,MANUAL,1.0,D,,,,99500000.0
DAIHATSU,SIGRA,2025,MANUAL,1.0,M,,,,113500000.0
DAIHATSU,SIGRA,2025,MANUAL,1.0,M,,,,112750000.0
DAIHATSU,SIGRA,2025,MANUAL,1.0,M,,,,102000000.0
DAIHATSU,SIGRA,2025,MANUAL,1.0,M,,,,112350000.0
DAIHATSU,SIGRA,2025,MANUAL,1.0,M,,,,116500000.0
DAIHATSU,SIGRA,2025,MANUAL,1.0,M,,,,105000000.0
DAIHATSU,SIGRA,2025,MANUAL,1.0,M,,,,105500000.0
DAIHATSU,SIGRA,2025,MANUAL,1.0,M,,,,103750000.0
DAIHATSU,SIGRA,2025,MANUAL,1.0,M,,,,105333333.333333
DAIHATSU,SIGRA,2025,MANUAL,1.0,M,,,,115000000.0
DAIHATSU,SIGRA,2025,MANUAL,1.0,M,,,,117900000.0
DAIHATSU,SIGRA,2025,MANUAL,1.2,R,,,,129000000.0
DAIHATSU,SIGRA,2025,MANUAL,1.2,R,,,,135750000.0
DAIHATSU,SIGRA,2025,MANUAL,1.2,R,,,,129750000.0
DAIHATSU,SIGRA,2025,MANUAL,1.2,R,,,,128500000.0
DAIHATSU,SIGRA,2025,MANUAL,1.2,R,,,,113500000.0
DAIHATSU,SIGRA,2025,MANUAL,1.2,R,,,,122000000.0
DAIHATSU,SIGRA,2025,MANUAL,1.2,R,,,,120000000.0
DAIHATSU,SIGRA,2025,MANUAL,1.2,R,,,,131000000.0
DAIHATSU,SIGRA,2025,MANUAL,1.2,R,,,,128000000.0
DAIHATSU,SIGRA,2025,MANUAL,1.2,R,,,,125000000.0
DAIHATSU,SIGRA,2025,MANUAL,1.2,R,,,,123500000.0
DAIHATSU,SIGRA,2025,MANUAL,1.2,R,,,,127000000.0
DAIHATSU,SIGRA,2025,MANUAL,1.2,R,,,,138000000.0
DAIHATSU,SIGRA,2025,MANUAL,1.2,X,,,,110000000.0
DAIHATSU,SIGRA,2025,MANUAL,1.2,X,,,,120500000.0
DAIHATSU,SIGRA,2025,MANUAL,1.2,X,,,,109000000.0
DAIHATSU,SIGRA,2025,MANUAL,1.2,X,,,,110500000.0
DAIHATSU,SIGRA,2025,MANUAL,2.0,R,,,,121500000.0
DAIHATSU,SIGRA,2026,MANUAL,1.0,M,,,,111000000.0
DAIHATSU,SIGRA,2026,MANUAL,1.2,X,,,,117000000.0
DAIHATSU,SIRION,2010,AUTOMATIC,1.3,M,,,,51000000.0
DAIHATSU,SIRION,2013,AUTOMATIC,1.3,,,,,67500000.0
DAIHATSU,SIRION,2013,AUTOMATIC,1.3,,,,,77500000.0
DAIHATSU,SIRION,2013,AUTOMATIC,1.3,M,,,,74000000.0
DAIHATSU,SIRION,2013,MANUAL,1.3,,,,,67000000.0
DAIHATSU,SIRION,2014,AUTOMATIC,1.3,,,,,65500000.0
DAIHATSU,SIRION,2015,AUTOMATIC,1.3,,,,,67000000.0
DAIHATSU,SIRION,2015,AUTOMATIC,1.3,,,,,85500000.0
DAIHATSU,SIRION,2016,AUTOMATIC,1.3,,,,,71000000.0
DAIHATSU,SIRION,2017,MANUAL,1.3,,,,,80000000.0
DAIHATSU,SIRION,2018,AUTOMATIC,1.3,,,,,100000000.0
DAIHATSU,SIRION,2018,AUTOMATIC,1.3,R,195.0,104.0,53.33,
DAIHATSU,SIRION,2018,AUTOMATIC,1.3,X,184.0,95.0,51.63,
DAIHATSU,SIRION,2019,AUTOMATIC,1.3,,,,,127000000.0
DAIHATSU,SIRION,2019,AUTOMATIC,1.3,R,198.0,109.5,55.3,
DAIHATSU,SIRION,2019,AUTOMATIC,1.3,X,187.0,100.0,53.48,
DAIHATSU,SIRION,2020,AUTOMATIC,1.3,R,214.0,110.5,51.64,
DAIHATSU,SIRION,2020,AUTOMATIC,1.3,X,200.0,102.0,51.0,
DAIHATSU,SIRION,2021,AUTOMATIC,1.3,R,216.0,120.0,55.56,
DAIHATSU,SIRION,2021,AUTOMATIC,1.3,X,202.0,111.5,55.2,
DAIHATSU,SIRION,2022,AUTOMATIC,1.3,R,224.0,132.5,59.15,
DAIHATSU,SIRION,2022,AUTOMATIC,1.3,X,209.0,119.5,57.18,163000000.0
DAIHATSU,SIRION,2023,AUTOMATIC,1.3,R,238.0,139.5,58.61,
DAIHATSU,SIRION,2023,AUTOMATIC,1.3,X,228.0,123.5,54.17,
DAIHATSU,SIRION,2024,AUTOMATIC,1.3,R,239.0,145.5,60.88,
DAIHATSU,SIRION,2024,AUTOMATIC,1.3,X,230.0,127.5,55.43,
DAIHATSU,TARUNA,1999,MANUAL,1.6,CSX,,,,29000000.0
DAIHATSU,TERIOS,2008,AUTOMATIC,1.5,TX,,,,67000000.0
DAIHATSU,TERIOS,2009,AUTOMATIC,1.5,TX,,,,76500000.0
DAIHATSU,TERIOS,2010,AUTOMATIC,1.5,TX,,,,85500000.0
DAIHATSU,TERIOS,2011,AUTOMATIC,1.5,TX,,,,77000000.0
DAIHATSU,TERIOS,2012,AUTOMATIC,1.5,TS,,,,80500000.0
DAIHATSU,TERIOS,2012,AUTOMATIC,1.5,TS,,,,67000000.0
DAIHATSU,TERIOS,2012,AUTOMATIC,1.5,TX,,,,70000000.0
DAIHATSU,TERIOS,2012,MANUAL,1.5,TX,,,,86000000.0
DAIHATSU,TERIOS,2013,AUTOMATIC,1.5,TX,,,,98500000.0
DAIHATSU,TERIOS,2013,AUTOMATIC,1.5,X,,,,95000000.0
DAIHATSU,TERIOS,2013,MANUAL,1.5,TX,,,,88000000.0
DAIHATSU,TERIOS,2014,AUTOMATIC,1.5,TS,,,,79500000.0
DAIHATSU,TERIOS,2014,AUTOMATIC,1.5,TX,,,,110000000.0
DAIHATSU,TERIOS,2014,MANUAL,1.5,TX,,,,118000000.0
DAIHATSU,TERIOS,2015,AUTOMATIC,1.5,TX,,,,116500000.0
DAIHATSU,TERIOS,2015,AUTOMATIC,1.5,TX,,,,126500000.0
DAIHATSU,TERIOS,2015,MANUAL,1.5,TX,,,,122500000.0
DAIHATSU,TERIOS,2016,MANUAL,1.5,R,,,,116000000.0
DAIHATSU,TERIOS,2017,AUTOMATIC,1.5,R,239.0,142.5,59.62,124500000.0
DAIHATSU,TERIOS,2017,AUTOMATIC,1.5,X,216.0,123.5,57.18,107000000.0
DAIHATSU,TERIOS,2017,MANUAL,1.5,R,227.0,134.5,59.25,121500000.0
DAIHATSU,TERIOS,2017,MANUAL,1.5,X,205.0,120.0,58.54,
DAIHATSU,TERIOS,2018,AUTOMATIC,1.5,R,242.0,168.5,69.63,171000000.0
DAIHATSU,TERIOS,2018,AUTOMATIC,1.5,R,242.0,168.5,69.63,161500000.0
DAIHATSU,TERIOS,2018,AUTOMATIC,1.5,R,242.0,168.5,69.63,173500000.0
DAIHATSU,TERIOS,2018,AUTOMATIC,1.5,X,217.0,134.0,61.75,155000000.0
DAIHATSU,TERIOS,2018,MANUAL,1.5,R,230.0,151.0,65.65,165500000.0
DAIHATSU,TERIOS,2018,MANUAL,1.5,R,230.0,151.0,65.65,161000000.0
DAIHATSU,TERIOS,2018,MANUAL,1.5,X,207.0,123.5,59.66,
DAIHATSU,TERIOS,2019,AUTOMATIC,1.5,R,245.0,170.5,69.59,156000000.0
DAIHATSU,TERIOS,2019,AUTOMATIC,1.5,X,222.0,140.5,63.29,145000000.0
DAIHATSU,TERIOS,2019,MANUAL,1.5,R,235.0,154.5,65.74,175000000.0
DAIHATSU,TERIOS,2019,MANUAL,1.5,X,212.0,131.5,62.03,150000000.0
DAIHATSU,TERIOS,2020,AUTOMATIC,1.5,R,252.0,173.0,68.65,165000000.0
DAIHATSU,TERIOS,2020,AUTOMATIC,1.5,R,252.0,173.0,68.65,189000000.0
DAIHATSU,TERIOS,2020,AUTOMATIC,1.5,R,252.0,173.0,68.65,173500000.0
DAIHATSU,TERIOS,2020,AUTOMATIC,1.5,X,229.0,148.0,64.63,160500000.0
DAIHATSU,TERIOS,2020,AUTOMATIC,1.5,X,229.0,148.0,64.63,177500000.0
DAIHATSU,TERIOS,2020,AUTOMATIC,1.5,X,229.0,148.0,64.63,167000000.0
DAIHATSU,TERIOS,2020,AUTOMATIC,1.5,X,229.0,148.0,64.63,163000000.0
DAIHATSU,TERIOS,2020,MANUAL,1.5,R,242.0,166.5,68.8,183000000.0
DAIHATSU,TERIOS,2020,MANUAL,1.5,X,219.0,146.5,66.89,173000000.0
DAIHATSU,TERIOS,2020,MANUAL,1.5,X,219.0,146.5,66.89,163500000.0
DAIHATSU,TERIOS,2020,MANUAL,1.5,X,219.0,146.5,66.89,163000000.0
DAIHATSU,TERIOS,2020,MANUAL,1.5,X,219.0,146.5,66.89,156500000.0
DAIHATSU,TERIOS,2020,MANUAL,1.5,X,219.0,146.5,66.89,143000000.0
DAIHATSU,TERIOS,2020,MANUAL,1.5,X,219.0,146.5,66.89,161500000.0
DAIHATSU,TERIOS,2020,MANUAL,1.5,X,219.0,146.5,66.89,169500000.0
DAIHATSU,TERIOS,2021,AUTOMATIC,1.5,R,250.0,182.0,72.8,183500000.0
DAIHATSU,TERIOS,2021,AUTOMATIC,1.5,R,250.0,182.0,72.8,181000000.0
DAIHATSU,TERIOS,2021,AUTOMATIC,1.5,X,220.0,159.5,72.5,157500000.0
DAIHATSU,TERIOS,2021,AUTOMATIC,1.5,X,220.0,159.5,72.5,163000000.0
DAIHATSU,TERIOS,2021,AUTOMATIC,1.5,X,220.0,159.5,72.5,161500000.0
DAIHATSU,TERIOS,2021,AUTOMATIC,1.5,X,220.0,159.5,72.5,164000000.0
DAIHATSU,TERIOS,2021,AUTOMATIC,1.5,X,220.0,159.5,72.5,153500000.0
DAIHATSU,TERIOS,2021,MANUAL,1.5,R,240.0,172.0,71.67,178000000.0
DAIHATSU,TERIOS,2021,MANUAL,1.5,R,240.0,172.0,71.67,175000000.0
DAIHATSU,TERIOS,2021,MANUAL,1.5,R,240.0,172.0,71.67,175000000.0
DAIHATSU,TERIOS,2021,MANUAL,1.5,R,240.0,172.0,71.67,173000000.0
DAIHATSU,TERIOS,2021,MANUAL,1.5,R,240.0,172.0,71.67,160000000.0
DAIHATSU,TERIOS,2021,MANUAL,1.5,X,210.0,150.5,71.67,168500000.0
DAIHATSU,TERIOS,2021,MANUAL,1.5,X,210.0,150.5,71.67,162000000.0
DAIHATSU,TERIOS,2021,MANUAL,1.5,X,210.0,150.5,71.67,167000000.0
DAIHATSU,TERIOS,2021,MANUAL,1.5,X,210.0,150.5,71.67,162000000.0
DAIHATSU,TERIOS,2021,MANUAL,1.5,X,210.0,150.5,71.67,163000000.0
DAIHATSU,TERIOS,2021,MANUAL,1.5,X,210.0,150.5,71.67,146000000.0
DAIHATSU,TERIOS,2022,AUTOMATIC,1.5,R,285.0,186.5,65.44,185000000.0
DAIHATSU,TERIOS,2022,AUTOMATIC,1.5,R,285.0,186.5,65.44,155000000.0
DAIHATSU,TERIOS,2022,AUTOMATIC,1.5,X,252.0,177.5,70.44,179000000.0
DAIHATSU,TERIOS,2022,AUTOMATIC,1.5,X,252.0,177.5,70.44,143000000.0
DAIHATSU,TERIOS,2022,MANUAL,1.5,R,275.0,183.0,66.55,204000000.0
DAIHATSU,TERIOS,2022,MANUAL,1.5,R,275.0,183.0,66.55,150500000.0
DAIHATSU,TERIOS,2022,MANUAL,1.5,X,242.0,166.0,68.6,168500000.0
DAIHATSU,TERIOS,2022,MANUAL,1.5,X,242.0,166.0,68.6,163000000.0
DAIHATSU,TERIOS,2022,MANUAL,1.5,X,242.0,166.0,68.6,150500000.0
DAIHATSU,TERIOS,2022,MANUAL,1.5,X,242.0,166.0,68.6,169000000.0
DAIHATSU,TERIOS,2022,MANUAL,1.5,X,242.0,166.0,68.6,175000000.0
DAIHATSU,TERIOS,2022,MANUAL,1.5,X,242.0,166.0,68.6,163500000.0
DAIHATSU,TERIOS,2023,AUTOMATIC,1.5,R,290.0,188.5,65.0,220500000.0
DAIHATSU,TERIOS,2023,AUTOMATIC,1.5,R,290.0,188.5,65.0,195000000.0
DAIHATSU,TERIOS,2023,AUTOMATIC,1.5,X,258.0,181.5,70.35,195000000.0
DAIHATSU,TERIOS,2023,AUTOMATIC,1.5,X,258.0,181.5,70.35,186250000.0
DAIHATSU,TERIOS,2023,AUTOMATIC,1.5,X,258.0,181.5,70.35,133000000.0
DAIHATSU,TERIOS,2023,AUTOMATIC,1.5,X,258.0,181.5,70.35,183000000.0
DAIHATSU,TERIOS,2023,MANUAL,1.5,R,280.0,186.5,66.61,180000000.0
DAIHATSU,TERIOS,2023,MANUAL,1.5,R,280.0,186.5,66.61,179500000.0
DAIHATSU,TERIOS,2023,MANUAL,1.5,X,248.0,171.5,69.15,179750000.0
DAIHATSU,TERIOS,2023,MANUAL,1.5,X,248.0,171.5,69.15,165000000.0
DAIHATSU,TERIOS,2023,MANUAL,1.5,X,248.0,171.5,69.15,183000000.0
DAIHATSU,TERIOS,2023,MANUAL,1.5,X,248.0,171.5,69.15,168000000.0
DAIHATSU,TERIOS,2023,MANUAL,1.5,X,248.0,171.5,69.15,163000000.0
DAIHATSU,TERIOS,2024,AUTOMATIC,1.5,R,296.0,206.5,69.76,210500000.0
DAIHATSU,TERIOS,2024,AUTOMATIC,1.5,R,296.0,206.5,69.76,218000000.0
DAIHATSU,TERIOS,2024,AUTOMATIC,1.5,X,265.0,188.5,71.13,190000000.0
DAIHATSU,TERIOS,2024,AUTOMATIC,1.5,X,265.0,188.5,71.13,172000000.0
DAIHATSU,TERIOS,2024,AUTOMATIC,1.5,X,265.0,188.5,71.13,201000000.0
DAIHATSU,TERIOS,2024,AUTOMATIC,1.5,X,265.0,188.5,71.13,197500000.0
DAIHATSU,TERIOS,2024,AUTOMATIC,1.5,X,265.0,188.5,71.13,187000000.0
DAIHATSU,TERIOS,2024,AUTOMATIC,1.5,X,265.0,188.5,71.13,216500000.0
DAIHATSU,TERIOS,2024,MANUAL,1.5,R,285.0,194.5,68.25,199000000.0
DAIHATSU,TERIOS,2024,MANUAL,1.5,R,285.0,194.5,68.25,187000000.0
DAIHATSU,TERIOS,2024,MANUAL,1.5,R,285.0,194.5,68.25,187000000.0
DAIHATSU,TERIOS,2024,MANUAL,1.5,X,255.0,176.0,69.02,208000000.0
DAIHATSU,TERIOS,2024,MANUAL,1.5,X,255.0,176.0,69.02,195000000.0
DAIHATSU,TERIOS,2024,MANUAL,1.5,X,255.0,176.0,69.02,208000000.0
DAIHATSU,TERIOS,2024,MANUAL,1.5,X,255.0,176.0,69.02,205500000.0
DAIHATSU,TERIOS,2024,MANUAL,1.5,X,255.0,176.0,69.02,198500000.0
DAIHATSU,TERIOS,2024,MANUAL,1.5,X,255.0,176.0,69.02,141000000.0
DAIHATSU,TERIOS,2024,MANUAL,1.5,X,255.0,176.0,69.02,192000000.0
DAIHATSU,TERIOS,2024,MANUAL,1.5,X,255.0,176.0,69.02,190500000.0
DAIHATSU,TERIOS,2025,AUTOMATIC,1.5,R,,,,233000000.0
DAIHATSU,TERIOS,2025,AUTOMATIC,1.5,X,,,,205000000.0
DAIHATSU,TERIOS,2025,AUTOMATIC,1.5,X,,,,208000000.0
DAIHATSU,TERIOS,2025,AUTOMATIC,1.5,X,,,,189000000.0
DAIHATSU,TERIOS,2025,AUTOMATIC,1.5,X,,,,203500000.0
DAIHATSU,TERIOS,2025,AUTOMATIC,1.5,X,,,,206000000.0
DAIHATSU,TERIOS,2025,MANUAL,1.5,X,,,,205000000.0
DAIHATSU,TERIOS,2025,MANUAL,1.5,X,,,,188500000.0
DAIHATSU,TERIOS,2025,MANUAL,1.5,X,,,,205250000.0
DAIHATSU,TERIOS,2025,MANUAL,1.5,X,,,,197500000.0
DAIHATSU,TERIOS,2025,MANUAL,1.5,X,,,,192000000.0
DAIHATSU,TERIOS,2025,MANUAL,1.5,X,,,,211750000.0
DAIHATSU,TERIOS,2025,MANUAL,1.5,X,,,,205500000.0
DAIHATSU,TERIOS,2025,MANUAL,1.5,X,,,,202250000.0
DAIHATSU,TERIOS,2025,MANUAL,1.5,X,,,,197000000.0
DAIHATSU,TERIOS,2025,MANUAL,1.5,X,,,,196500000.0
DAIHATSU,TERIOS,2025,MANUAL,1.5,X,,,,198500000.0
DAIHATSU,XENIA,2008,MANUAL,1.0,LI,,,,59000000.0
DAIHATSU,XENIA,2010,MANUAL,1.3,XI,,,,35000000.0
DAIHATSU,XENIA,2011,AUTOMATIC,1.3,R,,,,86000000.0
DAIHATSU,XENIA,2011,MANUAL,1.0,LI,,,,69500000.0
DAIHATSU,XENIA,2011,MANUAL,1.0,LI,,,,57000000.0
DAIHATSU,XENIA,2011,MANUAL,1.3,R,,,,72500000.0
DAIHATSU,XENIA,2011,MANUAL,1.3,XI,,,,72500000.0
DAIHATSU,XENIA,2011,MANUAL,1.3,XI,,,,74000000.0
DAIHATSU,XENIA,2012,AUTOMATIC,1.3,R,,,,79500000.0
DAIHATSU,XENIA,2012,AUTOMATIC,1.3,R,,,,71500000.0
DAIHATSU,XENIA,2012,MANUAL,1.3,R,,,,83500000.0
DAIHATSU,XENIA,2012,MANUAL,1.3,R,,,,81000000.0
DAIHATSU,XENIA,2012,MANUAL,1.3,R,,,,91500000.0
DAIHATSU,XENIA,2012,MANUAL,1.3,R,,,,82500000.0
DAIHATSU,XENIA,2012,MANUAL,1.3,R,,,,82500000.0
DAIHATSU,XENIA,2013,AUTOMATIC,1.3,R,,,,83500000.0
DAIHATSU,XENIA,2013,AUTOMATIC,1.3,R,,,,78500000.0
DAIHATSU,XENIA,2013,MANUAL,1.0,D,,,,75000000.0
DAIHATSU,XENIA,2013,MANUAL,1.0,M,,,,84000000.0
DAIHATSU,XENIA,2013,MANUAL,1.0,M,,,,53000000.0
DAIHATSU,XENIA,2013,MANUAL,1.3,R,,,,92000000.0
DAIHATSU,XENIA,2013,MANUAL,1.3,X,,,,84000000.0
DAIHATSU,XENIA,2013,MANUAL,1.3,X,,,,82500000.0
DAIHATSU,XENIA,2013,MANUAL,1.3,X,,,,86400000.0
DAIHATSU,XENIA,2014,AUTOMATIC,1.3,R,,,,72000000.0
DAIHATSU,XENIA,2014,MANUAL,1.3,R,,,,90500000.0
DAIHATSU,XENIA,2014,MANUAL,1.3,R,,,,68500000.0
DAIHATSU,XENIA,2014,MANUAL,1.3,R,,,,65000000.0
DAIHATSU,XENIA,2014,MANUAL,1.3,X,,,,88500000.0
DAIHATSU,XENIA,2014,MANUAL,1.3,X,,,,92500000.0
DAIHATSU,XENIA,2015,AUTOMATIC,1.3,R,,,,88000000.0
DAIHATSU,XENIA,2015,AUTOMATIC,1.3,R,,,,76250000.0
DAIHATSU,XENIA,2015,MANUAL,1.0,M,,,,58000000.0
DAIHATSU,XENIA,2015,MANUAL,1.3,R,,,,88000000.0
DAIHATSU,XENIA,2015,MANUAL,1.3,R,,,,82000000.0
DAIHATSU,XENIA,2015,MANUAL,1.3,X,,,,83000000.0
DAIHATSU,XENIA,2015,MANUAL,1.3,X,,,,90000000.0
DAIHATSU,XENIA,2015,MANUAL,1.3,X,,,,81000000.0
DAIHATSU,XENIA,2016,MANUAL,1.3,R,,,,108500000.0
DAIHATSU,XENIA,2016,MANUAL,1.3,R,,,,119000000.0
DAIHATSU,XENIA,2016,MANUAL,1.3,R,,,,109000000.0
DAIHATSU,XENIA,2016,MANUAL,1.3,X,,,,92750000.0
DAIHATSU,XENIA,2017,AUTOMATIC,1.3,R,215.0,114.0,53.02,118000000.0
DAIHATSU,XENIA,2017,AUTOMATIC,1.3,R,215.0,114.0,53.02,102000000.0
DAIHATSU,XENIA,2017,AUTOMATIC,1.3,X,207.0,105.5,50.97,104000000.0
DAIHATSU,XENIA,2017,AUTOMATIC,1.3,X,207.0,105.5,50.97,112500000.0
DAIHATSU,XENIA,2017,MANUAL,1.3,R,204.0,110.0,53.92,129500000.0
DAIHATSU,XENIA,2017,MANUAL,1.3,R,204.0,110.0,53.92,95200000.0
DAIHATSU,XENIA,2017,MANUAL,1.3,R,204.0,110.0,53.92,107000000.0
DAIHATSU,XENIA,2017,MANUAL,1.3,X,195.0,103.5,53.08,106500000.0
DAIHATSU,XENIA,2017,MANUAL,1.3,X,195.0,103.5,53.08,85000000.0
DAIHATSU,XENIA,2017,MANUAL,1.3,X,195.0,103.5,53.08,86500000.0
DAIHATSU,XENIA,2017,MANUAL,1.3,X,195.0,103.5,53.08,99250000.0
DAIHATSU,XENIA,2017,MANUAL,1.3,X,195.0,103.5,53.08,101500000.0
DAIHATSU,XENIA,2018,AUTOMATIC,1.3,R,218.0,119.0,54.59,112000000.0
DAIHATSU,XENIA,2018,AUTOMATIC,1.3,X,210.0,111.5,53.1,110000000.0
DAIHATSU,XENIA,2018,MANUAL,1.3,R,207.0,113.5,54.83,120500000.0
DAIHATSU,XENIA,2018,MANUAL,1.3,R,207.0,113.5,54.83,140500000.0
DAIHATSU,XENIA,2018,MANUAL,1.3,R,207.0,113.5,54.83,110000000.0
DAIHATSU,XENIA,2018,MANUAL,1.3,R,207.0,113.5,54.83,102250000.0
DAIHATSU,XENIA,2018,MANUAL,1.3,R,207.0,113.5,54.83,108000000.0
DAIHATSU,XENIA,2018,MANUAL,1.3,X,198.0,109.5,55.3,117500000.0
DAIHATSU,XENIA,2018,MANUAL,1.3,X,198.0,109.5,55.3,90000000.0
DAIHATSU,XENIA,2018,MANUAL,1.3,X,198.0,109.5,55.3,116000000.0
DAIHATSU,XENIA,2018,MANUAL,1.3,X,198.0,109.5,55.3,95000000.0
DAIHATSU,XENIA,2018,MANUAL,1.3,X,198.0,109.5,55.3,110000000.0
DAIHATSU,XENIA,2019,AUTOMATIC,1.3,R,219.0,128.5,58.68,126000000.0
DAIHATSU,XENIA,2019,AUTOMATIC,1.3,R,219.0,128.5,58.68,146000000.0
DAIHATSU,XENIA,2019,AUTOMATIC,1.3,X,210.0,123.5,58.81,129500000.0
DAIHATSU,XENIA,2019,AUTOMATIC,1.5,R,228.0,134.5,58.99,
DAIHATSU,XENIA,2019,MANUAL,1.3,R,208.0,123.0,59.13,145500000.0
DAIHATSU,XENIA,2019,MANUAL,1.3,R,208.0,123.0,59.13,144500000.0
DAIHATSU,XENIA,2019,MANUAL,1.3,R,208.0,123.0,59.13,127500000.0
DAIHATSU,XENIA,2019,MANUAL,1.3,R,208.0,123.0,59.13,137750000.0
DAIHATSU,XENIA,2019,MANUAL,1.3,R,208.0,123.0,59.13,122000000.0
DAIHATSU,XENIA,2019,MANUAL,1.3,R,208.0,123.0,59.13,135250000.0
DAIHATSU,XENIA,2019,MANUAL,1.3,R,208.0,123.0,59.13,136500000.0
DAIHATSU,XENIA,2019,MANUAL,1.3,X,198.0,121.0,61.11,123500000.0
DAIHATSU,XENIA,2019,MANUAL,1.3,X,198.0,121.0,61.11,140500000.0
DAIHATSU,XENIA,2019,MANUAL,1.3,X,198.0,121.0,61.11,130000000.0
DAIHATSU,XENIA,2019,MANUAL,1.3,X,198.0,121.0,61.11,126500000.0
DAIHATSU,XENIA,2019,MANUAL,1.3,X,198.0,121.0,61.11,132000000.0
DAIHATSU,XENIA,2019,MANUAL,1.3,X,198.0,121.0,61.11,134500000.0
DAIHATSU,XENIA,2019,MANUAL,1.5,R,218.0,131.0,60.09,
DAIHATSU,XENIA,2020,AUTOMATIC,1.3,R,227.0,137.5,60.57,
DAIHATSU,XENIA,2020,AUTOMATIC,1.3,X,217.0,129.0,59.45,129500000.0
DAIHATSU,XENIA,2020,AUTOMATIC,1.5,R,236.0,141.5,59.96,
DAIHATSU,XENIA,2020,MANUAL,1.3,R,215.0,126.5,58.84,135500000.0
DAIHATSU,XENIA,2020,MANUAL,1.3,R,215.0,126.5,58.84,140500000.0
DAIHATSU,XENIA,2020,MANUAL,1.3,R,215.0,126.5,58.84,131000000.0
DAIHATSU,XENIA,2020,MANUAL,1.3,X,205.0,126.5,61.71,120500000.0
DAIHATSU,XENIA,2020,MANUAL,1.3,X,205.0,126.5,61.71,135000000.0
DAIHATSU,XENIA,2020,MANUAL,1.3,X,205.0,126.5,61.71,124500000.0
DAIHATSU,XENIA,2020,MANUAL,1.3,X,205.0,126.5,61.71,126500000.0
DAIHATSU,XENIA,2020,MANUAL,1.5,R,226.0,138.5,61.28,
DAIHATSU,XENIA,2021,AUTOMATIC,1.3,R,220.0,151.5,68.86,
DAIHATSU,XENIA,2021,AUTOMATIC,1.3,X,207.0,135.5,65.46,147500000.0
DAIHATSU,XENIA,2021,AUTOMATIC,1.3,X,207.0,135.5,65.46,138750000.0
DAIHATSU,XENIA,2021,AUTOMATIC,1.3,X,207.0,135.5,65.46,135000000.0
DAIHATSU,XENIA,2021,AUTOMATIC,1.3,X,207.0,135.5,65.46,139500000.0
DAIHATSU,XENIA,2021,AUTOMATIC,1.3,X,207.0,135.5,65.46,130500000.0
DAIHATSU,XENIA,2021,AUTOMATIC,1.3,X,207.0,135.5,65.46,128000000.0
DAIHATSU,XENIA,2021,AUTOMATIC,1.5,R,226.0,150.5,66.59,
DAIHATSU,XENIA,2021,MANUAL,1.3,R,209.0,143.5,68.66,164500000.0
DAIHATSU,XENIA,2021,MANUAL,1.3,R,209.0,143.5,68.66,140000000.0
DAIHATSU,XENIA,2021,MANUAL,1.3,R,209.0,143.5,68.66,147000000.0
DAIHATSU,XENIA,2021,MANUAL,1.3,X,196.0,130.5,66.58,135500000.0
DAIHATSU,XENIA,2021,MANUAL,1.3,X,196.0,130.5,66.58,132000000.0
DAIHATSU,XENIA,2021,MANUAL,1.3,X,196.0,130.5,66.58,142500000.0
DAIHATSU,XENIA,2021,MANUAL,1.3,X,196.0,130.5,66.58,126000000.0
DAIHATSU,XENIA,2021,MANUAL,1.3,X,196.0,130.5,66.58,125750000.0
DAIHATSU,XENIA,2021,MANUAL,1.3,X,196.0,130.5,66.58,121500000.0
DAIHATSU,XENIA,2021,MANUAL,1.3,X,196.0,130.5,66.58,136000000.0
DAIHATSU,XENIA,2021,MANUAL,1.5,R,216.0,148.0,68.52,
DAIHATSU,XENIA,2022,AUTOMATIC,1.3,R,245.0,160.5,65.51,163250000.0
DAIHATSU,XENIA,2022,AUTOMATIC,1.3,R,245.0,160.5,65.51,145000000.0
DAIHATSU,XENIA,2022,AUTOMATIC,1.3,R,245.0,160.5,65.51,150000000.0
DAIHATSU,XENIA,2022,AUTOMATIC,1.3,R,245.0,160.5,65.51,157000000.0
DAIHATSU,XENIA,2022,AUTOMATIC,1.3,R,245.0,160.5,65.51,158500000.0
DAIHATSU,XENIA,2022,AUTOMATIC,1.3,X,237.0,147.0,62.03,168500000.0
DAIHATSU,XENIA,2022,AUTOMATIC,1.3,X,237.0,147.0,62.03,169000000.0
DAIHATSU,XENIA,2022,AUTOMATIC,1.3,X,237.0,147.0,62.03,149500000.0
DAIHATSU,XENIA,2022,AUTOMATIC,1.3,X,237.0,147.0,62.03,143000000.0
DAIHATSU,XENIA,2022,AUTOMATIC,1.3,X,237.0,147.0,62.03,151500000.0
DAIHATSU,XENIA,2022,AUTOMATIC,1.3,X,237.0,147.0,62.03,142500000.0
DAIHATSU,XENIA,2022,AUTOMATIC,1.3,X,237.0,147.0,62.03,137000000.0
DAIHATSU,XENIA,2022,AUTOMATIC,1.5,R,263.0,165.0,62.74,171500000.0
DAIHATSU,XENIA,2022,AUTOMATIC,1.5,R,263.0,165.0,62.74,165000000.0
DAIHATSU,XENIA,2022,MANUAL,1.3,M,,,,135000000.0
DAIHATSU,XENIA,2022,MANUAL,1.3,M,,,,150000000.0
DAIHATSU,XENIA,2022,MANUAL,1.3,R,231.0,146.5,63.42,140500000.0
DAIHATSU,XENIA,2022,MANUAL,1.3,R,231.0,146.5,63.42,107000000.0
DAIHATSU,XENIA,2022,MANUAL,1.3,R,231.0,146.5,63.42,135000000.0
DAIHATSU,XENIA,2022,MANUAL,1.3,R,231.0,146.5,63.42,150500000.0
DAIHATSU,XENIA,2022,MANUAL,1.3,R,231.0,146.5,63.42,154625000.0
DAIHATSU,XENIA,2022,MANUAL,1.3,R,231.0,146.5,63.42,150000000.0
DAIHATSU,XENIA,2022,MANUAL,1.3,X,220.0,137.5,62.5,133500000.0
DAIHATSU,XENIA,2022,MANUAL,1.3,X,220.0,137.5,62.5,152000000.0
DAIHATSU,XENIA,2022,MANUAL,1.3,X,220.0,137.5,62.5,141000000.0
DAIHATSU,XENIA,2022,MANUAL,1.3,X,220.0,137.5,62.5,145000000.0
DAIHATSU,XENIA,2022,MANUAL,1.3,X,220.0,137.5,62.5,137000000.0
DAIHATSU,XENIA,2022,MANUAL,1.3,X,220.0,137.5,62.5,148000000.0
DAIHATSU,XENIA,2022,MANUAL,1.3,X,220.0,137.5,62.5,150000000.0
DAIHATSU,XENIA,2022,MANUAL,1.5,R,248.0,161.0,64.92,135500000.0
DAIHATSU,XENIA,2023,AUTOMATIC,1.3,R,251.0,164.5,65.54,164000000.0
DAIHATSU,XENIA,2023,AUTOMATIC,1.3,R,251.0,164.5,65.54,168000000.0
DAIHATSU,XENIA,2023,AUTOMATIC,1.3,X,240.0,159.0,66.25,146000000.0
DAIHATSU,XENIA,2023,AUTOMATIC,1.3,X,240.0,159.0,66.25,155000000.0
DAIHATSU,XENIA,2023,AUTOMATIC,1.3,X,240.0,159.0,66.25,151500000.0
DAIHATSU,XENIA,2023,AUTOMATIC,1.3,X,240.0,159.0,66.25,160500000.0
DAIHATSU,XENIA,2023,AUTOMATIC,1.3,X,240.0,159.0,66.25,157250000.0
DAIHATSU,XENIA,2023,AUTOMATIC,1.5,R,265.0,167.5,63.21,171000000.0
DAIHATSU,XENIA,2023,AUTOMATIC,1.5,R,265.0,167.5,63.21,186000000.0
DAIHATSU,XENIA,2023,MANUAL,1.3,M,,,,102500000.0
DAIHATSU,XENIA,2023,MANUAL,1.3,R,234.0,155.0,66.24,161500000.0
DAIHATSU,XENIA,2023,MANUAL,1.3,R,234.0,155.0,66.24,155000000.0
DAIHATSU,XENIA,2023,MANUAL,1.3,R,234.0,155.0,66.24,130000000.0
DAIHATSU,XENIA,2023,MANUAL,1.3,R,234.0,155.0,66.24,159250000.0
DAIHATSU,XENIA,2023,MANUAL,1.3,X,223.0,146.0,65.47,143000000.0
DAIHATSU,XENIA,2023,MANUAL,1.3,X,223.0,146.0,65.47,151500000.0
DAIHATSU,XENIA,2023,MANUAL,1.3,X,223.0,146.0,65.47,127000000.0
DAIHATSU,XENIA,2023,MANUAL,1.3,X,223.0,146.0,65.47,142500000.0
DAIHATSU,XENIA,2023,MANUAL,1.3,X,223.0,146.0,65.47,150000000.0
DAIHATSU,XENIA,2023,MANUAL,1.3,X,223.0,146.0,65.47,136000000.0
DAIHATSU,XENIA,2023,MANUAL,1.5,R,,,,165000000.0
DAIHATSU,XENIA,2024,AUTOMATIC,1.3,R,256.0,179.5,70.12,173000000.0
DAIHATSU,XENIA,2024,AUTOMATIC,1.3,R,256.0,179.5,70.12,202000000.0
DAIHATSU,XENIA,2024,AUTOMATIC,1.3,R,256.0,179.5,70.12,177750000.0
DAIHATSU,XENIA,2024,AUTOMATIC,1.3,R,256.0,179.5,70.12,177000000.0
DAIHATSU,XENIA,2024,AUTOMATIC,1.3,R,256.0,179.5,70.12,166500000.0
DAIHATSU,XENIA,2024,AUTOMATIC,1.3,X,245.0,165.5,67.55,152000000.0
DAIHATSU,XENIA,2024,AUTOMATIC,1.5,R,270.0,176.5,65.37,
DAIHATSU,XENIA,2024,MANUAL,1.3,R,238.0,157.5,66.18,176000000.0
DAIHATSU,XENIA,2024,MANUAL,1.3,R,238.0,157.5,66.18,158500000.0
DAIHATSU,XENIA,2024,MANUAL,1.3,R,238.0,157.5,66.18,175500000.0
DAIHATSU,XENIA,2024,MANUAL,1.3,R,238.0,157.5,66.18,170000000.0
DAIHATSU,XENIA,2024,MANUAL,1.3,R,238.0,157.5,66.18,158500000.0
DAIHATSU,XENIA,2024,MANUAL,1.3,R,238.0,157.5,66.18,172500000.0
DAIHATSU,XENIA,2024,MANUAL,1.3,X,227.0,150.0,66.08,173500000.0
DAIHATSU,XENIA,2024,MANUAL,1.3,X,227.0,150.0,66.08,155000000.0
DAIHATSU,XENIA,2024,MANUAL,1.3,X,227.0,150.0,66.08,153000000.0
DAIHATSU,XENIA,2024,MANUAL,1.3,X,227.0,150.0,66.08,138000000.0
DAIHATSU,XENIA,2024,MANUAL,1.3,X,227.0,150.0,66.08,135000000.0
DAIHATSU,XENIA,2024,MANUAL,1.3,X,227.0,150.0,66.08,155500000.0
DAIHATSU,XENIA,2024,MANUAL,1.5,R,,,,160000000.0
DAIHATSU,XENIA,2025,AUTOMATIC,1.3,R,,,,202000000.0
DAIHATSU,XENIA,2025,AUTOMATIC,1.3,R,,,,182500000.0
DAIHATSU,XENIA,2025,AUTOMATIC,1.3,X,,,,172000000.0
DAIHATSU,XENIA,2025,AUTOMATIC,1.3,X,,,,155000000.0
DAIHATSU,XENIA,2025,AUTOMATIC,1.5,R,,,,195000000.0
DAIHATSU,XENIA,2025,MANUAL,1.3,R,,,,161500000.0
DAIHATSU,XENIA,2025,MANUAL,1.3,R,,,,185000000.0
DAIHATSU,XENIA,2025,MANUAL,1.3,R,,,,167500000.0
DAIHATSU,XENIA,2025,MANUAL,1.3,R,,,,165000000.0
DAIHATSU,XENIA,2025,MANUAL,1.3,X,,,,181500000.0
DAIHATSU,XENIA,2025,MANUAL,1.3,X,,,,157500000.0
DAIHATSU,XENIA,2025,MANUAL,1.3,X,,,,170000000.0
DAIHATSU,XENIA,2025,MANUAL,1.3,X,,,,180500000.0
DAIHATSU,XENIA,2025,MANUAL,1.3,X,,,,175000000.0
DATSUN,CROSS,2018,AUTOMATIC,1.2,,,,,65000000.0
DATSUN,CROSS,2018,MANUAL,1.2,,,,,71500000.0
DATSUN,GO,2014,MANUAL,1.2,T PANCA,,,,22000000.0
DATSUN,GO,2015,MANUAL,1.2,T PANCA,,,,56000000.0
DATSUN,GO,2015,MANUAL,1.2,T PANCA,,,,58750000.0
DATSUN,GO,2016,MANUAL,1.2,T PANCA,,,,59500000.0
DATSUN,GO,2016,MANUAL,1.2,T PANCA,,,,55000000.0
DATSUN,GO,2016,MANUAL,1.2,T PANCA,,,,49000000.0
DATSUN,GO,2017,MANUAL,1.2,T PANCA,,,,52000000.0
DATSUN,GO,2018,MANUAL,1.2,T PANCA,,,,71000000.0
DATSUN,GO,2018,MANUAL,1.2,T PANCA,,,,58500000.0
DATSUN,GO,2018,MANUAL,1.2,T PANCA,,,,61500000.0
DATSUN,GO PANCA,2015,MANUAL,1.2,T,,,,55500000.0
DATSUN,GO PANCA,2015,MANUAL,1.2,T,,,,42000000.0
DATSUN,GO PANCA,2016,MANUAL,1.2,T,,,,53000000.0
DATSUN,GO PANCA,2017,MANUAL,1.2,T,,,,48500000.0
DATSUN,GO PANCA,2017,MANUAL,1.2,T,,,,49500000.0
DATSUN,GO PANCA,2019,MANUAL,1.2,A,,,,73000000.0
DATSUN,GO PANCA,2019,MANUAL,1.2,T,,,,57000000.0
DATSUN,GO PANCA,2019,MANUAL,1.2,T,,,,59000000.0
DFSK,GLORY,2018,AUTOMATIC,1.5,580 LUXURY,,,,65000000.0
DFSK,GLORY,2019,AUTOMATIC,1.5,560 TURBO TYPE L,,,,95000000.0
DFSK,GLORY,2020,AUTOMATIC,1.5,560 TURBO TYPE L,,,,94500000.0
DFSK,GLORY,2020,AUTOMATIC,1.5,IAUTO,,,,100000000.0
DFSK,GLORY,2021,AUTOMATIC,1.5,IAUTO,,,,100500000.0
FORD,ECOSPORT,2014,AUTOMATIC,1.5,TITANIUM,,,,65000000.0
FORD,ECOSPORT,2015,AUTOMATIC,1.5,TITANIUM,,,,20000000.0
FORD,EVEREST,2010,MANUAL,2.5,XLT,,,,85000000.0
FORD,EVEREST,2013,AUTOMATIC,2.5,,,,,162500000.0
FORD,FIESTA,2011,AUTOMATIC,1.6,S,,,,50500000.0
FORD,FIESTA,2011,AUTOMATIC,1.6,S,,,,27000000.0
FORD,FIESTA,2012,AUTOMATIC,1.4,TREND,,,,38500000.0
FORD,FIESTA,2012,AUTOMATIC,1.6,S,,,,67500000.0
FORD,FIESTA,2014,AUTOMATIC,1.0,ECOBOOST,,,,55000000.0
FORD,FOCUS,2012,AUTOMATIC,1.6,TREND,,,,38500000.0
HINO,110,2021,MANUAL,4.0,LD,,,,212500000.0
HINO,110,2022,MANUAL,4.0,SDL,,,,240500000.0
HINO,115,2022,MANUAL,4.0,SD,,,,237700000.0
HINO,130,2013,MANUAL,4.0,HD,,,,201000000.0
HINO,130,2017,MANUAL,4.0,HD,,,,86000000.0
HINO,130,2020,MANUAL,4.0,MDL,,,,295500000.0
HINO,136,2022,MANUAL,4.0,HD,,,,223500000.0
HINO,136,2022,MANUAL,4.0,HD,,,,120000000.0
HINO,136,2023,MANUAL,4.0,HDX,,,,262000000.0
HINO,136,2023,MANUAL,4.0,HDX,,,,246500000.0
HINO,136,2025,MANUAL,4.0,HDX,,,,300000000.0
HINO,DUTRO,2013,MANUAL,4.0,110 SDL,,,,121000000.0
HINO,DUTRO,2016,MANUAL,4.0,130 HD PS,,,,150250000.0
HINO,DUTRO,2016,MANUAL,4.0,130 HD PS,,,,155500000.0
HINO,DUTRO,2020,MANUAL,4.0,110 SD PS,,,,179000000.0
HINO,DUTRO,2020,MANUAL,4.0,130 MDL,,,,288000000.0
HINO,DUTRO,2020,MANUAL,4.0,130 MDL,,,,290500000.0
HINO,DUTRO,2021,MANUAL,4.0,130 HD PS,,,,283500000.0
HINO,FG,2009,MANUAL,7.7,235 JP,,,,220000000.0
HINO,FL,2018,MANUAL,7.7,235 JW,,,,650000000.0
HINO,FL,2020,MANUAL,7.7,235 JW,,,,779500000.0
HINO,FL,2024,MANUAL,7.7,260 JW,,,,909500000.0
HINO,FM,2012,MANUAL,7.7,260 JD,,,,100500000.0
HINO,FM,2017,MANUAL,7.7,260 JD,,,,396500000.0
HINO,FM,2019,MANUAL,7.7,260 JD,,,,300000000.0
HINO,FM,2023,MANUAL,7.7,280 JD,,,,510000000.0
HONDA,,2023,AUTOMATIC,1.5,0,,,,337000000.0
HONDA,,2024,AUTOMATIC,1.5,0,,,,505000000.0
HONDA,,2025,AUTOMATIC,1.5,0,,,,396500000.0
HONDA,ACCORD,2005,AUTOMATIC,2.4,VTIL,,,,49000000.0
HONDA,ACCORD,2008,AUTOMATIC,2.4,VTI,,,,67500000.0
HONDA,ACCORD,2008,AUTOMATIC,2.4,VTIL,,,,79500000.0
HONDA,ACCORD,2010,AUTOMATIC,2.4,VTIL,,,,70000000.0
HONDA,ACCORD,2011,AUTOMATIC,2.4,VTIL,,,,100000000.0
HONDA,ACCORD,2011,AUTOMATIC,2.4,VTIL,,,,80000000.0
HONDA,ACCORD,2012,AUTOMATIC,2.4,VTIL,,,,88000000.0
HONDA,ACCORD,2015,AUTOMATIC,2.4,VTIL,,,,148000000.0
HONDA,ACCORD,2020,AUTOMATIC,1.5,,,,,292500000.0
HONDA,ACCORD,2020,AUTOMATIC,1.5,,,,,312000000.0
HONDA,ACCORD,2020,AUTOMATIC,1.5,,,,,270000000.0
HONDA,ACCORD,2020,AUTOMATIC,1.5,,,,,309500000.0
HONDA,ACCORD,2020,AUTOMATIC,1.5,VTEC TURBO,,,,300000000.0
HONDA,ACCORD,2022,AUTOMATIC,1.5,,,,,332500000.0
HONDA,ACCORD,2022,AUTOMATIC,1.5,,,,,320000000.0
HONDA,BR V,2016,AUTOMATIC,1.5,E,,,,140000000.0
HONDA,BR V,2016,AUTOMATIC,1.5,E,,,,131500000.0
HONDA,BR V,2016,AUTOMATIC,1.5,E,,,,120000000.0
HONDA,BR V,2016,AUTOMATIC,1.5,E,,,,108000000.0
HONDA,BR V,2016,AUTOMATIC,1.5,E,,,,131000000.0
HONDA,BR V,2016,AUTOMATIC,1.5,E,,,,126500000.0
HONDA,BR V,2016,AUTOMATIC,1.5,PRESTIGE,,,,139500000.0
HONDA,BR V,2016,AUTOMATIC,1.5,PRESTIGE,,,,126000000.0
HONDA,BR V,2016,AUTOMATIC,1.5,PRESTIGE,,,,104000000.0
HONDA,BR V,2016,MANUAL,1.5,E,,,,122000000.0
HONDA,BR V,2016,MANUAL,1.5,E,,,,125500000.0
HONDA,BR V,2016,MANUAL,1.5,E,,,,127000000.0
HONDA,BR V,2016,MANUAL,1.5,E,,,,130000000.0
HONDA,BR V,2017,AUTOMATIC,1.5,,266.0,146.5,55.08,
HONDA,BR V,2017,AUTOMATIC,1.5,E,252.0,142.5,56.55,134000000.0
HONDA,BR V,2017,AUTOMATIC,1.5,E,252.0,142.5,56.55,130500000.0
HONDA,BR V,2017,AUTOMATIC,1.5,PRESTIGE,,,,128000000.0
HONDA,BR V,2017,AUTOMATIC,1.5,PRESTIGE,,,,130500000.0
HONDA,BR V,2017,MANUAL,1.5,E,242.0,108.5,44.83,115000000.0
HONDA,BR V,2017,MANUAL,1.5,S,230.0,103.0,44.78,94000000.0
HONDA,BR V,2017,MANUAL,1.5,S,230.0,103.0,44.78,91000000.0
HONDA,BR V,2018,AUTOMATIC,1.5,,269.0,151.0,56.13,
HONDA,BR V,2018,AUTOMATIC,1.5,E,254.0,147.5,58.07,140500000.0
HONDA,BR V,2018,AUTOMATIC,1.5,PRESTIGE,,,,147000000.0
HONDA,BR V,2018,MANUAL,1.5,E,244.0,120.0,49.18,129500000.0
HONDA,BR V,2018,MANUAL,1.5,S,234.0,107.5,45.94,
HONDA,BR V,2019,AUTOMATIC,1.5,,279.0,153.0,54.84,
HONDA,BR V,2019,AUTOMATIC,1.5,E,262.0,152.5,58.21,157500000.0
HONDA,BR V,2019,AUTOMATIC,1.5,PRESTIGE,,,,163000000.0
HONDA,BR V,2019,MANUAL,1.5,E,252.0,124.0,49.21,134000000.0
HONDA,BR V,2019,MANUAL,1.5,S,238.0,113.5,47.69,
HONDA,BR V,2020,AUTOMATIC,1.5,,291.0,149.0,51.2,
HONDA,BR V,2020,AUTOMATIC,1.5,E,274.0,157.5,57.48,155500000.0
HONDA,BR V,2020,AUTOMATIC,1.5,PRESTIGE,,,,173500000.0
HONDA,BR V,2020,MANUAL,1.5,E,264.0,130.0,49.24,
HONDA,BR V,2020,MANUAL,1.5,S,248.0,123.5,49.8,
HONDA,BR V,2021,AUTOMATIC,1.5,,281.0,167.0,59.43,
HONDA,BR V,2021,AUTOMATIC,1.5,E,264.0,162.5,61.55,158000000.0
HONDA,BR V,2021,AUTOMATIC,1.5,E,264.0,162.5,61.55,162000000.0
HONDA,BR V,2021,AUTOMATIC,1.5,E,264.0,162.5,61.55,165500000.0
HONDA,BR V,2021,AUTOMATIC,1.5,PRESTIGE,,,,163000000.0
HONDA,BR V,2021,MANUAL,1.5,E,254.0,140.0,55.12,
HONDA,BR V,2021,MANUAL,1.5,S,240.0,132.5,55.21,
HONDA,BR V,2022,AUTOMATIC,1.5,,327.0,184.0,56.27,
HONDA,BR V,2022,AUTOMATIC,1.5,E,305.0,172.5,56.56,184000000.0
HONDA,BR V,2022,AUTOMATIC,1.5,E,305.0,172.5,56.56,180000000.0
HONDA,BR V,2022,AUTOMATIC,1.5,E,305.0,172.5,56.56,173500000.0
HONDA,BR V,2022,AUTOMATIC,1.5,E,305.0,172.5,56.56,163000000.0
HONDA,BR V,2022,AUTOMATIC,1.5,E,305.0,172.5,56.56,182000000.0
HONDA,BR V,2022,AUTOMATIC,1.5,E,305.0,172.5,56.56,169250000.0
HONDA,BR V,2022,AUTOMATIC,1.5,PRESTIGE,,,,197500000.0
HONDA,BR V,2022,AUTOMATIC,1.5,PRESTIGE,,,,207250000.0
HONDA,BR V,2022,AUTOMATIC,1.5,PRESTIGE,,,,196000000.0
HONDA,BR V,2022,AUTOMATIC,1.5,PRESTIGE,,,,182750000.0
HONDA,BR V,2022,AUTOMATIC,1.5,PRESTIGE,,,,182000000.0
HONDA,BR V,2022,AUTOMATIC,1.5,PRESTIGE,,,,181500000.0
HONDA,BR V,2022,AUTOMATIC,1.5,PRESTIGE HS,,,,179500000.0
HONDA,BR V,2022,AUTOMATIC,1.5,PRESTIGE HS,,,,183000000.0
HONDA,BR V,2022,AUTOMATIC,1.5,PRESTIGE HS,,,,179000000.0
HONDA,BR V,2022,MANUAL,1.5,E,281.0,161.0,57.3,155500000.0
HONDA,BR V,2022,MANUAL,1.5,E,281.0,161.0,57.3,170500000.0
HONDA,BR V,2022,MANUAL,1.5,S,281.0,135.5,48.22,125000000.0
HONDA,BR V,2022,MANUAL,1.5,S,281.0,135.5,48.22,157500000.0
HONDA,BR V,2023,AUTOMATIC,1.5,,335.0,193.5,57.76,
HONDA,BR V,2023,AUTOMATIC,1.5,E,312.0,177.5,56.89,178000000.0
HONDA,BR V,2023,AUTOMATIC,1.5,E,312.0,177.5,56.89,198500000.0
HONDA,BR V,2023,AUTOMATIC,1.5,E,312.0,177.5,56.89,179500000.0
HONDA,BR V,2023,AUTOMATIC,1.5,E,312.0,177.5,56.89,159000000.0
HONDA,BR V,2023,AUTOMATIC,1.5,PRESTIGE,,,,206000000.0
HONDA,BR V,2023,AUTOMATIC,1.5,PRESTIGE,,,,213000000.0
HONDA,BR V,2023,AUTOMATIC,1.5,PRESTIGE,,,,196000000.0
HONDA,BR V,2023,AUTOMATIC,1.5,PRESTIGE,,,,169750000.0
HONDA,BR V,2023,AUTOMATIC,1.5,PRESTIGE HS,,,,225000000.0
HONDA,BR V,2023,MANUAL,1.5,E,302.0,167.5,55.46,171500000.0
HONDA,BR V,2023,MANUAL,1.5,S,288.0,144.5,50.17,
HONDA,BR V,2024,AUTOMATIC,1.5,,342.0,221.5,64.77,
HONDA,BR V,2024,AUTOMATIC,1.5,E,318.0,182.5,57.39,202500000.0
HONDA,BR V,2024,AUTOMATIC,1.5,E,318.0,182.5,57.39,210000000.0
HONDA,BR V,2024,AUTOMATIC,1.5,E,318.0,182.5,57.39,227500000.0
HONDA,BR V,2024,AUTOMATIC,1.5,E,318.0,182.5,57.39,175000000.0
HONDA,BR V,2024,AUTOMATIC,1.5,PRESTIGE,,,,240000000.0
HONDA,BR V,2024,AUTOMATIC,1.5,PRESTIGE,,,,224000000.0
HONDA,BR V,2024,AUTOMATIC,1.5,PRESTIGE,,,,232000000.0
HONDA,BR V,2024,AUTOMATIC,1.5,PRESTIGE,,,,227500000.0
HONDA,BR V,2024,AUTOMATIC,1.5,PRESTIGE,,,,230000000.0
HONDA,BR V,2024,AUTOMATIC,1.5,PRESTIGE,,,,213750000.0
HONDA,BR V,2024,AUTOMATIC,1.5,PRESTIGE,,,,222000000.0
HONDA,BR V,2024,AUTOMATIC,1.5,PRESTIGE HS,,,,207500000.0
HONDA,BR V,2024,AUTOMATIC,1.5,PRESTIGE HS,,,,227500000.0
HONDA,BR V,2024,AUTOMATIC,1.5,PRESTIGE HS,,,,208500000.0
HONDA,BR V,2024,MANUAL,1.5,E,307.0,172.5,56.19,
HONDA,BR V,2024,MANUAL,1.5,S,292.0,154.0,52.74,
HONDA,BR V,2025,AUTOMATIC,1.5,E,,,,206500000.0
HONDA,BRIO,2012,AUTOMATIC,1.3,E,,,,104000000.0
HONDA,BRIO,2013,AUTOMATIC,1.2,E,,,,85000000.0
HONDA,BRIO,2013,AUTOMATIC,1.3,E,,,,79000000.0
HONDA,BRIO,2013,AUTOMATIC,1.3,E,,,,90500000.0
HONDA,BRIO,2013,AUTOMATIC,1.3,E,,,,87500000.0
HONDA,BRIO,2013,AUTOMATIC,1.3,S,,,,89500000.0
HONDA,BRIO,2014,AUTOMATIC,1.2,E,,,,99500000.0
HONDA,BRIO,2014,AUTOMATIC,1.2,E,,,,86000000.0
HONDA,BRIO,2014,AUTOMATIC,1.2,E,,,,84000000.0
HONDA,BRIO,2014,AUTOMATIC,1.2,E,,,,47500000.0
HONDA,BRIO,2014,MANUAL,1.2,SATYA E,,,,95000000.0
HONDA,BRIO,2014,MANUAL,1.2,SATYA E,,,,78250000.0
HONDA,BRIO,2014,MANUAL,1.2,SATYA E,,,,82000000.0
HONDA,BRIO,2014,MANUAL,1.2,SATYA E,,,,75250000.0
HONDA,BRIO,2014,MANUAL,1.2,SATYA E,,,,65000000.0
HONDA,BRIO,2014,MANUAL,1.2,SATYA E,,,,80500000.0
HONDA,BRIO,2015,AUTOMATIC,1.2,E,,,,89000000.0
HONDA,BRIO,2015,AUTOMATIC,1.2,E,,,,99500000.0
HONDA,BRIO,2015,AUTOMATIC,1.2,SATYA E,,,,80000000.0
HONDA,BRIO,2015,MANUAL,1.2,E,,,,88500000.0
HONDA,BRIO,2015,MANUAL,1.2,E,,,,66000000.0
HONDA,BRIO,2015,MANUAL,1.2,SATYA E,,,,80000000.0
HONDA,BRIO,2015,MANUAL,1.2,SATYA E,,,,79500000.0
HONDA,BRIO,2015,MANUAL,1.2,SATYA E,,,,82500000.0
HONDA,BRIO,2015,MANUAL,1.2,SATYA E,,,,67500000.0
HONDA,BRIO,2016,AUTOMATIC,1.2,E,,,,91500000.0
HONDA,BRIO,2016,AUTOMATIC,1.2,RS,,,,112500000.0
HONDA,BRIO,2016,AUTOMATIC,1.2,RS,,,,99000000.0
HONDA,BRIO,2016,AUTOMATIC,1.2,SATYA E,,,,95000000.0
HONDA,BRIO,2016,MANUAL,1.2,SATYA E,,,,87500000.0
HONDA,BRIO,2016,MANUAL,1.2,SATYA E,,,,86700000.0
HONDA,BRIO,2016,MANUAL,1.2,SATYA E,,,,94000000.0
HONDA,BRIO,2016,MANUAL,1.2,SATYA E,,,,69000000.0
HONDA,BRIO,2017,AUTOMATIC,1.2,E,151.0,96.5,63.91,96000000.0
HONDA,BRIO,2017,AUTOMATIC,1.2,E,151.0,96.5,63.91,93000000.0
HONDA,BRIO,2017,AUTOMATIC,1.2,RS,177.0,108.5,61.3,117500000.0
HONDA,BRIO,2017,AUTOMATIC,1.2,SATYA E,,,,106000000.0
HONDA,BRIO,2017,AUTOMATIC,1.2,SATYA E,,,,110500000.0
HONDA,BRIO,2017,AUTOMATIC,1.2,SATYA E,,,,106000000.0
HONDA,BRIO,2017,AUTOMATIC,1.2,SATYA E,,,,104000000.0
HONDA,BRIO,2017,AUTOMATIC,1.2,SATYA E,,,,92250000.0
HONDA,BRIO,2017,MANUAL,1.2,E,136.0,88.5,65.07,84500000.0
HONDA,BRIO,2017,MANUAL,1.2,E,136.0,88.5,65.07,89000000.0
HONDA,BRIO,2017,MANUAL,1.2,RS,163.0,105.0,64.42,102000000.0
HONDA,BRIO,2017,MANUAL,1.2,RS,163.0,105.0,64.42,105000000.0
HONDA,BRIO,2017,MANUAL,1.2,S,131.0,81.0,61.83,
HONDA,BRIO,2017,MANUAL,1.2,SATYA E,,,,91500000.0
HONDA,BRIO,2017,MANUAL,1.2,SATYA E,,,,94500000.0
HONDA,BRIO,2017,MANUAL,1.2,SATYA E,,,,92500000.0
HONDA,BRIO,2017,MANUAL,1.2,SATYA E,,,,80500000.0
HONDA,BRIO,2017,MANUAL,1.2,SATYA S,,,,82500000.0
HONDA,BRIO,2018,AUTOMATIC,1.2,E,152.0,111.0,73.03,
HONDA,BRIO,2018,AUTOMATIC,1.2,RS,178.0,122.5,68.82,122000000.0
HONDA,BRIO,2018,AUTOMATIC,1.2,RS,178.0,122.5,68.82,115000000.0
HONDA,BRIO,2018,AUTOMATIC,1.2,SATYA E,,,,104500000.0
HONDA,BRIO,2018,AUTOMATIC,1.2,SATYA E,,,,102500000.0
HONDA,BRIO,2018,AUTOMATIC,1.2,SATYA E,,,,99000000.0
HONDA,BRIO,2018,AUTOMATIC,1.2,SATYA E,,,,117500000.0
HONDA,BRIO,2018,MANUAL,1.2,E,137.0,95.5,69.71,106000000.0
HONDA,BRIO,2018,MANUAL,1.2,RS,164.0,114.5,69.82,54000000.0
HONDA,BRIO,2018,MANUAL,1.2,RS,164.0,114.5,69.82,90000000.0
HONDA,BRIO,2018,MANUAL,1.2,RS,164.0,114.5,69.82,121000000.0
HONDA,BRIO,2018,MANUAL,1.2,S,132.0,85.0,64.39,
HONDA,BRIO,2018,MANUAL,1.2,SATYA E,,,,97000000.0
HONDA,BRIO,2018,MANUAL,1.2,SATYA E,,,,105250000.0
HONDA,BRIO,2018,MANUAL,1.2,SATYA E,,,,95000000.0
HONDA,BRIO,2018,MANUAL,1.2,SATYA E,,,,85850000.0
HONDA,BRIO,2018,MANUAL,1.2,SATYA E,,,,99000000.0
HONDA,BRIO,2018,MANUAL,1.2,SATYA S,,,,83500000.0
HONDA,BRIO,2018,MANUAL,1.2,SATYA S,,,,92500000.0
HONDA,BRIO,2019,AUTOMATIC,1.2,E,162.0,116.5,71.91,
HONDA,BRIO,2019,AUTOMATIC,1.2,RS,191.0,136.0,71.2,138750000.0
HONDA,BRIO,2019,AUTOMATIC,1.2,RS,191.0,136.0,71.2,126000000.0
HONDA,BRIO,2019,AUTOMATIC,1.2,RS,191.0,136.0,71.2,140000000.0
HONDA,BRIO,2019,AUTOMATIC,1.2,RS,191.0,136.0,71.2,144500000.0
HONDA,BRIO,2019,AUTOMATIC,1.2,RS,191.0,136.0,71.2,134000000.0
HONDA,BRIO,2019,AUTOMATIC,1.2,SATYA E,,,,131000000.0
HONDA,BRIO,2019,AUTOMATIC,1.2,SATYA E,,,,115000000.0
HONDA,BRIO,2019,AUTOMATIC,1.2,SATYA E,,,,124000000.0
HONDA,BRIO,2019,AUTOMATIC,1.2,SATYA E,,,,120000000.0
HONDA,BRIO,2019,AUTOMATIC,1.2,SATYA E,,,,126000000.0
HONDA,BRIO,2019,MANUAL,1.2,E,148.0,105.0,70.95,116000000.0
HONDA,BRIO,2019,MANUAL,1.2,RS,176.0,121.0,68.75,
HONDA,BRIO,2019,MANUAL,1.2,S,140.0,92.5,66.07,
HONDA,BRIO,2019,MANUAL,1.2,SATYA E,,,,117000000.0
HONDA,BRIO,2019,MANUAL,1.2,SATYA E,,,,116000000.0
HONDA,BRIO,2019,MANUAL,1.2,SATYA E,,,,118500000.0
HONDA,BRIO,2019,MANUAL,1.2,SATYA E,,,,88000000.0
HONDA,BRIO,2019,MANUAL,1.2,SATYA E,,,,118000000.0
HONDA,BRIO,2019,MANUAL,1.2,SATYA E,,,,120000000.0
HONDA,BRIO,2019,MANUAL,1.2,SATYA E,,,,116500000.0
HONDA,BRIO,2019,MANUAL,1.2,SATYA E,,,,109500000.0
HONDA,BRIO,2019,MANUAL,1.2,SATYA S,,,,84500000.0
HONDA,BRIO,2019,MANUAL,1.2,SATYA S,,,,100000000.0
HONDA,BRIO,2020,AUTOMATIC,1.2,E,170.0,121.5,71.47,
HONDA,BRIO,2020,AUTOMATIC,1.2,RS,194.0,143.5,73.97,138500000.0
HONDA,BRIO,2020,AUTOMATIC,1.2,RS,194.0,143.5,73.97,125000000.0
HONDA,BRIO,2020,AUTOMATIC,1.2,SATYA E,,,,125500000.0
HONDA,BRIO,2020,AUTOMATIC,1.2,SATYA E,,,,136500000.0
HONDA,BRIO,2020,AUTOMATIC,1.2,SATYA E,,,,130000000.0
HONDA,BRIO,2020,MANUAL,1.2,E,154.0,115.0,74.68,
HONDA,BRIO,2020,MANUAL,1.2,RS,179.0,128.0,71.51,
HONDA,BRIO,2020,MANUAL,1.2,S,146.0,104.5,71.58,
HONDA,BRIO,2020,MANUAL,1.2,SATYA E,,,,115000000.0
HONDA,BRIO,2020,MANUAL,1.2,SATYA S,,,,117000000.0
HONDA,BRIO,2020,MANUAL,1.2,SATYA S,,,,95500000.0
HONDA,BRIO,2021,AUTOMATIC,1.2,E,175.0,126.0,72.0,
HONDA,BRIO,2021,AUTOMATIC,1.2,RS,200.0,152.5,76.25,151000000.0
HONDA,BRIO,2021,AUTOMATIC,1.2,RS,200.0,152.5,76.25,145000000.0
HONDA,BRIO,2021,AUTOMATIC,1.2,RS,200.0,152.5,76.25,142000000.0
HONDA,BRIO,2021,AUTOMATIC,1.2,RS,200.0,152.5,76.25,153500000.0
HONDA,BRIO,2021,AUTOMATIC,1.2,RS,200.0,152.5,76.25,144500000.0
HONDA,BRIO,2021,AUTOMATIC,1.2,SATYA E,,,,129500000.0
HONDA,BRIO,2021,AUTOMATIC,1.2,SATYA E,,,,129750000.0
HONDA,BRIO,2021,AUTOMATIC,1.2,SATYA E,,,,124500000.0
HONDA,BRIO,2021,AUTOMATIC,1.2,SATYA E,,,,130000000.0
HONDA,BRIO,2021,AUTOMATIC,1.2,SATYA E,,,,127000000.0
HONDA,BRIO,2021,MANUAL,1.2,E,160.0,122.0,76.25,
HONDA,BRIO,2021,MANUAL,1.2,RS,184.0,133.5,72.55,
HONDA,BRIO,2021,MANUAL,1.2,S,151.0,108.0,71.52,
HONDA,BRIO,2021,MANUAL,1.2,SATYA E,,,,121500000.0
HONDA,BRIO,2021,MANUAL,1.2,SATYA E,,,,110000000.0
HONDA,BRIO,2021,MANUAL,1.2,SATYA E,,,,112500000.0
HONDA,BRIO,2021,MANUAL,1.2,SATYA E,,,,105000000.0
HONDA,BRIO,2021,MANUAL,1.2,SATYA S,,,,99000000.0
HONDA,BRIO,2022,AUTOMATIC,1.2,E,186.0,129.0,69.35,138000000.0
HONDA,BRIO,2022,AUTOMATIC,1.2,E,186.0,129.0,69.35,136500000.0
HONDA,BRIO,2022,AUTOMATIC,1.2,E,186.0,129.0,69.35,124000000.0
HONDA,BRIO,2022,AUTOMATIC,1.2,E,186.0,129.0,69.35,131500000.0
HONDA,BRIO,2022,AUTOMATIC,1.2,RS,227.0,157.5,69.38,
HONDA,BRIO,2022,AUTOMATIC,1.2,SATYA E,,,,145000000.0
HONDA,BRIO,2022,AUTOMATIC,1.2,SATYA E,,,,140500000.0
HONDA,BRIO,2022,AUTOMATIC,1.2,SATYA E,,,,132500000.0
HONDA,BRIO,2022,AUTOMATIC,1.2,SATYA E,,,,127750000.0
HONDA,BRIO,2022,AUTOMATIC,1.2,SATYA E,,,,124000000.0
HONDA,BRIO,2022,AUTOMATIC,1.2,SATYA E,,,,132500000.0
HONDA,BRIO,2022,AUTOMATIC,1.2,SATYA E,,,,136250000.0
HONDA,BRIO,2022,MANUAL,1.2,E,170.0,125.5,73.82,122500000.0
HONDA,BRIO,2022,MANUAL,1.2,RS,217.0,137.5,63.36,
HONDA,BRIO,2022,MANUAL,1.2,S,157.0,111.5,71.02,
HONDA,BRIO,2022,MANUAL,1.2,SATYA E,,,,136500000.0
HONDA,BRIO,2022,MANUAL,1.2,SATYA E,,,,126000000.0
HONDA,BRIO,2022,MANUAL,1.2,SATYA E,,,,120000000.0
HONDA,BRIO,2022,MANUAL,1.2,SATYA E,,,,112500000.0
HONDA,BRIO,2022,MANUAL,1.2,SATYA E,,,,120000000.0
HONDA,BRIO,2022,MANUAL,1.2,SATYA E,,,,126000000.0
HONDA,BRIO,2022,MANUAL,1.2,SATYA E,,,,134000000.0
HONDA,BRIO,2022,MANUAL,1.2,SATYA E,,,,131000000.0
HONDA,BRIO,2023,AUTOMATIC,1.2,E,190.0,144.5,76.05,
HONDA,BRIO,2023,AUTOMATIC,1.2,RS,233.0,161.5,69.31,168000000.0
HONDA,BRIO,2023,AUTOMATIC,1.2,RS,233.0,161.5,69.31,158500000.0
HONDA,BRIO,2023,AUTOMATIC,1.2,SATYA E,,,,152500000.0
HONDA,BRIO,2023,AUTOMATIC,1.2,SATYA E,,,,142500000.0
HONDA,BRIO,2023,AUTOMATIC,1.2,SATYA E,,,,142250000.0
HONDA,BRIO,2023,AUTOMATIC,1.2,SATYA E,,,,146750000.0
HONDA,BRIO,2023,AUTOMATIC,1.2,SATYA E,,,,138250000.0
HONDA,BRIO,2023,AUTOMATIC,1.2,SATYA E,,,,142000000.0
HONDA,BRIO,2023,AUTOMATIC,1.2,SATYA E,,,,138000000.0
HONDA,BRIO,2023,AUTOMATIC,1.2,SATYA E,,,,145666666.666667
HONDA,BRIO,2023,AUTOMATIC,1.2,SATYA E,,,,146750000.0
HONDA,BRIO,2023,MANUAL,1.2,E,175.0,133.5,76.29,126500000.0
HONDA,BRIO,2023,MANUAL,1.2,RS,223.0,147.5,66.14,148000000.0
HONDA,BRIO,2023,MANUAL,1.2,S,160.0,116.0,72.5,125000000.0
HONDA,BRIO,2023,MANUAL,1.2,SATYA E,,,,136000000.0
HONDA,BRIO,2023,MANUAL,1.2,SATYA E,,,,122500000.0
HONDA,BRIO,2023,MANUAL,1.2,SATYA E,,,,132500000.0
HONDA,BRIO,2023,MANUAL,1.2,SATYA E,,,,137000000.0
HONDA,BRIO,2023,MANUAL,1.2,SATYA S,,,,127000000.0
HONDA,BRIO,2023,MANUAL,1.2,SATYA S,,,,124000000.0
HONDA,BRIO,2023,MANUAL,1.2,SATYA S,,,,117000000.0
HONDA,BRIO,2023,MANUAL,1.2,SATYA S,,,,129000000.0
HONDA,BRIO,2023,MANUAL,1.2,SATYA S,,,,115000000.0
HONDA,BRIO,2023,MANUAL,1.2,SATYA S,,,,116500000.0
HONDA,BRIO,2024,AUTOMATIC,1.2,E,198.0,151.5,76.52,140000000.0
HONDA,BRIO,2024,AUTOMATIC,1.2,E,198.0,151.5,76.52,155500000.0
HONDA,BRIO,2024,AUTOMATIC,1.2,E,198.0,151.5,76.52,154500000.0
HONDA,BRIO,2024,AUTOMATIC,1.2,RS,253.0,166.5,65.81,179500000.0
HONDA,BRIO,2024,AUTOMATIC,1.2,RS,253.0,166.5,65.81,176500000.0
HONDA,BRIO,2024,AUTOMATIC,1.2,RS,253.0,166.5,65.81,173500000.0
HONDA,BRIO,2024,AUTOMATIC,1.2,RS,253.0,166.5,65.81,189000000.0
HONDA,BRIO,2024,AUTOMATIC,1.2,SATYA E,,,,145000000.0
HONDA,BRIO,2024,AUTOMATIC,1.2,SATYA E,,,,161750000.0
HONDA,BRIO,2024,AUTOMATIC,1.2,SATYA E,,,,149250000.0
HONDA,BRIO,2024,AUTOMATIC,1.2,SATYA E,,,,162750000.0
HONDA,BRIO,2024,AUTOMATIC,1.2,SATYA E,,,,155000000.0
HONDA,BRIO,2024,AUTOMATIC,1.2,SATYA E,,,,136500000.0
HONDA,BRIO,2024,AUTOMATIC,1.2,SATYA E,,,,150500000.0
HONDA,BRIO,2024,AUTOMATIC,1.2,SATYA E,,,,153250000.0
HONDA,BRIO,2024,AUTOMATIC,1.2,SATYA E,,,,148650000.0
HONDA,BRIO,2024,AUTOMATIC,1.2,SATYA E,,,,163500000.0
HONDA,BRIO,2024,AUTOMATIC,1.2,SATYA E,,,,153083333.333333
HONDA,BRIO,2024,AUTOMATIC,1.2,SATYA E,,,,150000000.0
HONDA,BRIO,2024,AUTOMATIC,1.2,SATYA E,,,,152700000.0
HONDA,BRIO,2024,MANUAL,1.2,E,182.0,143.0,78.57,135500000.0
HONDA,BRIO,2024,MANUAL,1.2,RS,243.0,155.0,63.79,
HONDA,BRIO,2024,MANUAL,1.2,S,167.0,121.5,72.75,
HONDA,BRIO,2024,MANUAL,1.2,SATYA E,,,,136750000.0
HONDA,BRIO,2024,MANUAL,1.2,SATYA E,,,,140000000.0
HONDA,BRIO,2024,MANUAL,1.2,SATYA E,,,,145500000.0
HONDA,BRIO,2024,MANUAL,1.2,SATYA E,,,,148000000.0
HONDA,BRIO,2024,MANUAL,1.2,SATYA E,,,,143000000.0
HONDA,BRIO,2024,MANUAL,1.2,SATYA E,,,,152000000.0
HONDA,BRIO,2024,MANUAL,1.2,SATYA E,,,,132000000.0
HONDA,BRIO,2024,MANUAL,1.2,SATYA S,,,,123500000.0
HONDA,BRIO,2024,MANUAL,1.2,SATYA S,,,,125000000.0
HONDA,BRIO,2024,MANUAL,1.2,SATYA S,,,,130500000.0
HONDA,BRIO,2024,MANUAL,1.2,SATYA S,,,,135000000.0
HONDA,BRIO,2024,MANUAL,1.2,SATYA S,,,,145000000.0
HONDA,BRIO,2025,AUTOMATIC,1.2,E,,,,170000000.0
HONDA,BRIO,2025,AUTOMATIC,1.2,RS,,,,200000000.0
HONDA,BRIO,2025,AUTOMATIC,1.2,RS,,,,191500000.0
HONDA,BRIO,2025,AUTOMATIC,1.2,RS,,,,195000000.0
HONDA,BRIO,2025,AUTOMATIC,1.2,RS,,,,175500000.0
HONDA,BRIO,2025,AUTOMATIC,1.2,SATYA E,,,,171000000.0
HONDA,BRIO,2025,AUTOMATIC,1.2,SATYA E,,,,155250000.0
HONDA,BRIO,2025,AUTOMATIC,1.2,SATYA E,,,,168500000.0
HONDA,BRIO,2025,AUTOMATIC,1.2,SATYA E,,,,161500000.0
HONDA,BRIO,2025,AUTOMATIC,1.2,SATYA E,,,,152250000.0
HONDA,BRIO,2025,AUTOMATIC,1.2,SATYA E,,,,165500000.0
HONDA,BRIO,2025,AUTOMATIC,1.2,SATYA E,,,,158375000.0
HONDA,BRIO,2025,AUTOMATIC,1.2,SATYA E,,,,160500000.0
HONDA,BRIO,2025,AUTOMATIC,1.2,SATYA E,,,,157500000.0
HONDA,BRIO,2025,AUTOMATIC,1.2,SATYA E,,,,167000000.0
HONDA,BRIO,2025,MANUAL,1.2,E,,,,130000000.0
HONDA,BRIO,2025,MANUAL,1.2,E,,,,148500000.0
HONDA,BRIO,2025,MANUAL,1.2,SATYA E,,,,161000000.0
HONDA,BRIO,2025,MANUAL,1.2,SATYA E,,,,139500000.0
HONDA,BRIO,2025,MANUAL,1.2,SATYA E,,,,150500000.0
HONDA,BRIO,2025,MANUAL,1.2,SATYA E,,,,127000000.0
HONDA,BRIO,2025,MANUAL,1.2,SATYA E,,,,138000000.0
HONDA,BRIO,2025,MANUAL,1.2,SATYA E,,,,145000000.0
HONDA,BRIO,2025,MANUAL,1.2,SATYA E,,,,150500000.0
HONDA,BRIO,2025,MANUAL,1.2,SATYA S,,,,139000000.0
HONDA,BRIO,2025,MANUAL,1.2,SATYA S,,,,130000000.0
HONDA,CITY,2006,AUTOMATIC,1.5,,,,,44000000.0
HONDA,CITY,2008,AUTOMATIC,1.5,IDSI,,,,44000000.0
HONDA,CITY,2009,AUTOMATIC,1.5,E,,,,35000000.0
HONDA,CITY,2009,AUTOMATIC,1.5,S,,,,65000000.0
HONDA,CITY,2012,AUTOMATIC,1.5,E,,,,108000000.0
HONDA,CITY,2012,AUTOMATIC,1.5,S,,,,91000000.0
HONDA,CITY,2013,AUTOMATIC,1.5,E,,,,111000000.0
HONDA,CITY,2013,AUTOMATIC,1.5,E,,,,106500000.0
HONDA,CITY,2015,AUTOMATIC,1.5,E,,,,117000000.0
HONDA,CITY,2016,MANUAL,1.5,E,,,,89000000.0
HONDA,CITY,2017,AUTOMATIC,1.5,E,320.0,125.0,39.06,
HONDA,CITY,2017,MANUAL,1.5,E,310.0,104.5,33.71,
HONDA,CITY,2018,AUTOMATIC,1.5,E,322.0,132.5,41.15,162500000.0
HONDA,CITY,2018,MANUAL,1.5,E,313.0,114.0,36.42,
HONDA,CITY,2019,AUTOMATIC,1.5,E,334.0,142.5,42.66,
HONDA,CITY,2019,MANUAL,1.5,E,324.0,120.5,37.19,
HONDA,CITY,2020,AUTOMATIC,1.5,E,345.0,147.5,42.75,
HONDA,CITY,2021,AUTOMATIC,1.5,E,352.0,152.5,43.32,
HONDA,CITY,2021,AUTOMATIC,1.5,HATCHBACK RS,,,,188000000.0
HONDA,CITY,2021,AUTOMATIC,1.5,HATCHBACK RS,,,,182500000.0
HONDA,CITY,2021,AUTOMATIC,1.5,HATCHBACK RS,,,,166000000.0
HONDA,CITY,2021,AUTOMATIC,1.5,HATCHBACK RS,,,,177000000.0
HONDA,CITY,2021,AUTOMATIC,1.5,HATCHBACK RS,,,,172000000.0
HONDA,CITY,2021,AUTOMATIC,1.5,HATCHBACK RS,,,,157000000.0
HONDA,CITY,2021,AUTOMATIC,1.5,HATCHBACK RS,,,,185000000.0
HONDA,CITY,2021,AUTOMATIC,1.5,RS,299.0,177.5,59.36,
HONDA,CITY,2021,MANUAL,1.5,RS,289.0,173.0,59.86,
HONDA,CITY,2022,AUTOMATIC,1.5,E,365.0,162.5,44.52,
HONDA,CITY,2022,AUTOMATIC,1.5,HATCHBACK RS,,,,183000000.0
HONDA,CITY,2022,AUTOMATIC,1.5,HATCHBACK RS,,,,188500000.0
HONDA,CITY,2022,AUTOMATIC,1.5,HATCHBACK RS,,,,185000000.0
HONDA,CITY,2022,AUTOMATIC,1.5,HATCHBACK RS,,,,166000000.0
HONDA,CITY,2022,AUTOMATIC,1.5,RS,343.0,195.0,56.85,
HONDA,CITY,2022,MANUAL,1.5,RS,333.0,177.5,53.3,
HONDA,CITY,2023,AUTOMATIC,1.5,E,373.0,176.5,47.32,
HONDA,CITY,2023,AUTOMATIC,1.5,HATCHBACK RS HS,,,,205000000.0
HONDA,CITY,2023,AUTOMATIC,1.5,RS,353.0,195.0,55.24,
HONDA,CITY,2023,MANUAL,1.5,RS,343.0,182.5,53.21,
HONDA,CITY,2024,AUTOMATIC,1.5,E,398.0,182.5,45.85,
HONDA,CITY,2024,AUTOMATIC,1.5,RS,362.0,205.0,56.63,
HONDA,CITY,2024,MANUAL,1.5,RS,352.0,186.5,52.98,
HONDA,CIVIC,2008,AUTOMATIC,1.8,,,,,63000000.0
HONDA,CIVIC,2010,AUTOMATIC,1.8,,,,,93000000.0
HONDA,CIVIC,2013,AUTOMATIC,1.8,,,,,121000000.0
HONDA,CIVIC,2016,AUTOMATIC,1.5,,,,,245000000.0
HONDA,CIVIC,2016,AUTOMATIC,1.5,,,,,217750000.0
HONDA,CIVIC,2016,AUTOMATIC,1.5,,,,,222000000.0
HONDA,CIVIC,2018,AUTOMATIC,1.5,,,,,261500000.0
HONDA,CIVIC,2018,AUTOMATIC,1.5,HATCHBACK S,,,,220000000.0
HONDA,CIVIC,2019,AUTOMATIC,1.5,,,,,255500000.0
HONDA,CIVIC,2020,AUTOMATIC,1.5,,,,,252000000.0
HONDA,CIVIC,2020,AUTOMATIC,1.5,,,,,292500000.0
HONDA,CR V,2008,MANUAL,2.0,,,,,54500000.0
HONDA,CR V,2009,AUTOMATIC,2.4,,,,,65000000.0
HONDA,CR V,2010,AUTOMATIC,2.4,,,,,84000000.0
HONDA,CR V,2010,AUTOMATIC,2.4,,,,,79000000.0
HONDA,CR V,2010,AUTOMATIC,2.4,,,,,92000000.0
HONDA,CR V,2011,AUTOMATIC,2.4,,,,,77000000.0
HONDA,CR V,2012,AUTOMATIC,2.0,,,,,95000000.0
HONDA,CR V,2012,AUTOMATIC,2.4,,,,,100000000.0
HONDA,CR V,2013,AUTOMATIC,2.0,,,,,136000000.0
HONDA,CR V,2013,AUTOMATIC,2.0,,,,,123000000.0
HONDA,CR V,2013,AUTOMATIC,2.0,,,,,125000000.0
HONDA,CR V,2013,AUTOMATIC,2.4,,,,,129000000.0
HONDA,CR V,2013,AUTOMATIC,2.4,,,,,137000000.0
HONDA,CR V,2013,AUTOMATIC,2.4,,,,,133500000.0
HONDA,CR V,2013,AUTOMATIC,2.4,,,,,120500000.0
HONDA,CR V,2013,AUTOMATIC,2.4,,,,,117000000.0
HONDA,CR V,2015,AUTOMATIC,2.0,,,,,139000000.0
HONDA,CR V,2015,AUTOMATIC,2.0,,,,,134000000.0
HONDA,CR V,2015,AUTOMATIC,2.0,,,,,138500000.0
HONDA,CR V,2015,AUTOMATIC,2.4,PRESTIGE,,,,171000000.0
HONDA,CR V,2015,AUTOMATIC,2.4,PRESTIGE,,,,158000000.0
HONDA,CR V,2015,AUTOMATIC,2.4,PRESTIGE,,,,143500000.0
HONDA,CR V,2016,AUTOMATIC,2.0,,,,,148500000.0
HONDA,CR V,2016,AUTOMATIC,2.4,,,,,167500000.0
HONDA,CR V,2016,AUTOMATIC,2.4,,,,,128500000.0
HONDA,CR V,2016,AUTOMATIC,2.4,PRESTIGE,,,,150000000.0
HONDA,CR V,2016,AUTOMATIC,2.4,PRESTIGE,,,,183000000.0
HONDA,CR V,2016,MANUAL,2.0,,,,,142000000.0
HONDA,CR V,2017,AUTOMATIC,1.5,PRESTIGE,,,,244500000.0
HONDA,CR V,2017,AUTOMATIC,1.5,PRESTIGE,,,,250500000.0
HONDA,CR V,2017,AUTOMATIC,1.5,PRESTIGE,,,,89000000.0
HONDA,CR V,2017,AUTOMATIC,1.5,PRESTIGE,,,,230000000.0
HONDA,CR V,2017,AUTOMATIC,1.5,T,,,,223000000.0
HONDA,CR V,2017,AUTOMATIC,1.5,TURBO,458.0,212.5,46.4,
HONDA,CR V,2017,AUTOMATIC,1.5,TURBO,498.0,220.0,44.18,
HONDA,CR V,2017,AUTOMATIC,2.0,,424.0,204.0,48.11,129000000.0
HONDA,CR V,2017,AUTOMATIC,2.0,,424.0,204.0,48.11,192000000.0
HONDA,CR V,2018,AUTOMATIC,1.5,PRESTIGE,,,,275000000.0
HONDA,CR V,2018,AUTOMATIC,1.5,PRESTIGE,,,,248250000.0
HONDA,CR V,2018,AUTOMATIC,1.5,PRESTIGE,,,,251500000.0
HONDA,CR V,2018,AUTOMATIC,1.5,PRESTIGE,,,,259500000.0
HONDA,CR V,2018,AUTOMATIC,1.5,T,,,,220000000.0
HONDA,CR V,2018,AUTOMATIC,1.5,TURBO,468.0,217.5,46.47,226000000.0
HONDA,CR V,2018,AUTOMATIC,1.5,TURBO,508.0,242.5,47.74,226000000.0
HONDA,CR V,2018,AUTOMATIC,2.0,,434.0,211.5,48.73,203000000.0
HONDA,CR V,2019,AUTOMATIC,1.5,,,,,225000000.0
HONDA,CR V,2019,AUTOMATIC,1.5,PRESTIGE,,,,297000000.0
HONDA,CR V,2019,AUTOMATIC,1.5,PRESTIGE,,,,281750000.0
HONDA,CR V,2019,AUTOMATIC,1.5,PRESTIGE,,,,300000000.0
HONDA,CR V,2019,AUTOMATIC,1.5,T,,,,248000000.0
HONDA,CR V,2019,AUTOMATIC,1.5,T,,,,235000000.0
HONDA,CR V,2019,AUTOMATIC,1.5,TURBO,478.0,230.0,48.12,
HONDA,CR V,2019,AUTOMATIC,1.5,TURBO,518.0,249.0,48.07,
HONDA,CR V,2019,AUTOMATIC,2.0,,445.0,215.5,48.43,215000000.0
HONDA,CR V,2020,AUTOMATIC,1.5,,,,,245000000.0
HONDA,CR V,2020,AUTOMATIC,1.5,,,,,280000000.0
HONDA,CR V,2020,AUTOMATIC,1.5,,,,,268500000.0
HONDA,CR V,2020,AUTOMATIC,1.5,PRESTIGE,,,,303500000.0
HONDA,CR V,2020,AUTOMATIC,1.5,PRESTIGE,,,,308000000.0
HONDA,CR V,2020,AUTOMATIC,1.5,PRESTIGE,,,,220000000.0
HONDA,CR V,2020,AUTOMATIC,1.5,T,,,,255000000.0
HONDA,CR V,2020,AUTOMATIC,1.5,T,,,,246250000.0
HONDA,CR V,2020,AUTOMATIC,1.5,T,,,,272000000.0
HONDA,CR V,2020,AUTOMATIC,1.5,TURBO,498.0,242.5,48.69,
HONDA,CR V,2020,AUTOMATIC,1.5,TURBO,539.0,263.5,48.89,
HONDA,CR V,2020,AUTOMATIC,2.0,,460.0,237.5,51.63,241500000.0
HONDA,CR V,2020,AUTOMATIC,2.0,,460.0,237.5,51.63,225250000.0
HONDA,CR V,2020,AUTOMATIC,2.0,,460.0,237.5,51.63,212000000.0
HONDA,CR V,2021,AUTOMATIC,1.5,,,,,320000000.0
HONDA,CR V,2021,AUTOMATIC,1.5,,,,,370500000.0
HONDA,CR V,2021,AUTOMATIC,1.5,,,,,305000000.0
HONDA,CR V,2021,AUTOMATIC,1.5,PRESTIGE,,,,325000000.0
HONDA,CR V,2021,AUTOMATIC,1.5,PRESTIGE,,,,358500000.0
HONDA,CR V,2021,AUTOMATIC,1.5,PRESTIGE,,,,350500000.0
HONDA,CR V,2021,AUTOMATIC,1.5,PRESTIGE,,,,343500000.0
HONDA,CR V,2021,AUTOMATIC,1.5,PRESTIGE,,,,356500000.0
HONDA,CR V,2021,AUTOMATIC,1.5,T,,,,308000000.0
HONDA,CR V,2021,AUTOMATIC,1.5,T,,,,324500000.0
HONDA,CR V,2021,AUTOMATIC,1.5,TURBO,506.0,285.0,56.32,
HONDA,CR V,2021,AUTOMATIC,1.5,TURBO,558.0,315.0,56.45,
HONDA,CR V,2021,AUTOMATIC,2.0,,465.0,242.5,52.15,243000000.0
HONDA,CR V,2021,AUTOMATIC,2.0,,465.0,242.5,52.15,235500000.0
HONDA,CR V,2022,AUTOMATIC,1.5,,,,,316250000.0
HONDA,CR V,2022,AUTOMATIC,1.5,,,,,335000000.0
HONDA,CR V,2022,AUTOMATIC,1.5,,,,,322500000.0
HONDA,CR V,2022,AUTOMATIC,1.5,,,,,328000000.0
HONDA,CR V,2022,AUTOMATIC,1.5,,,,,321500000.0
HONDA,CR V,2022,AUTOMATIC,1.5,PRESTIGE,,,,390500000.0
HONDA,CR V,2022,AUTOMATIC,1.5,PRESTIGE,,,,379000000.0
HONDA,CR V,2022,AUTOMATIC,1.5,PRESTIGE,,,,373500000.0
HONDA,CR V,2022,AUTOMATIC,1.5,PRESTIGE,,,,359000000.0
HONDA,CR V,2022,AUTOMATIC,1.5,T,,,,312500000.0
HONDA,CR V,2022,AUTOMATIC,1.5,T,,,,355000000.0
HONDA,CR V,2022,AUTOMATIC,1.5,T,,,,289000000.0
HONDA,CR V,2022,AUTOMATIC,1.5,TURBO,590.0,297.5,50.42,313000000.0
HONDA,CR V,2022,AUTOMATIC,1.5,TURBO,651.0,364.5,55.99,313000000.0
HONDA,CR V,2022,AUTOMATIC,2.0,,516.0,256.0,49.61,262250000.0
HONDA,CR V,2022,AUTOMATIC,2.0,,516.0,256.0,49.61,251000000.0
HONDA,CR V,2022,AUTOMATIC,2.0,,516.0,256.0,49.61,259000000.0
HONDA,CR V,2022,AUTOMATIC,2.0,,516.0,256.0,49.61,260000000.0
HONDA,CR V,2023,AUTOMATIC,1.5,,,,,337000000.0
HONDA,CR V,2023,AUTOMATIC,1.5,TURBO,606.0,340.0,56.11,
HONDA,CR V,2023,AUTOMATIC,1.5,TURBO,669.0,397.5,59.42,
HONDA,CR V,2023,AUTOMATIC,2.0,,525.0,262.5,50.0,
HONDA,CR V,2024,AUTOMATIC,1.5,TURBO,615.0,379.0,61.63,
HONDA,CR V,2024,AUTOMATIC,1.5,TURBO,678.0,430.0,63.42,
HONDA,CR V,2024,AUTOMATIC,2.0,,535.0,275.0,51.4,
HONDA,CR V,2024,AUTOMATIC,2.0,RS E,,,,498000000.0
HONDA,CRZ,2013,AUTOMATIC,1.5,,,,,184000000.0
HONDA,CRZ,2013,AUTOMATIC,1.5,,,,,160000000.0
HONDA,CRZ,2013,AUTOMATIC,1.5,,,,,188500000.0
HONDA,FREED,2009,AUTOMATIC,1.5,E,,,,86000000.0
HONDA,FREED,2009,AUTOMATIC,1.5,E,,,,84500000.0
HONDA,FREED,2009,AUTOMATIC,1.5,E,,,,77000000.0
HONDA,FREED,2010,AUTOMATIC,1.5,E,,,,91000000.0
HONDA,FREED,2010,AUTOMATIC,1.5,S,,,,62500000.0
HONDA,FREED,2011,AUTOMATIC,1.5,E,,,,100500000.0
HONDA,FREED,2011,AUTOMATIC,1.5,E,,,,82000000.0
HONDA,FREED,2011,AUTOMATIC,1.5,E,,,,114500000.0
HONDA,FREED,2011,AUTOMATIC,1.5,S,,,,88000000.0
HONDA,FREED,2012,AUTOMATIC,1.5,E,,,,103750000.0
HONDA,FREED,2012,AUTOMATIC,1.5,E,,,,58000000.0
HONDA,FREED,2012,AUTOMATIC,1.5,S,,,,97500000.0
HONDA,FREED,2012,AUTOMATIC,1.5,S,,,,98500000.0
HONDA,FREED,2013,AUTOMATIC,1.5,E,,,,113000000.0
HONDA,FREED,2013,AUTOMATIC,1.5,E,,,,109000000.0
HONDA,FREED,2013,AUTOMATIC,1.5,S,,,,118000000.0
HONDA,FREED,2013,AUTOMATIC,1.5,S,,,,100500000.0
HONDA,FREED,2013,MANUAL,1.5,E,,,,125000000.0
HONDA,FREED,2015,AUTOMATIC,1.5,E,,,,132000000.0
HONDA,HR V,2015,AUTOMATIC,1.5,E,,,,144000000.0
HONDA,HR V,2015,AUTOMATIC,1.5,E,,,,149000000.0
HONDA,HR V,2015,AUTOMATIC,1.5,E,,,,147500000.0
HONDA,HR V,2015,AUTOMATIC,1.5,E,,,,139750000.0
HONDA,HR V,2015,AUTOMATIC,1.5,E,,,,134000000.0
HONDA,HR V,2015,AUTOMATIC,1.5,E,,,,161000000.0
HONDA,HR V,2015,AUTOMATIC,1.5,E,,,,141000000.0
HONDA,HR V,2015,AUTOMATIC,1.5,E,,,,143500000.0
HONDA,HR V,2015,AUTOMATIC,1.5,S,,,,122500000.0
HONDA,HR V,2015,AUTOMATIC,1.5,S,,,,64000000.0
HONDA,HR V,2015,AUTOMATIC,1.8,E,,,,142000000.0
HONDA,HR V,2016,AUTOMATIC,1.5,E,,,,163750000.0
HONDA,HR V,2016,AUTOMATIC,1.5,E,,,,156750000.0
HONDA,HR V,2016,AUTOMATIC,1.5,E,,,,154500000.0
HONDA,HR V,2016,AUTOMATIC,1.5,E,,,,160500000.0
HONDA,HR V,2016,AUTOMATIC,1.5,E,,,,155500000.0
HONDA,HR V,2016,AUTOMATIC,1.5,E,,,,167500000.0
HONDA,HR V,2016,AUTOMATIC,1.5,E,,,,150000000.0
HONDA,HR V,2016,AUTOMATIC,1.5,E,,,,150000000.0
HONDA,HR V,2016,AUTOMATIC,1.5,E,,,,153000000.0
HONDA,HR V,2016,AUTOMATIC,1.5,S,,,,140500000.0
HONDA,HR V,2016,AUTOMATIC,1.5,S,,,,138000000.0
HONDA,HR V,2016,AUTOMATIC,1.8,PRESTIGE,,,,189500000.0
HONDA,HR V,2016,AUTOMATIC,1.8,PRESTIGE,,,,190000000.0
HONDA,HR V,2016,AUTOMATIC,1.8,PRESTIGE,,,,151500000.0
HONDA,HR V,2016,AUTOMATIC,1.8,PRESTIGE,,,,180000000.0
HONDA,HR V,2016,MANUAL,1.5,S,,,,125000000.0
HONDA,HR V,2017,AUTOMATIC,1.5,E,304.0,149.5,49.18,165000000.0
HONDA,HR V,2017,AUTOMATIC,1.5,E,304.0,149.5,49.18,164500000.0
HONDA,HR V,2017,AUTOMATIC,1.5,E,304.0,149.5,49.18,159250000.0
HONDA,HR V,2017,AUTOMATIC,1.5,E,304.0,149.5,49.18,173500000.0
HONDA,HR V,2017,AUTOMATIC,1.5,E,304.0,149.5,49.18,154000000.0
HONDA,HR V,2017,AUTOMATIC,1.5,E,304.0,149.5,49.18,125000000.0
HONDA,HR V,2017,AUTOMATIC,1.5,E,304.0,149.5,49.18,167000000.0
HONDA,HR V,2017,AUTOMATIC,1.5,E,304.0,149.5,49.18,157500000.0
HONDA,HR V,2017,AUTOMATIC,1.5,E,304.0,149.5,49.18,162250000.0
HONDA,HR V,2017,AUTOMATIC,1.5,E,304.0,149.5,49.18,157000000.0
HONDA,HR V,2017,AUTOMATIC,1.5,E,304.0,149.5,49.18,133500000.0
HONDA,HR V,2017,AUTOMATIC,1.5,E,304.0,149.5,49.18,149500000.0
HONDA,HR V,2017,AUTOMATIC,1.5,E,304.0,149.5,49.18,156000000.0
HONDA,HR V,2017,AUTOMATIC,1.5,S,280.0,122.5,43.75,145000000.0
HONDA,HR V,2017,AUTOMATIC,1.8,,377.0,165.5,43.9,
HONDA,HR V,2017,AUTOMATIC,1.8,PRESTIGE,,,,168500000.0
HONDA,HR V,2017,AUTOMATIC,1.8,PRESTIGE,,,,182000000.0
HONDA,HR V,2018,AUTOMATIC,1.5,E,307.0,162.5,52.93,175200000.0
HONDA,HR V,2018,AUTOMATIC,1.5,E,307.0,162.5,52.93,157000000.0
HONDA,HR V,2018,AUTOMATIC,1.5,E,307.0,162.5,52.93,181500000.0
HONDA,HR V,2018,AUTOMATIC,1.5,E,307.0,162.5,52.93,185500000.0
HONDA,HR V,2018,AUTOMATIC,1.5,E,307.0,162.5,52.93,164500000.0
HONDA,HR V,2018,AUTOMATIC,1.5,E,307.0,162.5,52.93,162000000.0
HONDA,HR V,2018,AUTOMATIC,1.5,E,307.0,162.5,52.93,152000000.0
HONDA,HR V,2018,AUTOMATIC,1.5,E SPECIAL EDITION,,,,195500000.0
HONDA,HR V,2018,AUTOMATIC,1.5,S,283.0,137.5,48.59,170000000.0
HONDA,HR V,2018,AUTOMATIC,1.5,S,283.0,137.5,48.59,150500000.0
HONDA,HR V,2018,AUTOMATIC,1.5,S,283.0,137.5,48.59,162500000.0
HONDA,HR V,2018,AUTOMATIC,1.5,S,283.0,137.5,48.59,158500000.0
HONDA,HR V,2018,AUTOMATIC,1.8,,378.0,176.5,46.69,
HONDA,HR V,2018,AUTOMATIC,1.8,PRESTIGE,,,,177000000.0
HONDA,HR V,2018,AUTOMATIC,1.8,PRESTIGE,,,,195500000.0
HONDA,HR V,2018,MANUAL,1.5,S,,,,90000000.0
HONDA,HR V,2019,AUTOMATIC,1.5,E,317.0,172.5,54.42,210500000.0
HONDA,HR V,2019,AUTOMATIC,1.5,E,317.0,172.5,54.42,164000000.0
HONDA,HR V,2019,AUTOMATIC,1.5,E,317.0,172.5,54.42,199500000.0
HONDA,HR V,2019,AUTOMATIC,1.5,E,317.0,172.5,54.42,181000000.0
HONDA,HR V,2019,AUTOMATIC,1.5,S,294.0,145.0,49.32,170500000.0
HONDA,HR V,2019,AUTOMATIC,1.5,SE,,,,190000000.0
HONDA,HR V,2019,AUTOMATIC,1.8,,400.0,181.0,45.25,
HONDA,HR V,2020,AUTOMATIC,1.5,E,331.0,187.5,56.65,215500000.0
HONDA,HR V,2020,AUTOMATIC,1.5,E,331.0,187.5,56.65,196000000.0
HONDA,HR V,2020,AUTOMATIC,1.5,E,331.0,187.5,56.65,160000000.0
HONDA,HR V,2020,AUTOMATIC,1.5,E,331.0,187.5,56.65,197000000.0
HONDA,HR V,2020,AUTOMATIC,1.5,E,331.0,187.5,56.65,186500000.0
HONDA,HR V,2020,AUTOMATIC,1.5,S,307.0,166.5,54.23,
HONDA,HR V,2020,AUTOMATIC,1.5,SE,,,,175000000.0
HONDA,HR V,2020,AUTOMATIC,1.8,,415.0,189.0,45.54,
HONDA,HR V,2020,MANUAL,1.5,S,,,,160000000.0
HONDA,HR V,2021,AUTOMATIC,1.5,E,320.0,192.5,60.16,202250000.0
HONDA,HR V,2021,AUTOMATIC,1.5,E,320.0,192.5,60.16,211500000.0
HONDA,HR V,2021,AUTOMATIC,1.5,E,320.0,192.5,60.16,209500000.0
HONDA,HR V,2021,AUTOMATIC,1.5,E,320.0,192.5,60.16,232000000.0
HONDA,HR V,2021,AUTOMATIC,1.5,E,320.0,192.5,60.16,185500000.0
HONDA,HR V,2021,AUTOMATIC,1.5,E,320.0,192.5,60.16,205000000.0
HONDA,HR V,2021,AUTOMATIC,1.5,E,320.0,192.5,60.16,210000000.0
HONDA,HR V,2021,AUTOMATIC,1.5,E,320.0,192.5,60.16,197000000.0
HONDA,HR V,2021,AUTOMATIC,1.5,S,296.0,173.5,58.61,170000000.0
HONDA,HR V,2021,AUTOMATIC,1.5,S,296.0,173.5,58.61,171000000.0
HONDA,HR V,2021,AUTOMATIC,1.8,,419.0,196.5,46.9,
HONDA,HR V,2021,AUTOMATIC,1.8,PRESTIGE,,,,269500000.0
HONDA,HR V,2021,AUTOMATIC,1.8,PRESTIGE,,,,230000000.0
HONDA,HR V,2022,,1.5,RS TURBO,515.0,295.0,57.28,
HONDA,HR V,2022,AUTOMATIC,1.5,E,385.0,202.5,52.6,214000000.0
HONDA,HR V,2022,AUTOMATIC,1.5,E,385.0,202.5,52.6,250500000.0
HONDA,HR V,2022,AUTOMATIC,1.5,RS,,,,321750000.0
HONDA,HR V,2022,AUTOMATIC,1.5,S,365.0,183.5,50.27,252000000.0
HONDA,HR V,2022,AUTOMATIC,1.5,SE,403.0,257.5,63.9,264000000.0
HONDA,HR V,2022,AUTOMATIC,1.5,SE,403.0,257.5,63.9,275000000.0
HONDA,HR V,2022,AUTOMATIC,1.5,SE,403.0,257.5,63.9,200000000.0
HONDA,HR V,2022,AUTOMATIC,1.5,SE,403.0,257.5,63.9,283333333.333333
HONDA,HR V,2022,AUTOMATIC,1.5,SE,403.0,257.5,63.9,289500000.0
HONDA,HR V,2022,AUTOMATIC,1.5,SE,403.0,257.5,63.9,264000000.0
HONDA,HR V,2023,,1.5,RS TURBO,529.0,315.0,59.55,
HONDA,HR V,2023,AUTOMATIC,1.5,E,395.0,210.0,53.16,296000000.0
HONDA,HR V,2023,AUTOMATIC,1.5,E,395.0,210.0,53.16,269500000.0
HONDA,HR V,2023,AUTOMATIC,1.5,E,395.0,210.0,53.16,270000000.0
HONDA,HR V,2023,AUTOMATIC,1.5,S,375.0,194.0,51.73,
HONDA,HR V,2023,AUTOMATIC,1.5,SE,416.0,273.5,65.75,251500000.0
HONDA,HR V,2023,AUTOMATIC,1.5,SE,416.0,273.5,65.75,276000000.0
HONDA,HR V,2023,AUTOMATIC,1.5,SE,416.0,273.5,65.75,291250000.0
HONDA,HR V,2023,AUTOMATIC,1.5,SE,416.0,273.5,65.75,305500000.0
HONDA,HR V,2023,AUTOMATIC,1.5,SE,416.0,273.5,65.75,304500000.0
HONDA,HR V,2023,AUTOMATIC,1.5,SE,416.0,273.5,65.75,289500000.0
HONDA,HR V,2023,AUTOMATIC,1.5,SE,416.0,273.5,65.75,305500000.0
HONDA,HR V,2023,AUTOMATIC,1.5,SE,416.0,273.5,65.75,300000000.0
HONDA,HR V,2023,AUTOMATIC,1.5,SE,416.0,273.5,65.75,284500000.0
HONDA,HR V,2024,,1.5,RS TURBO,540.0,324.0,60.0,
HONDA,HR V,2024,AUTOMATIC,1.5,E,404.0,225.0,55.69,271000000.0
HONDA,HR V,2024,AUTOMATIC,1.5,S,383.0,199.0,51.96,
HONDA,HR V,2024,AUTOMATIC,1.5,SE,428.0,295.5,69.04,291000000.0
HONDA,HR V,2024,AUTOMATIC,1.5,SE,428.0,295.5,69.04,300000000.0
HONDA,HR V,2024,AUTOMATIC,1.5,SE,428.0,295.5,69.04,309500000.0
HONDA,HR V,2024,AUTOMATIC,1.5,SE,428.0,295.5,69.04,297000000.0
HONDA,HR V,2024,AUTOMATIC,1.5,SE,428.0,295.5,69.04,316000000.0
HONDA,HR V,2024,AUTOMATIC,1.5,SE,428.0,295.5,69.04,308000000.0
HONDA,JAZZ,2005,AUTOMATIC,1.5,,,,,47000000.0
HONDA,JAZZ,2005,MANUAL,1.5,,,,,33000000.0
HONDA,JAZZ,2009,MANUAL,1.5,RS,,,,80000000.0
HONDA,JAZZ,2010,AUTOMATIC,1.5,E,,,,90000000.0
HONDA,JAZZ,2010,AUTOMATIC,1.5,E,,,,87000000.0
HONDA,JAZZ,2010,AUTOMATIC,1.5,RS,,,,86500000.0
HONDA,JAZZ,2010,AUTOMATIC,1.5,S,,,,55000000.0
HONDA,JAZZ,2010,AUTOMATIC,1.5,S,,,,83000000.0
HONDA,JAZZ,2011,AUTOMATIC,1.5,S,,,,79000000.0
HONDA,JAZZ,2011,MANUAL,1.5,E,,,,103000000.0
HONDA,JAZZ,2012,AUTOMATIC,1.5,RS,,,,118000000.0
HONDA,JAZZ,2013,AUTOMATIC,1.5,,,,,104500000.0
HONDA,JAZZ,2013,AUTOMATIC,1.5,E,,,,104000000.0
HONDA,JAZZ,2013,AUTOMATIC,1.5,RS,,,,130000000.0
HONDA,JAZZ,2014,AUTOMATIC,1.5,RS,,,,77000000.0
HONDA,JAZZ,2014,MANUAL,1.5,E,,,,125000000.0
HONDA,JAZZ,2014,MANUAL,1.5,E,,,,126000000.0
HONDA,JAZZ,2014,MANUAL,1.5,RS,,,,135500000.0
HONDA,JAZZ,2015,AUTOMATIC,1.5,RS,,,,135500000.0
HONDA,JAZZ,2015,AUTOMATIC,1.5,RS,,,,147000000.0
HONDA,JAZZ,2015,MANUAL,1.5,RS,,,,148500000.0
HONDA,JAZZ,2016,MANUAL,1.5,RS,,,,153000000.0
HONDA,JAZZ,2017,AUTOMATIC,1.5,RS,271.0,159.5,58.86,159000000.0
HONDA,JAZZ,2017,AUTOMATIC,1.5,RS,271.0,159.5,58.86,140000000.0
HONDA,JAZZ,2017,AUTOMATIC,1.5,RS,271.0,159.5,58.86,161000000.0
HONDA,JAZZ,2017,MANUAL,1.5,RS,261.0,138.5,53.07,165000000.0
HONDA,JAZZ,2018,AUTOMATIC,1.5,RS,274.0,166.5,60.77,206000000.0
HONDA,JAZZ,2018,AUTOMATIC,1.5,RS,274.0,166.5,60.77,176000000.0
HONDA,JAZZ,2018,AUTOMATIC,1.5,RS,274.0,166.5,60.77,192000000.0
HONDA,JAZZ,2018,AUTOMATIC,1.5,RS,274.0,166.5,60.77,192500000.0
HONDA,JAZZ,2018,AUTOMATIC,1.5,RS,274.0,166.5,60.77,173000000.0
HONDA,JAZZ,2018,MANUAL,1.5,RS,264.0,146.0,55.3,
HONDA,JAZZ,2019,AUTOMATIC,1.5,RS,279.0,171.5,61.47,185000000.0
HONDA,JAZZ,2019,MANUAL,1.5,RS,269.0,162.5,60.41,
HONDA,JAZZ,2020,AUTOMATIC,1.5,RS,292.0,181.5,62.16,200000000.0
HONDA,JAZZ,2020,AUTOMATIC,1.5,RS,292.0,181.5,62.16,202000000.0
HONDA,JAZZ,2020,MANUAL,1.5,RS,282.0,171.5,60.82,
HONDA,JAZZ,2021,AUTOMATIC,1.5,RS,300.0,196.5,65.5,
HONDA,JAZZ,2021,MANUAL,1.5,RS,289.0,182.5,63.15,
HONDA,MOBILIO,2014,AUTOMATIC,1.5,E,,,,98500000.0
HONDA,MOBILIO,2014,AUTOMATIC,1.5,E,,,,86000000.0
HONDA,MOBILIO,2014,AUTOMATIC,1.5,E,,,,86500000.0
HONDA,MOBILIO,2014,AUTOMATIC,1.5,E,,,,85000000.0
HONDA,MOBILIO,2014,AUTOMATIC,1.5,E,,,,102000000.0
HONDA,MOBILIO,2014,AUTOMATIC,1.5,E,,,,85000000.0
HONDA,MOBILIO,2014,AUTOMATIC,1.5,RS,,,,114000000.0
HONDA,MOBILIO,2014,MANUAL,1.5,S,,,,90000000.0
HONDA,MOBILIO,2014,MANUAL,1.5,S,,,,70000000.0
HONDA,MOBILIO,2015,AUTOMATIC,1.5,E,,,,115500000.0
HONDA,MOBILIO,2015,AUTOMATIC,1.5,E,,,,97500000.0
HONDA,MOBILIO,2015,AUTOMATIC,1.5,E,,,,109500000.0
HONDA,MOBILIO,2015,AUTOMATIC,1.5,E,,,,94500000.0
HONDA,MOBILIO,2015,AUTOMATIC,1.5,E,,,,82000000.0
HONDA,MOBILIO,2015,AUTOMATIC,1.5,E,,,,77500000.0
HONDA,MOBILIO,2015,AUTOMATIC,1.5,RS,,,,111500000.0
HONDA,MOBILIO,2015,AUTOMATIC,1.5,RS,,,,115000000.0
HONDA,MOBILIO,2015,AUTOMATIC,1.5,RS,,,,89000000.0
HONDA,MOBILIO,2015,AUTOMATIC,1.5,RS,,,,103850000.0
HONDA,MOBILIO,2015,AUTOMATIC,1.5,RS,,,,100000000.0
HONDA,MOBILIO,2015,MANUAL,1.5,E,,,,94000000.0
HONDA,MOBILIO,2016,AUTOMATIC,1.5,E,,,,89000000.0
HONDA,MOBILIO,2016,AUTOMATIC,1.5,E,,,,109500000.0
HONDA,MOBILIO,2016,AUTOMATIC,1.5,E,,,,96850000.0
HONDA,MOBILIO,2016,AUTOMATIC,1.5,E,,,,96000000.0
HONDA,MOBILIO,2016,AUTOMATIC,1.5,RS,,,,115000000.0
HONDA,MOBILIO,2016,AUTOMATIC,1.5,RS,,,,125500000.0
HONDA,MOBILIO,2016,AUTOMATIC,1.5,RS,,,,117000000.0
HONDA,MOBILIO,2016,MANUAL,1.5,E,,,,90000000.0
HONDA,MOBILIO,2016,MANUAL,1.5,E,,,,91000000.0
HONDA,MOBILIO,2016,MANUAL,1.5,E,,,,115000000.0
HONDA,MOBILIO,2016,MANUAL,1.5,E,,,,91500000.0
HONDA,MOBILIO,2016,MANUAL,1.5,E,,,,78000000.0
HONDA,MOBILIO,2016,MANUAL,1.5,S,,,,100000000.0
HONDA,MOBILIO,2017,AUTOMATIC,1.5,E,220.0,118.5,53.86,127500000.0
HONDA,MOBILIO,2017,AUTOMATIC,1.5,E,220.0,118.5,53.86,111500000.0
HONDA,MOBILIO,2017,AUTOMATIC,1.5,E,220.0,118.5,53.86,119000000.0
HONDA,MOBILIO,2017,AUTOMATIC,1.5,E,220.0,118.5,53.86,107000000.0
HONDA,MOBILIO,2017,AUTOMATIC,1.5,E,220.0,118.5,53.86,112000000.0
HONDA,MOBILIO,2017,AUTOMATIC,1.5,E,220.0,118.5,53.86,123000000.0
HONDA,MOBILIO,2017,AUTOMATIC,1.5,E,220.0,118.5,53.86,128000000.0
HONDA,MOBILIO,2017,AUTOMATIC,1.5,E,220.0,118.5,53.86,120000000.0
HONDA,MOBILIO,2017,AUTOMATIC,1.5,E,220.0,118.5,53.86,118500000.0
HONDA,MOBILIO,2017,AUTOMATIC,1.5,RS,243.0,133.5,54.94,138500000.0
HONDA,MOBILIO,2017,AUTOMATIC,1.5,RS,243.0,133.5,54.94,106500000.0
HONDA,MOBILIO,2017,AUTOMATIC,1.5,RS,243.0,133.5,54.94,139000000.0
HONDA,MOBILIO,2017,MANUAL,1.5,E,209.0,103.5,49.52,117500000.0
HONDA,MOBILIO,2017,MANUAL,1.5,E,209.0,103.5,49.52,76500000.0
HONDA,MOBILIO,2017,MANUAL,1.5,RS,232.0,122.0,52.59,121500000.0
HONDA,MOBILIO,2017,MANUAL,1.5,S,189.0,98.5,52.12,128500000.0
HONDA,MOBILIO,2017,MANUAL,1.5,S,189.0,98.5,52.12,88500000.0
HONDA,MOBILIO,2017,MANUAL,1.5,S,189.0,98.5,52.12,66000000.0
HONDA,MOBILIO,2018,AUTOMATIC,1.5,E,222.0,127.0,57.21,135750000.0
HONDA,MOBILIO,2018,AUTOMATIC,1.5,E,222.0,127.0,57.21,100000000.0
HONDA,MOBILIO,2018,AUTOMATIC,1.5,E,222.0,127.0,57.21,131000000.0
HONDA,MOBILIO,2018,AUTOMATIC,1.5,RS,245.0,135.5,55.31,136000000.0
HONDA,MOBILIO,2018,AUTOMATIC,1.5,RS,245.0,135.5,55.31,104000000.0
HONDA,MOBILIO,2018,MANUAL,1.5,E,211.0,112.0,53.08,
HONDA,MOBILIO,2018,MANUAL,1.5,RS,234.0,131.0,55.98,
HONDA,MOBILIO,2018,MANUAL,1.5,S,191.0,108.5,56.81,96000000.0
HONDA,MOBILIO,2019,AUTOMATIC,1.5,E,225.0,130.0,57.78,140500000.0
HONDA,MOBILIO,2019,AUTOMATIC,1.5,E,225.0,130.0,57.78,155000000.0
HONDA,MOBILIO,2019,AUTOMATIC,1.5,E,225.0,130.0,57.78,136000000.0
HONDA,MOBILIO,2019,AUTOMATIC,1.5,E,225.0,130.0,57.78,134500000.0
HONDA,MOBILIO,2019,AUTOMATIC,1.5,E,225.0,130.0,57.78,139000000.0
HONDA,MOBILIO,2019,AUTOMATIC,1.5,E,225.0,130.0,57.78,132000000.0
HONDA,MOBILIO,2019,AUTOMATIC,1.5,E,225.0,130.0,57.78,128500000.0
HONDA,MOBILIO,2019,AUTOMATIC,1.5,E,225.0,130.0,57.78,130000000.0
HONDA,MOBILIO,2019,AUTOMATIC,1.5,RS,248.0,138.5,55.85,
HONDA,MOBILIO,2019,MANUAL,1.5,E,214.0,117.0,54.67,125000000.0
HONDA,MOBILIO,2019,MANUAL,1.5,RS,237.0,136.0,57.38,
HONDA,MOBILIO,2019,MANUAL,1.5,S,194.0,113.0,58.25,119000000.0
HONDA,MOBILIO,2019,MANUAL,1.5,S,194.0,113.0,58.25,90500000.0
HONDA,MOBILIO,2019,MANUAL,1.5,S,194.0,113.0,58.25,77000000.0
HONDA,MOBILIO,2020,AUTOMATIC,1.5,E,236.0,132.5,56.14,151500000.0
HONDA,MOBILIO,2020,AUTOMATIC,1.5,E,236.0,132.5,56.14,131000000.0
HONDA,MOBILIO,2020,AUTOMATIC,1.5,RS,259.0,143.5,55.41,
HONDA,MOBILIO,2020,MANUAL,1.5,E,224.0,122.0,54.46,
HONDA,MOBILIO,2020,MANUAL,1.5,RS,248.0,139.5,56.25,
HONDA,MOBILIO,2020,MANUAL,1.5,S,203.0,116.5,57.39,117000000.0
HONDA,MOBILIO,2021,AUTOMATIC,1.5,E,227.0,136.0,59.91,137000000.0
HONDA,MOBILIO,2021,AUTOMATIC,1.5,RS,250.0,148.5,59.4,
HONDA,MOBILIO,2021,MANUAL,1.5,E,217.0,126.5,58.29,131000000.0
HONDA,MOBILIO,2021,MANUAL,1.5,RS,240.0,145.5,60.62,
HONDA,MOBILIO,2021,MANUAL,1.5,S,197.0,124.5,63.2,116000000.0
HONDA,MOBILIO,2021,MANUAL,1.5,S,197.0,124.5,63.2,122500000.0
HONDA,MOBILIO,2021,MANUAL,1.5,S,197.0,124.5,63.2,107000000.0
HONDA,MOBILIO,2022,MANUAL,1.5,S,229.0,130.5,56.99,108000000.0
HONDA,MOBILIO,2023,MANUAL,1.5,S,235.0,135.0,57.45,
HONDA,MOBILIO,2024,MANUAL,1.5,S,239.0,138.5,57.95,133500000.0
HONDA,ODYSSEY,2013,AUTOMATIC,2.4,,,,,120000000.0
HONDA,ODYSSEY,2014,AUTOMATIC,2.4,,,,,183000000.0
HONDA,ODYSSEY,2017,AUTOMATIC,2.4,,,,,226000000.0
HONDA,ODYSSEY,2018,AUTOMATIC,2.4,,,,,242000000.0
HONDA,ODYSSEY,2018,AUTOMATIC,2.4,,,,,160000000.0
HONDA,ODYSSEY,2018,AUTOMATIC,2.4,,,,,192000000.0
HONDA,ODYSSEY,2019,AUTOMATIC,2.4,,,,,271000000.0
HONDA,ODYSSEY,2019,AUTOMATIC,2.4,,,,,275250000.0
HONDA,ODYSSEY,2019,AUTOMATIC,2.4,,,,,232000000.0
HONDA,ODYSSEY,2019,AUTOMATIC,2.4,,,,,214700000.0
HONDA,ODYSSEY,2020,AUTOMATIC,2.4,,,,,300000000.0
HONDA,WR V,2023,AUTOMATIC,1.5,E,,,,220500000.0
HONDA,WR V,2023,AUTOMATIC,1.5,RS,,,,205000000.0
HONDA,WR V,2023,AUTOMATIC,1.5,RS,,,,216500000.0
HONDA,WR V,2023,AUTOMATIC,1.5,RS,,,,196500000.0
HONDA,WR V,2023,AUTOMATIC,1.5,RS,,,,196000000.0
HONDA,WR V,2023,AUTOMATIC,1.5,RS,,,,234500000.0
HONDA,WR V,2023,AUTOMATIC,1.5,RS HS,,,,225000000.0
HONDA,WR V,2024,AUTOMATIC,1.5,E,,,,193750000.0
HONDA,WR V,2024,AUTOMATIC,1.5,RS,,,,214500000.0
HONDA,WR V,2024,AUTOMATIC,1.5,RS,,,,242500000.0
HONDA,WR V,2024,AUTOMATIC,1.5,RS,,,,204500000.0
HONDA,WR V,2024,AUTOMATIC,1.5,RS,,,,208500000.0
HONDA,WR V,2024,AUTOMATIC,1.5,RS HS,,,,247000000.0
HONDA,WR V,2025,AUTOMATIC,1.5,E,,,,221000000.0
HONDA,WR V,2025,AUTOMATIC,1.5,RS,,,,242500000.0
HONDA,WR V,2025,AUTOMATIC,1.5,RS,,,,254500000.0
HONDA,WR V,2025,AUTOMATIC,1.5,RS,,,,226500000.0
HONDA,WR V,2025,AUTOMATIC,1.5,RS,,,,232500000.0
HONDA,WR V,2025,AUTOMATIC,1.5,RS HS,,,,225000000.0
HUMMER,,2009,AUTOMATIC,3.7,H3,,,,366000000.0
HUMMER,,2011,AUTOMATIC,3.7,H3,,,,423500000.0
HYUNDAI,,2012,AUTOMATIC,2.4,SONATA,,,,67000000.0
HYUNDAI,AVEGA,2008,MANUAL,1.5,GL,,,,31500000.0
HYUNDAI,AVEGA,2010,MANUAL,1.5,,,,,37500000.0
HYUNDAI,CRETA,2022,,1.5,PRIME IVT,404.0,232.0,57.43,
HYUNDAI,CRETA,2022,,1.5,STYLE IVT,372.0,181.5,48.79,
HYUNDAI,CRETA,2022,,1.5,TREND IVT,330.0,147.5,44.7,
HYUNDAI,CRETA,2022,AUTOMATIC,1.5,PRIME,,,,250000000.0
HYUNDAI,CRETA,2022,AUTOMATIC,1.5,PRIME,,,,221500000.0
HYUNDAI,CRETA,2022,AUTOMATIC,1.5,PRIME,,,,214350000.0
HYUNDAI,CRETA,2022,AUTOMATIC,1.5,STYLE,,,,171500000.0
HYUNDAI,CRETA,2022,AUTOMATIC,1.5,STYLE,,,,181000000.0
HYUNDAI,CRETA,2022,AUTOMATIC,1.5,TREND,,,,181500000.0
HYUNDAI,CRETA,2022,MANUAL,1.5,ACTIVE,285.0,127.5,44.74,
HYUNDAI,CRETA,2022,MANUAL,1.5,TREND,309.0,142.5,46.12,
HYUNDAI,CRETA,2023,,1.5,PRIME IVT,408.0,249.0,61.03,
HYUNDAI,CRETA,2023,,1.5,STYLE IVT,376.0,189.0,50.27,
HYUNDAI,CRETA,2023,,1.5,TREND IVT,333.0,157.5,47.3,
HYUNDAI,CRETA,2023,AUTOMATIC,1.5,PRIME,,,,250000000.0
HYUNDAI,CRETA,2023,AUTOMATIC,1.5,PRIME,,,,232250000.0
HYUNDAI,CRETA,2023,AUTOMATIC,1.5,PRIME,,,,239500000.0
HYUNDAI,CRETA,2023,AUTOMATIC,1.5,PRIME,,,,230850000.0
HYUNDAI,CRETA,2023,MANUAL,1.5,ACTIVE,290.0,141.5,48.79,
HYUNDAI,CRETA,2023,MANUAL,1.5,TREND,313.0,147.5,47.12,
HYUNDAI,CRETA,2024,,1.5,PRIME IVT,415.0,254.5,61.33,
HYUNDAI,CRETA,2024,,1.5,STYLE IVT,382.0,206.5,54.06,
HYUNDAI,CRETA,2024,,1.5,TREND IVT,340.0,177.5,52.21,
HYUNDAI,CRETA,2024,AUTOMATIC,1.5,ALPHA,,,,273500000.0
HYUNDAI,CRETA,2024,AUTOMATIC,1.5,ALPHA,,,,271000000.0
HYUNDAI,CRETA,2024,AUTOMATIC,1.5,PRIME,,,,212000000.0
HYUNDAI,CRETA,2024,AUTOMATIC,1.5,PRIME,,,,286000000.0
HYUNDAI,CRETA,2024,AUTOMATIC,1.5,PRIME,,,,243000000.0
HYUNDAI,CRETA,2024,AUTOMATIC,1.5,PRIME,,,,275000000.0
HYUNDAI,CRETA,2024,AUTOMATIC,1.5,PRIME,,,,267000000.0
HYUNDAI,CRETA,2024,MANUAL,1.5,ACTIVE,302.0,148.5,49.17,
HYUNDAI,CRETA,2024,MANUAL,1.5,TREND,318.0,153.5,48.27,
HYUNDAI,GRAND AVEGA,2015,MANUAL,1.4,,,,,93000000.0
HYUNDAI,H1,2012,AUTOMATIC,2.4,,,,,89000000.0
HYUNDAI,H1,2013,AUTOMATIC,2.4,,,,,92000000.0
HYUNDAI,H1,2013,AUTOMATIC,2.5,XG,,,,102000000.0
HYUNDAI,H1,2015,AUTOMATIC,2.4,,,,,95000000.0
HYUNDAI,H1,2015,AUTOMATIC,2.5,,,,,118000000.0
HYUNDAI,H1,2018,,2.5,CRDI ELEGANCE 12 SEATS,480.0,182.0,37.92,
HYUNDAI,H1,2018,,2.5,CRDI ROYALE 8 SEATS,590.0,255.5,43.31,
HYUNDAI,H1,2018,,2.5,CRDI XG 9 SEATS,515.0,212.5,41.26,
HYUNDAI,H1,2018,AUTOMATIC,2.4,ROYALE,,,,175000000.0
HYUNDAI,H1,2019,,2.5,CRDI ELEGANCE 12 SEATS,505.0,196.5,38.91,
HYUNDAI,H1,2019,,2.5,CRDI ROYALE 8 SEATS,615.0,272.0,44.23,
HYUNDAI,H1,2019,,2.5,CRDI XG 9 SEATS,545.0,221.0,40.55,
HYUNDAI,H1,2020,,2.5,CRDI ELEGANCE 12 SEATS,492.0,202.5,41.16,
HYUNDAI,H1,2020,,2.5,CRDI ROYALE 8 SEATS,595.0,299.5,50.34,
HYUNDAI,H1,2020,,2.5,CRDI XG 9 SEATS,530.0,250.5,47.26,
HYUNDAI,H1,2021,,2.5,CRDI ELEGANCE 12 SEATS,495.0,239.0,48.28,
HYUNDAI,H1,2021,,2.5,CRDI ROYALE 8 SEATS,600.0,310.5,51.75,
HYUNDAI,H1,2021,,2.5,CRDI XG 9 SEATS,535.0,284.5,53.18,
HYUNDAI,H1,2022,,2.5,CRDI ELEGANCE 12 SEATS,500.0,248.5,49.7,
HYUNDAI,H1,2022,,2.5,CRDI ROYALE 8 SEATS,610.0,323.0,52.95,
HYUNDAI,H1,2022,,2.5,CRDI XG 9 SEATS,540.0,292.0,54.07,
HYUNDAI,H1,2023,,2.5,CRDI ELEGANCE 12 SEATS,508.0,263.0,51.77,
HYUNDAI,H1,2023,,2.5,CRDI ROYALE 8 SEATS,620.0,343.0,55.32,
HYUNDAI,H1,2023,,2.5,CRDI XG 9 SEATS,546.0,305.0,55.86,
HYUNDAI,IONIQ,2023,AUTOMATIC,0.0,5 PRIME LONG RANGE,,,,276000000.0
HYUNDAI,IONIQ,2023,AUTOMATIC,0.0,5 PRIME LONG RANGE,,,,295250000.0
HYUNDAI,IONIQ,2023,AUTOMATIC,0.0,5 PRIME LONG RANGE,,,,285000000.0
HYUNDAI,IONIQ,2023,AUTOMATIC,0.0,5 PRIME LONG RANGE,,,,270000000.0
HYUNDAI,IONIQ,2023,AUTOMATIC,0.0,5 SIGNATURE LONG RANGE,,,,330000000.0
HYUNDAI,IONIQ,2023,AUTOMATIC,0.0,5 SIGNATURE LONG RANGE,,,,331000000.0
HYUNDAI,IONIQ,2023,AUTOMATIC,0.0,5 SIGNATURE LONG RANGE,,,,352500000.0
HYUNDAI,IONIQ,2023,AUTOMATIC,0.0,5 SIGNATURE LONG RANGE,,,,368500000.0
HYUNDAI,IONIQ,2023,AUTOMATIC,0.0,5 SIGNATURE STANDARD RANGE,,,,375000000.0
HYUNDAI,IONIQ,2023,AUTOMATIC,0.0,6,,,,475000000.0
HYUNDAI,IONIQ,2024,AUTOMATIC,0.0,5 SIGNATURE LONG RANGE,,,,399500000.0
HYUNDAI,IONIQ,2024,AUTOMATIC,0.0,5 SIGNATURE LONG RANGE,,,,419500000.0
HYUNDAI,PALISADE,2021,AUTOMATIC,2.2,PRIME,,,,366500000.0
HYUNDAI,PALISADE,2021,AUTOMATIC,2.2,SIGNATURE,,,,406000000.0
HYUNDAI,PALISADE,2022,AUTOMATIC,2.2,SIGNATURE,,,,583000000.0
HYUNDAI,PALISADE,2022,AUTOMATIC,2.2,SIGNATURE AWD,,,,450000000.0
HYUNDAI,PALISADE,2023,AUTOMATIC,2.2,SIGNATURE,,,,624000000.0
HYUNDAI,PALISADE,2024,AUTOMATIC,2.2,SIGNATURE,,,,650500000.0
HYUNDAI,SANTA FE,2018,,2.2,GLS DIESEL 8 CRDI,549.0,258.0,46.99,
HYUNDAI,SANTA FE,2018,,2.2,XG DIESEL 8 CRDI,569.0,268.0,47.1,
HYUNDAI,SANTA FE,2018,AUTOMATIC,2.5,GLS GASOLINE 6,499.0,228.0,45.69,
HYUNDAI,SANTA FE,2018,AUTOMATIC,2.5,XG GASOLINE 6,520.0,263.0,50.58,
HYUNDAI,SANTA FE,2019,,2.2,GLS DIESEL 8 CRDI,567.0,298.0,52.56,
HYUNDAI,SANTA FE,2019,,2.2,XG DIESEL 8 CRDI,587.0,307.5,52.39,
HYUNDAI,SANTA FE,2019,AUTOMATIC,2.5,GLS GASOLINE 6,521.0,252.5,48.46,
HYUNDAI,SANTA FE,2019,AUTOMATIC,2.5,XG GASOLINE 6,542.0,302.5,55.81,
HYUNDAI,SANTA FE,2020,,2.2,XG DIESEL 8 CRDI,594.0,340.0,57.24,
HYUNDAI,SANTA FE,2020,AUTOMATIC,2.2,PRIME DIESEL 8,635.0,242.0,38.11,
HYUNDAI,SANTA FE,2020,AUTOMATIC,2.4,XG,,,,178500000.0
HYUNDAI,SANTA FE,2020,AUTOMATIC,2.5,GLS GASOLINE 6,526.0,295.0,56.08,
HYUNDAI,SANTA FE,2020,AUTOMATIC,2.5,PRIME GASOLINE 6,575.0,227.5,39.57,
HYUNDAI,SANTA FE,2020,AUTOMATIC,2.5,XG GASOLINE 6,547.0,317.5,58.04,
HYUNDAI,SANTA FE,2021,AUTOMATIC,2.2,PRIME DIESEL 8,645.0,279.0,43.26,
HYUNDAI,SANTA FE,2021,AUTOMATIC,2.2,STYLE DIESEL 8,615.0,231.0,37.56,
HYUNDAI,SANTA FE,2021,AUTOMATIC,2.5,G SIGNATURE,,,,262000000.0
HYUNDAI,SANTA FE,2021,AUTOMATIC,2.5,PRIME GASOLINE 6,585.0,245.5,41.97,
HYUNDAI,SANTA FE,2021,AUTOMATIC,2.5,STYLE GASOLINE 6,555.0,209.0,37.66,
HYUNDAI,SANTA FE,2022,AUTOMATIC,2.2,PRIME DIESEL 8,655.0,287.0,43.82,
HYUNDAI,SANTA FE,2022,AUTOMATIC,2.2,SIGNATURE DIESEL 8,725.0,329.0,45.38,
HYUNDAI,SANTA FE,2022,AUTOMATIC,2.2,STYLE DIESEL 8,625.0,243.0,38.88,
HYUNDAI,SANTA FE,2022,AUTOMATIC,2.5,PRIME,,,,323500000.0
HYUNDAI,SANTA FE,2022,AUTOMATIC,2.5,PRIME,,,,299000000.0
HYUNDAI,SANTA FE,2022,AUTOMATIC,2.5,PRIME GASOLINE 6,595.0,262.0,44.03,
HYUNDAI,SANTA FE,2022,AUTOMATIC,2.5,SIGNATURE GASOLINE 6,675.0,302.5,44.81,
HYUNDAI,SANTA FE,2022,AUTOMATIC,2.5,STYLE GASOLINE 6,565.0,223.0,39.47,
HYUNDAI,SANTA FE,2023,AUTOMATIC,2.2,FE,,,,380000000.0
HYUNDAI,SANTA FE,2023,AUTOMATIC,2.2,PRIME DIESEL 8,665.0,269.0,40.45,
HYUNDAI,SANTA FE,2023,AUTOMATIC,2.2,SIGNATURE,,,,388500000.0
HYUNDAI,SANTA FE,2023,AUTOMATIC,2.2,SIGNATURE,,,,297500000.0
HYUNDAI,SANTA FE,2023,AUTOMATIC,2.2,SIGNATURE DIESEL 8,735.0,344.5,46.87,
HYUNDAI,SANTA FE,2023,AUTOMATIC,2.2,STYLE DIESEL 8,635.0,250.0,39.37,
HYUNDAI,SANTA FE,2023,AUTOMATIC,2.5,PRIME GASOLINE 6,605.0,277.0,45.79,
HYUNDAI,SANTA FE,2023,AUTOMATIC,2.5,SIGNATURE GASOLINE 6,685.0,313.0,45.69,
HYUNDAI,SANTA FE,2023,AUTOMATIC,2.5,STYLE GASOLINE 6,575.0,243.0,42.26,
HYUNDAI,SANTA FE,2024,AUTOMATIC,2.2,PRIME DIESEL 8,675.0,315.5,46.74,
HYUNDAI,SANTA FE,2024,AUTOMATIC,2.2,SIGNATURE DIESEL 8,745.0,368.0,49.4,
HYUNDAI,SANTA FE,2024,AUTOMATIC,2.5,PRIME GASOLINE 6,615.0,289.5,47.07,
HYUNDAI,SANTA FE,2024,AUTOMATIC,2.5,SIGNATURE GASOLINE 6,695.0,349.5,50.29,
HYUNDAI,STARGAZER,2022,,1.5,ACTIVE IVT,255.0,111.5,43.73,
HYUNDAI,STARGAZER,2022,,1.5,PRIME IVT,305.0,156.5,51.31,
HYUNDAI,STARGAZER,2022,,1.5,STYLE IVT,295.0,134.5,45.59,
HYUNDAI,STARGAZER,2022,,1.5,TREND IVT,275.0,155.0,56.36,
HYUNDAI,STARGAZER,2022,AUTOMATIC,1.5,PRIME,,,,170000000.0
HYUNDAI,STARGAZER,2022,AUTOMATIC,1.5,PRIME,,,,155000000.0
HYUNDAI,STARGAZER,2022,AUTOMATIC,1.5,PRIME,,,,157000000.0
HYUNDAI,STARGAZER,2022,AUTOMATIC,1.5,PRIME,,,,159000000.0
HYUNDAI,STARGAZER,2022,AUTOMATIC,1.5,STYLE,,,,166250000.0
HYUNDAI,STARGAZER,2022,AUTOMATIC,1.5,STYLE,,,,143000000.0
HYUNDAI,STARGAZER,2022,AUTOMATIC,1.5,TREND,,,,131000000.0
HYUNDAI,STARGAZER,2022,MANUAL,1.5,ACTIVE,243.0,97.5,40.12,
HYUNDAI,STARGAZER,2022,MANUAL,1.5,TREND,263.0,127.5,48.48,156000000.0
HYUNDAI,STARGAZER,2023,,1.5,ACTIVE IVT,260.0,117.5,45.19,
HYUNDAI,STARGAZER,2023,,1.5,PRIME IVT,310.0,169.5,54.68,
HYUNDAI,STARGAZER,2023,,1.5,STYLE IVT,300.0,144.5,48.17,
HYUNDAI,STARGAZER,2023,,1.5,TREND IVT,280.0,162.5,58.04,
HYUNDAI,STARGAZER,2023,AUTOMATIC,1.5,ESSENTIAL,,,,169500000.0
HYUNDAI,STARGAZER,2023,AUTOMATIC,1.5,ESSENTIAL,,,,168500000.0
HYUNDAI,STARGAZER,2023,AUTOMATIC,1.5,ESSENTIAL,,,,167500000.0
HYUNDAI,STARGAZER,2023,AUTOMATIC,1.5,PRIME,,,,180000000.0
HYUNDAI,STARGAZER,2023,AUTOMATIC,1.5,PRIME,,,,162750000.0
HYUNDAI,STARGAZER,2023,AUTOMATIC,1.5,PRIME,,,,193500000.0
HYUNDAI,STARGAZER,2023,AUTOMATIC,1.5,PRIME,,,,180500000.0
HYUNDAI,STARGAZER,2023,AUTOMATIC,1.5,PRIME,,,,197500000.0
HYUNDAI,STARGAZER,2023,AUTOMATIC,1.5,PRIME,,,,165000000.0
HYUNDAI,STARGAZER,2023,AUTOMATIC,1.5,PRIME,,,,170500000.0
HYUNDAI,STARGAZER,2023,AUTOMATIC,1.5,PRIME,,,,180000000.0
HYUNDAI,STARGAZER,2023,AUTOMATIC,1.5,PRIME,,,,178500000.0
HYUNDAI,STARGAZER,2023,AUTOMATIC,1.5,STYLE,,,,140000000.0
HYUNDAI,STARGAZER,2023,AUTOMATIC,1.5,TREND,,,,143000000.0
HYUNDAI,STARGAZER,2023,AUTOMATIC,1.5,TREND,,,,152500000.0
HYUNDAI,STARGAZER,2023,AUTOMATIC,1.5,TREND,,,,140000000.0
HYUNDAI,STARGAZER,2023,AUTOMATIC,1.5,X PRIME,,,,205000000.0
HYUNDAI,STARGAZER,2023,MANUAL,1.5,ACTIVE,247.0,102.5,41.5,
HYUNDAI,STARGAZER,2023,MANUAL,1.5,TREND,267.0,134.0,50.19,
HYUNDAI,STARGAZER,2024,,1.5,ACTIVE IVT,262.0,123.0,46.95,
HYUNDAI,STARGAZER,2024,,1.5,PRIME IVT,320.0,189.0,59.06,
HYUNDAI,STARGAZER,2024,,1.5,STYLE IVT,305.0,159.0,52.13,
HYUNDAI,STARGAZER,2024,AUTOMATIC,1.5,ESSENTIAL,,,,172000000.0
HYUNDAI,STARGAZER,2024,AUTOMATIC,1.5,ESSENTIAL,,,,169000000.0
HYUNDAI,STARGAZER,2024,AUTOMATIC,1.5,ESSENTIAL,,,,169000000.0
HYUNDAI,STARGAZER,2024,AUTOMATIC,1.5,ESSENTIAL,,,,178000000.0
HYUNDAI,STARGAZER,2024,AUTOMATIC,1.5,PRIME,,,,190000000.0
HYUNDAI,STARGAZER,2024,AUTOMATIC,1.5,PRIME,,,,192000000.0
HYUNDAI,STARGAZER,2024,AUTOMATIC,1.5,PRIME,,,,185000000.0
HYUNDAI,STARGAZER,2024,AUTOMATIC,1.5,X PRIME,,,,205000000.0
HYUNDAI,STARGAZER,2024,AUTOMATIC,1.5,X PRIME,,,,224000000.0
HYUNDAI,STARGAZER,2024,AUTOMATIC,1.5,X PRIME,,,,220000000.0
HYUNDAI,STARGAZER,2024,AUTOMATIC,1.5,X PRIME,,,,205500000.0
HYUNDAI,STARGAZER,2024,AUTOMATIC,1.5,X PRIME,,,,200750000.0
HYUNDAI,STARGAZER,2024,MANUAL,1.5,ACTIVE,249.0,119.0,47.79,135000000.0
HYUNDAI,STARGAZER,2024,MANUAL,1.5,ACTIVE,249.0,119.0,47.79,145000000.0
HYUNDAI,STARGAZER,2025,AUTOMATIC,1.5,ESSENTIAL,,,,184500000.0
HYUNDAI,STARGAZER,2025,AUTOMATIC,1.5,ESSENTIAL,,,,170500000.0
HYUNDAI,STARGAZER,2025,AUTOMATIC,1.5,ESSENTIAL,,,,200000000.0
HYUNDAI,STARGAZER,2025,AUTOMATIC,1.5,PRIME,,,,220000000.0
HYUNDAI,STARGAZER,2025,AUTOMATIC,1.5,X PRIME,,,,227500000.0
HYUNDAI,STARGAZER,2025,AUTOMATIC,1.5,X PRIME,,,,217500000.0
HYUNDAI,STARIA,2021,AUTOMATIC,2.2,SIGNATURE 7,,,,376000000.0
HYUNDAI,TUCSON,2012,AUTOMATIC,2.0,,,,,70000000.0
HYUNDAI,TUCSON,2013,AUTOMATIC,2.0,,,,,90000000.0
HYUNDAI,TUCSON,2013,AUTOMATIC,2.0,,,,,86000000.0
HYUNDAI,TUCSON,2013,AUTOMATIC,2.0,,,,,91000000.0
HYUNDAI,TUCSON,2019,AUTOMATIC,2.0,,,,,124000000.0
HYUNDAI,TUCSON,2020,AUTOMATIC,2.0,,,,,151750000.0
HYUNDAI,TUCSON,2020,AUTOMATIC,2.0,,,,,140350000.0
HYUNDAI,TUCSON,2020,AUTOMATIC,2.0,,,,,120000000.0
ISUZU,D MAX,2022,MANUAL,1.9,DC 4X4,,,,153500000.0
ISUZU,D MAX,2022,MANUAL,1.9,RODEO 4X4,,,,250000000.0
ISUZU,D MAX,2022,MANUAL,1.9,SC 4X4,,,,166000000.0
ISUZU,NKR,2014,2.8,0.0,55 C,,,,86000000.0
ISUZU,NKR,2015,2.8,0.0,55 C,,,,45000000.0
ISUZU,NLR,2017,MANUAL,2.8,55T X,,,,150000000.0
ISUZU,NLR,2018,MANUAL,2.8,55T X,,,,161000000.0
ISUZU,NLR,2019,MANUAL,2.8,55T LX,,,,173000000.0
ISUZU,NLR,2020,MANUAL,2.8,55 B,,,,210500000.0
ISUZU,NLR,2020,MANUAL,2.8,55 B,,,,205000000.0
ISUZU,NLR,2020,MANUAL,2.8,55 B,,,,195000000.0
ISUZU,NLR,2020,MANUAL,2.8,55 B,,,,195000000.0
ISUZU,NMR,2017,MANUAL,4.6,71T SDL,,,,195000000.0
ISUZU,NMR,2018,MANUAL,4.6,71T SDL,,,,227000000.0
ISUZU,NMR,2020,MANUAL,4.6,71T SDL,,,,252000000.0
ISUZU,NMR,2021,LAIN LAIN,4.6,71T SDL,,,,255000000.0
ISUZU,NMR,2021,MANUAL,4.6,71T SDL,,,,280500000.0
ISUZU,NMR,2021,MANUAL,4.6,71T SDL,,,,256000000.0
ISUZU,NMR,2022,MANUAL,4.6,71T SDL,,,,318500000.0
ISUZU,NMR,2022,MANUAL,4.8,81,,,,240000000.0
ISUZU,NMR,2022,MANUAL,4.8,81,,,,250000000.0
ISUZU,NMR,2022,MANUAL,4.8,81,,,,275000000.0
ISUZU,NMR,2023,MANUAL,4.8,81,,,,295500000.0
ISUZU,NMR,2023,MANUAL,4.8,81,,,,200000000.0
ISUZU,NMR,2024,MANUAL,4.8,81,,,,177500000.0
ISUZU,PANTHER,2013,MANUAL,2.5,PU,,,,68500000.0
ISUZU,PANTHER,2019,MANUAL,2.5,PU,,,,126500000.0
ISUZU,PHR,2022,MANUAL,2.5,54 C BB,,,,170000000.0
ISUZU,PHR,2022,MANUAL,2.5,54 C BB,,,,168000000.0
ISUZU,TRAGA,2021,MANUAL,2.5,,,,,166500000.0
ISUZU,TRAGA,2022,MANUAL,2.5,,,,,164500000.0
ISUZU,TRAGA,2022,MANUAL,2.5,,,,,142000000.0
ISUZU,TRAGA,2022,MANUAL,2.5,,,,,184000000.0
ISUZU,TRAGA,2023,MANUAL,2.5,,,,,115750000.0
ISUZU,TRAGA,2024,MANUAL,2.5,,,,,190000000.0
ISUZU,TRAGA,2025,MANUAL,2.5,,,,,216000000.0
ISUZU,TRAGA,2025,MANUAL,2.5,,,,,213000000.0
JAGUAR,,2013,,0.0,,,,,131000000.0
JEEP,COMPASS,2019,AUTOMATIC,1.4,LONGITUDE,,,,170000000.0
KIA,PICANTO,2011,AUTOMATIC,1.1,,,,,48000000.0
KIA,PICANTO,2012,MANUAL,1.2,SE,,,,63500000.0
KIA,PICANTO,2012,MANUAL,1.2,SE,,,,54000000.0
KIA,PICANTO,2013,MANUAL,1.2,,,,,59000000.0
KIA,PICANTO,2014,AUTOMATIC,1.2,EX,,,,73000000.0
KIA,RIO,2011,MANUAL,1.4,SE,,,,42500000.0
KIA,RIO,2011,MANUAL,1.4,SE,,,,46200000.0
KIA,RIO,2011,MANUAL,1.4,SE,,,,36000000.0
KIA,RIO,2013,AUTOMATIC,1.4,,,,,76000000.0
KIA,RIO,2013,MANUAL,1.4,,,,,65000000.0
KIA,RIO,2014,MANUAL,1.4,,,,,65000000.0
KIA,SONET,2021,AUTOMATIC,1.5,PREMIERE,,,,170000000.0
KIA,SONET,2022,AUTOMATIC,1.5,DYNAMIC,,,,167000000.0
LAND ROVER,,2013,AUTOMATIC,2.0,EVOQUE,,,,180500000.0
LAND ROVER,RANGE ROVER,2015,AUTOMATIC,2.0,EVOQUE,,,,267500000.0
LANDROVER,,2015,AUTOMATIC,2.0,DISCOVERY SPORT HSE,,,,307000000.0
LEXUS,LX,2015,AUTOMATIC,5.7,570,,,,686500000.0
LEXUS,NX,2015,AUTOMATIC,2.0,200T FSPORT,,,,290500000.0
LEXUS,RX,2009,AUTOMATIC,3.5,350,,,,127000000.0
LEXUS,RX,2012,AUTOMATIC,2.7,270,,,,160000000.0
LEXUS,RX,2013,AUTOMATIC,2.7,270,,,,170000000.0
LEXUS,RX,2017,AUTOMATIC,2.0,200T FSPORT,,,,452000000.0
LEXUS,RX,2018,AUTOMATIC,2.0,300 LUXURY,,,,569000000.0
LEXUS,RX,2022,AUTOMATIC,2.0,300 LUXURY,,,,650000000.0
MAHINDRA,,2022,MANUAL,2.2,SCORPIO DC,,,,145000000.0
MAN,,2024,AUTOMATIC,12.4,TGS TRAKTOR HEAD,,,,995750000.0
MAZDA,,2025,,0.0,,,,,697000000.0
MAZDA,2,2012,AUTOMATIC,1.5,SEDAN,,,,54000000.0
MAZDA,2,2012,AUTOMATIC,1.5,SPORTS,,,,60000000.0
MAZDA,2,2015,AUTOMATIC,1.5,GT,,,,114500000.0
MAZDA,2,2015,AUTOMATIC,1.5,R,,,,119500000.0
MAZDA,2,2016,AUTOMATIC,1.5,GT,,,,115500000.0
MAZDA,2,2016,AUTOMATIC,1.5,GT,,,,120000000.0
MAZDA,2,2016,AUTOMATIC,1.5,R,,,,127000000.0
MAZDA,2,2016,AUTOMATIC,1.5,R,,,,110500000.0
MAZDA,2,2016,AUTOMATIC,1.5,R,,,,125500000.0
MAZDA,2,2016,AUTOMATIC,1.5,R,,,,108500000.0
MAZDA,2,2016,AUTOMATIC,1.5,R,,,,108000000.0
MAZDA,2,2017,AUTOMATIC,1.5,R,,,,148000000.0
MAZDA,2,2018,AUTOMATIC,1.5,R,,,,132500000.0
MAZDA,2,2020,AUTOMATIC,1.5,GT,,,,143000000.0
MAZDA,3,2022,AUTOMATIC,2.0,SEDAN,,,,295500000.0
MAZDA,3,2025,AUTOMATIC,2.0,HATCHBACK,,,,390000000.0
MAZDA,5,2017,AUTOMATIC,2.0,GT,,,,131000000.0
MAZDA,6,2014,AUTOMATIC,2.5,SEDAN,,,,110000000.0
MAZDA,BIANTE,2012,AUTOMATIC,2.0,,,,,59500000.0
MAZDA,BIANTE,2013,AUTOMATIC,2.0,,,,,110000000.0
MAZDA,BIANTE,2013,AUTOMATIC,2.0,,,,,80000000.0
MAZDA,BIANTE,2013,AUTOMATIC,2.0,,,,,92500000.0
MAZDA,BIANTE,2014,AUTOMATIC,2.0,,,,,115000000.0
MAZDA,BIANTE,2014,AUTOMATIC,2.0,,,,,100000000.0
MAZDA,BIANTE,2015,AUTOMATIC,2.0,,,,,107500000.0
MAZDA,BIANTE,2016,AUTOMATIC,2.0,,,,,118500000.0
MAZDA,CX,2011,AUTOMATIC,3.7,9,,,,65000000.0
MAZDA,CX,2013,AUTOMATIC,2.0,5,,,,113500000.0
MAZDA,CX,2014,AUTOMATIC,2.0,5 TOURING,,,,119500000.0
MAZDA,CX,2014,AUTOMATIC,2.5,5 GT,,,,127500000.0
MAZDA,CX,2014,AUTOMATIC,2.5,5 TOURING,,,,124000000.0
MAZDA,CX,2014,AUTOMATIC,2.5,5 TOURING,,,,102000000.0
MAZDA,CX,2014,AUTOMATIC,2.5,5 TOURING,,,,107000000.0
MAZDA,CX,2015,AUTOMATIC,2.5,5 GT,,,,145500000.0
MAZDA,CX,2017,AUTOMATIC,2.0,3 GT,,,,200000000.0
MAZDA,CX,2017,AUTOMATIC,2.5,5 GT,,,,205000000.0
MAZDA,CX,2020,AUTOMATIC,2.0,3,,,,150000000.0
MAZDA,CX,2020,AUTOMATIC,2.5,5 GT,,,,260000000.0
MAZDA,CX,2020,AUTOMATIC,2.5,8,,,,230000000.0
MAZDA,CX,2020,AUTOMATIC,2.5,8,,,,231500000.0
MAZDA,CX,2021,AUTOMATIC,2.5,5 GT,,,,272000000.0
MAZDA,CX,2022,AUTOMATIC,2.5,8,,,,362000000.0
MAZDA,CX,2023,AUTOMATIC,1.5,3,,,,276500000.0
MAZDA,CX,2023,AUTOMATIC,1.5,3,,,,225500000.0
MAZDA,CX,2023,AUTOMATIC,2.5,5 ELITE,,,,357500000.0
MAZDA,CX,2023,AUTOMATIC,2.5,8,,,,380000000.0
MAZDA,CX,2024,AUTOMATIC,2.5,5 AWD,,,,447000000.0
MERCEDES BENZ,A200,2019,AUTOMATIC,1.3,,,,,278000000.0
MERCEDES BENZ,C,2009,AUTOMATIC,1.8,200,,,,83500000.0
MERCEDES BENZ,C,2010,AUTOMATIC,1.8,200,,,,75000000.0
MERCEDES BENZ,C,2012,AUTOMATIC,1.8,200,,,,84000000.0
MERCEDES BENZ,C,2012,AUTOMATIC,1.8,200,,,,106000000.0
MERCEDES BENZ,C,2012,AUTOMATIC,1.8,250,,,,110000000.0
MERCEDES BENZ,C,2013,AUTOMATIC,1.8,200,,,,139000000.0
MERCEDES BENZ,C,2016,AUTOMATIC,2.0,250,,,,276500000.0
MERCEDES BENZ,C,2016,AUTOMATIC,2.0,250,,,,250000000.0
MERCEDES BENZ,C,2017,AUTOMATIC,2.0,200,,,,210000000.0
MERCEDES BENZ,C,2017,AUTOMATIC,2.0,200,,,,221500000.0
MERCEDES BENZ,C,2019,AUTOMATIC,1.5,200,,,,350250000.0
MERCEDES BENZ,C,2019,AUTOMATIC,1.5,200,,,,341000000.0
MERCEDES BENZ,C,2024,AUTOMATIC,2.0,300 AMG LINE,,,,735000000.0
MERCEDES BENZ,CLA,2015,AUTOMATIC,1.6,200,,,,171500000.0
MERCEDES BENZ,E,2010,AUTOMATIC,3.0,300,,,,100500000.0
MERCEDES BENZ,E,2010,AUTOMATIC,3.0,300,,,,95000000.0
MERCEDES BENZ,E,2011,AUTOMATIC,1.8,250,,,,236000000.0
MERCEDES BENZ,E,2015,AUTOMATIC,2.0,200,,,,191000000.0
MERCEDES BENZ,E,2017,AUTOMATIC,2.0,250,,,,261500000.0
MERCEDES BENZ,E,2017,AUTOMATIC,2.0,300,,,,357000000.0
MERCEDES BENZ,E,2018,AUTOMATIC,2.0,300,,,,320000000.0
MERCEDES BENZ,E,2019,AUTOMATIC,2.0,250,,,,390000000.0
MERCEDES BENZ,E,2019,AUTOMATIC,2.0,300,,,,403500000.0
MERCEDES BENZ,E,2023,AUTOMATIC,2.0,200,,,,645500000.0
MERCEDES BENZ,GL,2015,AUTOMATIC,3.0,400,,,,265000000.0
MERCEDES BENZ,GLA,2015,AUTOMATIC,2.0,45 AMG,,,,350000000.0
MERCEDES BENZ,GLC,2017,AUTOMATIC,2.0,250,,,,351000000.0
MERCEDES BENZ,GLE,2018,AUTOMATIC,2.1,250 D,,,,247000000.0
MERCEDES BENZ,GLE,2021,AUTOMATIC,3.0,450,,,,731500000.0
MERCEDES BENZ,GLE,2021,AUTOMATIC,3.0,450,,,,700500000.0
MERCEDES BENZ,GLE,2021,AUTOMATIC,3.0,450,,,,625000000.0
MG,,2022,AUTOMATIC,1.5,HS ISMART MAGNIFY,,,,165500000.0
MG,,2024,AUTOMATIC,0.0,ZS MAGNIFY,,,,220000000.0
MG,,2024,AUTOMATIC,1.5,VS,,,,135000000.0
MINI,COOPER,2013,AUTOMATIC,1.6,S 3 DOOR,,,,235000000.0
MINI,COOPER,2013,AUTOMATIC,1.6,S 3 DOOR,,,,201000000.0
MINI,COOPER,2013,AUTOMATIC,1.6,S 3 DOOR,,,,225000000.0
MINI,COOPER,2014,AUTOMATIC,1.6,S COUNTRYMAN,,,,260000000.0
MITSUBISHI,,2025,,0.0,,,,,398500000.0
MITSUBISHI,,2025,,0.0,,,,,245000000.0
MITSUBISHI,BOX,2013,MANUAL,2.5,L300 PU,,,,97500000.0
MITSUBISHI,BOX,2017,MANUAL,2.5,L300 PU,,,,96000000.0
MITSUBISHI,BOX,2017,MANUAL,2.5,L300 PU,,,,144000000.0
MITSUBISHI,BOX,2018,MANUAL,2.5,L300 PU,,,,130500000.0
MITSUBISHI,BOX,2018,MANUAL,2.5,L300 PU,,,,140000000.0
MITSUBISHI,BOX,2018,MANUAL,2.5,L300 PU,,,,115000000.0
MITSUBISHI,BOX,2018,MANUAL,2.5,L300 PU,,,,143000000.0
MITSUBISHI,BOX,2019,MANUAL,2.5,L300 PU,,,,151000000.0
MITSUBISHI,BOX,2019,MANUAL,2.5,L300 PU,,,,136500000.0
MITSUBISHI,BOX,2019,MANUAL,2.5,L300 PU,,,,129250000.0
MITSUBISHI,BOX,2019,MANUAL,2.5,L300 PU,,,,120000000.0
MITSUBISHI,BOX,2019,MANUAL,2.5,L300 PU,,,,133500000.0
MITSUBISHI,BOX,2020,MANUAL,2.5,L300 PU,,,,144500000.0
MITSUBISHI,BOX,2020,MANUAL,2.5,L300 PU,,,,120000000.0
MITSUBISHI,BOX,2021,MANUAL,2.5,L300 PU,,,,166000000.0
MITSUBISHI,BOX,2022,MANUAL,2.3,L300 PU,,,,130500000.0
MITSUBISHI,BOX,2022,MANUAL,2.3,L300 PU,,,,128000000.0
MITSUBISHI,BOX,2022,MANUAL,2.5,L300 PU,,,,150500000.0
MITSUBISHI,BOX,2022,MANUAL,2.5,L300 PU,,,,145000000.0
MITSUBISHI,CANTER,2022,MANUAL,3.9,FE 71,,,,284000000.0
MITSUBISHI,CANTER,2022,MANUAL,3.9,FE 74L,,,,289000000.0
MITSUBISHI,CANTER,2022,MANUAL,3.9,FE 75 SHDX N,,,,335500000.0
MITSUBISHI,CANTER,2022,MANUAL,3.9,FE 75 SHDX N,,,,226000000.0
MITSUBISHI,CANTER,2022,MANUAL,3.9,FE 75 SHDX N,,,,277000000.0
MITSUBISHI,CANTER,2022,MANUAL,3.9,FE 84G,,,,350500000.0
MITSUBISHI,CANTER,2023,MANUAL,3.9,FE 71,,,,315000000.0
MITSUBISHI,CANTER,2023,MANUAL,3.9,FE 71,,,,298000000.0
MITSUBISHI,CANTER,2023,MANUAL,3.9,FE 71,,,,295000000.0
MITSUBISHI,CANTER,2023,MANUAL,3.9,FE 74L,,,,326000000.0
MITSUBISHI,CANTER,2023,MANUAL,3.9,FE 75 SHDX N,,,,357000000.0
MITSUBISHI,CANTER,2023,MANUAL,3.9,FE 75 SHDX N,,,,258500000.0
MITSUBISHI,CANTER,2023,MANUAL,3.9,FE 75 SHDX N,,,,281500000.0
MITSUBISHI,CANTER,2023,MANUAL,3.9,FE 75 SHDX N,,,,174750000.0
MITSUBISHI,CANTER,2023,MANUAL,3.9,FE 84 SHDX N 4X2,,,,277000000.0
MITSUBISHI,CANTER,2023,MANUAL,3.9,FE 84 SHDX N 4X2,,,,298000000.0
MITSUBISHI,CANTER,2024,MANUAL,3.9,FE 71,,,,314500000.0
MITSUBISHI,CANTER,2024,MANUAL,3.9,FE 71,,,,183000000.0
MITSUBISHI,CANTER,2024,MANUAL,3.9,FE 74L,,,,404000000.0
MITSUBISHI,CANTER,2024,MANUAL,3.9,FE 74L,,,,380000000.0
MITSUBISHI,CANTER,2024,MANUAL,3.9,FE 75 SHDX N,,,,323000000.0
MITSUBISHI,CANTER,2024,MANUAL,3.9,FE 75 SHDX N,,,,340500000.0
MITSUBISHI,CANTER,2024,MANUAL,3.9,FE 75 SHDX N,,,,275500000.0
MITSUBISHI,CANTER,2024,MANUAL,3.9,FE 75 SHDX N,,,,282000000.0
MITSUBISHI,CANTER,2024,MANUAL,3.9,FE 75 SHDX N,,,,135350000.0
MITSUBISHI,CANTER,2025,MANUAL,3.9,FE 71L,,,,317000000.0
MITSUBISHI,CANTER,2025,MANUAL,3.9,FE 74L,,,,429000000.0
MITSUBISHI,CANTER,2025,MANUAL,3.9,FE 75 SHDX N,,,,406500000.0
MITSUBISHI,COLT,2003,MANUAL,3.3,FE 334,,,,74500000.0
MITSUBISHI,COLT,2006,MANUAL,3.9,FE 349,,,,101000000.0
MITSUBISHI,COLT,2013,MANUAL,3.9,FE 74 HDV,,,,157000000.0
MITSUBISHI,COLT,2014,MANUAL,1.5,T 120 SS PU,,,,58000000.0
MITSUBISHI,COLT,2014,MANUAL,3.9,FE 74 S,,,,175000000.0
MITSUBISHI,COLT,2015,MANUAL,2.5,L 300 P U,,,,91500000.0
MITSUBISHI,COLT,2015,MANUAL,3.9,FE 71,,,,181500000.0
MITSUBISHI,COLT,2015,MANUAL,3.9,FE 74 S,,,,259000000.0
MITSUBISHI,COLT,2016,MANUAL,1.5,T 120 SS PU,,,,71500000.0
MITSUBISHI,COLT,2016,MANUAL,2.5,L 300 BOX,,,,134000000.0
MITSUBISHI,COLT,2016,MANUAL,2.5,L 300 P U,,,,91000000.0
MITSUBISHI,COLT,2016,MANUAL,2.5,L 300 P U,,,,118000000.0
MITSUBISHI,COLT,2016,MANUAL,3.9,FE 71,,,,177000000.0
MITSUBISHI,COLT,2016,MANUAL,3.9,FE 71,,,,202500000.0
MITSUBISHI,COLT,2016,MANUAL,3.9,FE 73,,,,175500000.0
MITSUBISHI,COLT,2016,MANUAL,3.9,FE 74,,,,260000000.0
MITSUBISHI,COLT,2016,MANUAL,3.9,FE 74 S,,,,268000000.0
MITSUBISHI,COLT,2017,MANUAL,2.5,L 300 BOX,,,,117000000.0
MITSUBISHI,COLT,2017,MANUAL,2.5,L 300 BOX,,,,106000000.0
MITSUBISHI,COLT,2017,MANUAL,2.5,L300 BOX,188.0,116.5,61.97,
MITSUBISHI,COLT,2017,MANUAL,2.5,L300 PU,173.0,107.5,62.14,
MITSUBISHI,COLT,2017,MANUAL,3.9,FE 71,,,,200000000.0
MITSUBISHI,COLT,2017,MANUAL,3.9,FE 71,,,,175000000.0
MITSUBISHI,COLT,2017,MANUAL,3.9,FE 71,,,,212500000.0
MITSUBISHI,COLT,2017,MANUAL,3.9,FE 71 L,,,,207000000.0
MITSUBISHI,COLT,2017,MANUAL,3.9,FE 71 L,,,,194500000.0
MITSUBISHI,COLT,2017,MANUAL,3.9,FE 71 L,,,,198500000.0
MITSUBISHI,COLT,2017,MANUAL,3.9,FE 71 PS,,,,211500000.0
MITSUBISHI,COLT,2017,MANUAL,3.9,FE 73,,,,197000000.0
MITSUBISHI,COLT,2017,MANUAL,3.9,FE71 L,,,,215000000.0
MITSUBISHI,COLT,2017,MANUAL,9.8,FE 71 PS,,,,213500000.0
MITSUBISHI,COLT,2018,MANUAL,1.5,T 120 SS PU,,,,73000000.0
MITSUBISHI,COLT,2018,MANUAL,2.5,L300 BOX,194.0,122.5,63.14,
MITSUBISHI,COLT,2018,MANUAL,2.5,L300 PU,175.0,116.5,66.57,
MITSUBISHI,COLT,2018,MANUAL,3.9,FE 71,,,,195500000.0
MITSUBISHI,COLT,2018,MANUAL,3.9,FE 71,,,,168250000.0
MITSUBISHI,COLT,2018,MANUAL,3.9,FE 71,,,,217500000.0
MITSUBISHI,COLT,2018,MANUAL,3.9,FE 73,,,,210500000.0
MITSUBISHI,COLT,2018,MANUAL,3.9,FE 73,,,,197000000.0
MITSUBISHI,COLT,2018,MANUAL,3.9,FE 74,,,,269000000.0
MITSUBISHI,COLT,2018,MANUAL,3.9,FE 74 HDV,,,,255000000.0
MITSUBISHI,COLT,2018,MANUAL,3.9,FE 74 HDV,,,,268000000.0
MITSUBISHI,COLT,2018,MANUAL,3.9,FE 74 S,,,,277500000.0
MITSUBISHI,COLT,2018,MANUAL,3.9,FE 74 S,,,,292000000.0
MITSUBISHI,COLT,2018,MANUAL,3.9,FE 74 S,,,,322000000.0
MITSUBISHI,COLT,2018,MANUAL,3.9,FE71 L,,,,212000000.0
MITSUBISHI,COLT,2019,MANUAL,2.5,L 300 BOX,,,,134500000.0
MITSUBISHI,COLT,2019,MANUAL,2.5,L300 BOX,210.0,131.5,62.62,
MITSUBISHI,COLT,2019,MANUAL,2.5,L300 PU,186.0,127.5,68.55,
MITSUBISHI,COLT,2019,MANUAL,2.9,L 300 BOX,,,,141500000.0
MITSUBISHI,COLT,2019,MANUAL,3.9,FE 71 L,,,,198000000.0
MITSUBISHI,COLT,2019,MANUAL,3.9,FE 71 PS,,,,228500000.0
MITSUBISHI,COLT,2019,MANUAL,3.9,FE 71 PS,,,,234000000.0
MITSUBISHI,COLT,2019,MANUAL,3.9,FE 73,,,,206500000.0
MITSUBISHI,COLT,2019,MANUAL,3.9,FE 74 HDV,,,,297000000.0
MITSUBISHI,COLT,2019,MANUAL,3.9,FE 74 L,,,,264500000.0
MITSUBISHI,COLT,2020,MANUAL,2.5,L 300 BOX,,,,148500000.0
MITSUBISHI,COLT,2020,MANUAL,2.5,L 300 P U,,,,112500000.0
MITSUBISHI,COLT,2020,MANUAL,2.5,L300 BOX,215.0,137.5,63.95,
MITSUBISHI,COLT,2020,MANUAL,2.5,L300 PU,191.0,134.0,70.16,
MITSUBISHI,COLT,2020,MANUAL,3.9,FE 71,,,,209500000.0
MITSUBISHI,COLT,2020,MANUAL,3.9,FE 71,,,,222000000.0
MITSUBISHI,COLT,2020,MANUAL,3.9,FE 71 L,,,,224500000.0
MITSUBISHI,COLT,2020,MANUAL,3.9,FE 71 L,,,,276500000.0
MITSUBISHI,COLT,2021,MANUAL,2.5,L 300 P U,,,,146500000.0
MITSUBISHI,COLT,2021,MANUAL,2.5,L300 BOX,225.0,147.5,65.56,
MITSUBISHI,COLT,2021,MANUAL,2.5,L300 PU,201.0,139.0,69.15,
MITSUBISHI,COLT,2021,MANUAL,3.9,FE 71,,,,205000000.0
MITSUBISHI,COLT,2021,MANUAL,3.9,FE 71 L,,,,256500000.0
MITSUBISHI,COLT,2021,MANUAL,3.9,FE 71 PS,,,,239000000.0
MITSUBISHI,COLT,2021,MANUAL,3.9,FE 71 PS,,,,257000000.0
MITSUBISHI,COLT,2021,MANUAL,3.9,FE 74,,,,298000000.0
MITSUBISHI,COLT,2021,MANUAL,3.9,FE 74 L,,,,309000000.0
MITSUBISHI,COLT,2021,MANUAL,3.9,FE 74 L,,,,314000000.0
MITSUBISHI,COLT,2021,MANUAL,3.9,FE 74 S,,,,316000000.0
MITSUBISHI,COLT,2022,MANUAL,2.3,L300 P U,,,,129000000.0
MITSUBISHI,COLT,2022,MANUAL,2.3,L300 P U,,,,120500000.0
MITSUBISHI,COLT,2022,MANUAL,2.3,L300 P U,,,,117500000.0
MITSUBISHI,COLT,2022,MANUAL,2.3,L300 P U,,,,112500000.0
MITSUBISHI,COLT,2022,MANUAL,2.3,L300 P U,,,,120000000.0
MITSUBISHI,COLT,2022,MANUAL,2.5,L300 BOX,235.0,152.5,64.89,
MITSUBISHI,COLT,2022,MANUAL,2.5,L300 PU,218.0,142.5,65.37,
MITSUBISHI,COLT,2022,MANUAL,3.9,FE 71,,,,256000000.0
MITSUBISHI,COLT,2022,MANUAL,3.9,FE 71 L,,,,265500000.0
MITSUBISHI,COLT,2022,MANUAL,3.9,FE 74 L,,,,275000000.0
MITSUBISHI,COLT,2023,MANUAL,2.3,L 300,,,,153500000.0
MITSUBISHI,COLT,2023,MANUAL,2.3,L 300,,,,121000000.0
MITSUBISHI,COLT,2023,MANUAL,2.3,L300 P U,,,,107500000.0
MITSUBISHI,COLT,2023,MANUAL,2.3,L300 P U,,,,123000000.0
MITSUBISHI,COLT,2023,MANUAL,2.3,L300 P U,,,,125000000.0
MITSUBISHI,COLT,2023,MANUAL,2.5,L300 BOX,241.0,157.5,65.35,
MITSUBISHI,COLT,2023,MANUAL,2.5,L300 PU,222.0,147.5,66.44,
MITSUBISHI,COLT,2024,MANUAL,2.3,L300 P U,,,,127000000.0
MITSUBISHI,COLT,2024,MANUAL,2.3,L300 P U,,,,128500000.0
MITSUBISHI,COLT,2024,MANUAL,2.3,L300 P U,,,,81000000.0
MITSUBISHI,COLT,2024,MANUAL,2.5,L300 BOX,248.0,164.0,66.13,
MITSUBISHI,COLT,2024,MANUAL,2.5,L300 PU,233.0,152.5,65.45,
MITSUBISHI,COLT,2025,MANUAL,2.3,L 300,,,,167000000.0
MITSUBISHI,COLT,2025,MANUAL,2.3,L 300,,,,172000000.0
MITSUBISHI,COLT,2025,MANUAL,2.3,L300 P U,,,,157250000.0
MITSUBISHI,COLT,2025,MANUAL,2.3,L300 P U,,,,165000000.0
MITSUBISHI,COLT,2025,MANUAL,2.3,L300 P U,,,,158500000.0
MITSUBISHI,COLT,2025,MANUAL,2.3,L300 P U,,,,133000000.0
MITSUBISHI,COLT,2025,MANUAL,2.3,L300 P U,,,,164250000.0
MITSUBISHI,COLT,2025,MANUAL,3.9,FE71 L,,,,355000000.0
MITSUBISHI,COLT,2026,MANUAL,2.3,L300 P U,,,,135000000.0
MITSUBISHI,ECLIPSE CROSS,2019,AUTOMATIC,1.5,,,,,146500000.0
MITSUBISHI,ECLIPSE CROSS,2019,AUTOMATIC,1.5,,,,,194500000.0
MITSUBISHI,ECLIPSE CROSS,2020,AUTOMATIC,1.5,,,,,219500000.0
MITSUBISHI,ECLIPSE CROSS,2020,AUTOMATIC,1.5,,,,,214000000.0
MITSUBISHI,ECLIPSE CROSS,2020,AUTOMATIC,1.5,,,,,173500000.0
MITSUBISHI,FE,2020,MANUAL,3.9,74L,,,,304500000.0
MITSUBISHI,FE,2024,MANUAL,3.9,74L,,,,398000000.0
MITSUBISHI,FE 71,2014,MANUAL,3.9,TRUCK,,,,153000000.0
MITSUBISHI,FE 73,2017,MANUAL,3.9,,,,,178000000.0
MITSUBISHI,FE 73,2017,MANUAL,3.9,,,,,279500000.0
MITSUBISHI,FE 74,2022,MANUAL,3.9,HD N,,,,262000000.0
MITSUBISHI,FE 74,2022,MANUAL,3.9,HD N,,,,285500000.0
MITSUBISHI,FE 74,2023,MANUAL,3.9,HD N,,,,267000000.0
MITSUBISHI,FE 74,2023,MANUAL,3.9,HD N,,,,312500000.0
MITSUBISHI,FE 74,2023,MANUAL,3.9,HD N,,,,100000000.0
MITSUBISHI,FE 74,2023,MANUAL,3.9,HDS,,,,280000000.0
MITSUBISHI,FE 74,2023,MANUAL,3.9,N,,,,313000000.0
MITSUBISHI,FE 74,2024,MANUAL,3.9,HD N,,,,391500000.0
MITSUBISHI,FE 74,2024,MANUAL,3.9,HD N,,,,321500000.0
MITSUBISHI,FE 74,2025,MANUAL,3.9,HD N,,,,402500000.0
MITSUBISHI,FE 74 S,2015,MANUAL,3.9,,,,,236000000.0
MITSUBISHI,FE 74 S,2017,MANUAL,3.9,,,,,261000000.0
MITSUBISHI,FE 74 S,2022,MANUAL,3.9,,,,,350000000.0
MITSUBISHI,FE 75,2019,MANUAL,3.9,SHDX,,,,272000000.0
MITSUBISHI,FE 75,2023,MANUAL,3.9,SHDX,,,,282000000.0
MITSUBISHI,FE 84,2019,MANUAL,3.9,G BC,,,,280000000.0
MITSUBISHI,FE 84,2022,MANUAL,3.9,G,,,,310000000.0
MITSUBISHI,FE 84,2023,MANUAL,3.9,G,,,,371000000.0
MITSUBISHI,FIGHTER,2022,MANUAL,7.5,X FN62F HD R,,,,500000000.0
MITSUBISHI,FIGHTER,2022,MANUAL,7.5,X FN62F HD R,,,,500000000.0
MITSUBISHI,FIGHTER,2022,MANUAL,7.5,X FN62F HD R,,,,405000000.0
MITSUBISHI,FIGHTER,2023,MANUAL,7.5,X FN62F HD R,,,,390000000.0
MITSUBISHI,FIGHTER,2023,MANUAL,7.5,X FN62F HD R,,,,235000000.0
MITSUBISHI,FIGHTER,2024,MANUAL,7.5,X FN62F HD R,,,,762500000.0
MITSUBISHI,FIGHTER,2024,MANUAL,7.5,X FN62FL HD R,,,,766500000.0
MITSUBISHI,FIGHTER,2024,MANUAL,7.5,X FN62FL HD R,,,,766500000.0
MITSUBISHI,FM,2017,MANUAL,7.5,517 HL,,,,399500000.0
MITSUBISHI,FN,2016,MANUAL,7.5,527 ML,,,,155000000.0
MITSUBISHI,FN,2016,MANUAL,7.5,527 ML,,,,166000000.0
MITSUBISHI,FN,2018,MANUAL,7.5,527 ML,,,,170000000.0
MITSUBISHI,FN,2018,MANUAL,7.5,527 ML 6X4,,,,190000000.0
MITSUBISHI,FN,2020,MANUAL,7.5,61 FL HD 6X2,,,,615500000.0
MITSUBISHI,FN,2021,MANUAL,7.5,61 FL 6X2,,,,606000000.0
MITSUBISHI,FN,2022,MANUAL,7.5,527 ML,,,,642500000.0
MITSUBISHI,FN,2022,MANUAL,7.5,527 ML,,,,600000000.0
MITSUBISHI,FN,2023,MANUAL,7.5,61 FS 6X2,,,,515000000.0
MITSUBISHI,FN,2023,MANUAL,7.5,62 F HD 6X4,,,,501000000.0
MITSUBISHI,FN,2025,MANUAL,7.5,61 FL 6X2,,,,641000000.0
MITSUBISHI,FUSO,2012,MANUAL,7.5,FN 627,,,,138000000.0
MITSUBISHI,FUSO,2023,MANUAL,7.5,FN 62F HD,,,,175000000.0
MITSUBISHI,FUSO,2023,MANUAL,7.5,FN62F HD,,,,170000000.0
MITSUBISHI,L 300,2013,MANUAL,2.5,PU FLD,,,,68500000.0
MITSUBISHI,L 300,2018,MANUAL,2.5,PU STD,,,,112500000.0
MITSUBISHI,L 300,2019,MANUAL,2.5,PU FLD,,,,101000000.0
MITSUBISHI,L 300,2019,MANUAL,2.5,PU STD,,,,136500000.0
MITSUBISHI,L 300,2022,MANUAL,2.3,PU,,,,101000000.0
MITSUBISHI,L 300,2022,MANUAL,2.3,PU,,,,126000000.0
MITSUBISHI,L 300,2022,MANUAL,2.3,PU FLAT DECK,,,,81000000.0
MITSUBISHI,L 300,2022,MANUAL,2.5,PU FLD,,,,148500000.0
MITSUBISHI,L 300,2022,MANUAL,2.5,PU STD,,,,152000000.0
MITSUBISHI,L 300,2022,MANUAL,2.5,PU STD,,,,110000000.0
MITSUBISHI,L 300,2024,MANUAL,2.3,PU,,,,136000000.0
MITSUBISHI,L 300,2024,MANUAL,2.3,PU,,,,160000000.0
MITSUBISHI,L 300,2024,MANUAL,2.3,PU FLAT DECK,,,,169000000.0
MITSUBISHI,L 300,2025,MANUAL,2.3,PU,,,,165000000.0
MITSUBISHI,L 300,2025,MANUAL,2.3,PU,,,,176000000.0
MITSUBISHI,L 300,2025,MANUAL,2.3,PU FLAT DECK,,,,191000000.0
MITSUBISHI,L 300,2025,MANUAL,2.3,PU FLAT DECK,,,,173500000.0
MITSUBISHI,L 300,2025,MANUAL,2.3,PU FLAT DECK,,,,145500000.0
MITSUBISHI,L 300,2025,MANUAL,2.3,PU FLAT DECK,,,,156000000.0
MITSUBISHI,L 300,2025,MANUAL,2.3,PU FLAT DECK,,,,157500000.0
MITSUBISHI,L 300,2025,MANUAL,2.3,PU STD,,,,170000000.0
MITSUBISHI,L 300,2025,MANUAL,2.3,PU STD,,,,182000000.0
MITSUBISHI,MIRAGE,2014,AUTOMATIC,1.2,EXCEED,,,,67000000.0
MITSUBISHI,MIRAGE,2015,AUTOMATIC,1.2,GLS,,,,79500000.0
MITSUBISHI,MIRAGE,2015,AUTOMATIC,1.2,GLS,,,,76000000.0
MITSUBISHI,MIRAGE,2015,MANUAL,1.2,GLX,,,,40000000.0
MITSUBISHI,OUTLANDER,2012,AUTOMATIC,2.0,SPORT PX,,,,116000000.0
MITSUBISHI,OUTLANDER,2012,AUTOMATIC,2.0,SPORT PX,,,,108000000.0
MITSUBISHI,OUTLANDER,2013,AUTOMATIC,2.0,SPORT GLS,,,,95500000.0
MITSUBISHI,OUTLANDER,2014,AUTOMATIC,2.0,SPORT,,,,90000000.0
MITSUBISHI,OUTLANDER,2014,AUTOMATIC,2.0,SPORT PX,,,,121000000.0
MITSUBISHI,OUTLANDER,2016,AUTOMATIC,2.0,SPORT GLS,,,,113500000.0
MITSUBISHI,OUTLANDER,2016,AUTOMATIC,2.0,SPORT PX,,,,101500000.0
MITSUBISHI,OUTLANDER,2016,AUTOMATIC,2.0,SPORT PX,,,,139000000.0
MITSUBISHI,PAJERO SPORT,2009,AUTOMATIC,2.5,EXCEED,,,,158500000.0
MITSUBISHI,PAJERO SPORT,2011,AUTOMATIC,2.5,DAKAR 4X4,,,,210500000.0
MITSUBISHI,PAJERO SPORT,2011,AUTOMATIC,2.5,EXCEED,,,,164500000.0
MITSUBISHI,PAJERO SPORT,2011,AUTOMATIC,2.5,EXCEED,,,,146500000.0
MITSUBISHI,PAJERO SPORT,2011,AUTOMATIC,2.5,EXCEED,,,,164000000.0
MITSUBISHI,PAJERO SPORT,2011,AUTOMATIC,2.5,EXCEED,,,,123000000.0
MITSUBISHI,PAJERO SPORT,2011,AUTOMATIC,2.5,EXCEED,,,,164500000.0
MITSUBISHI,PAJERO SPORT,2011,MANUAL,2.5,GLX 4X4,,,,148000000.0
MITSUBISHI,PAJERO SPORT,2012,AUTOMATIC,2.5,DAKAR,,,,198500000.0
MITSUBISHI,PAJERO SPORT,2012,AUTOMATIC,2.5,DAKAR,,,,157000000.0
MITSUBISHI,PAJERO SPORT,2012,AUTOMATIC,2.5,DAKAR,,,,160500000.0
MITSUBISHI,PAJERO SPORT,2012,AUTOMATIC,2.5,DAKAR 4X4,,,,191500000.0
MITSUBISHI,PAJERO SPORT,2012,AUTOMATIC,2.5,DAKAR 4X4,,,,175000000.0
MITSUBISHI,PAJERO SPORT,2012,AUTOMATIC,2.5,DAKAR 4X4,,,,158500000.0
MITSUBISHI,PAJERO SPORT,2013,AUTOMATIC,2.5,EXCEED,,,,208000000.0
MITSUBISHI,PAJERO SPORT,2013,AUTOMATIC,2.5,EXCEED,,,,165000000.0
MITSUBISHI,PAJERO SPORT,2014,AUTOMATIC,2.5,DAKAR,,,,215500000.0
MITSUBISHI,PAJERO SPORT,2014,AUTOMATIC,2.5,DAKAR 4X4,,,,175000000.0
MITSUBISHI,PAJERO SPORT,2014,AUTOMATIC,2.5,EXCEED,,,,196500000.0
MITSUBISHI,PAJERO SPORT,2015,AUTOMATIC,2.5,DAKAR,,,,214500000.0
MITSUBISHI,PAJERO SPORT,2015,AUTOMATIC,2.5,EXCEED,,,,202000000.0
MITSUBISHI,PAJERO SPORT,2016,AUTOMATIC,2.4,DAKAR,,,,299500000.0
MITSUBISHI,PAJERO SPORT,2016,AUTOMATIC,2.4,DAKAR,,,,310750000.0
MITSUBISHI,PAJERO SPORT,2016,AUTOMATIC,2.4,DAKAR,,,,325500000.0
MITSUBISHI,PAJERO SPORT,2016,AUTOMATIC,2.4,DAKAR,,,,310000000.0
MITSUBISHI,PAJERO SPORT,2016,AUTOMATIC,2.4,DAKAR,,,,280000000.0
MITSUBISHI,PAJERO SPORT,2016,AUTOMATIC,2.4,DAKAR,,,,285000000.0
MITSUBISHI,PAJERO SPORT,2016,AUTOMATIC,2.4,DAKAR 4X4,,,,334000000.0
MITSUBISHI,PAJERO SPORT,2016,AUTOMATIC,2.4,DAKAR 4X4,,,,305000000.0
MITSUBISHI,PAJERO SPORT,2016,AUTOMATIC,2.5,EXCEED,,,,272000000.0
MITSUBISHI,PAJERO SPORT,2017,AUTOMATIC,2.4,DAKAR,505.0,300.0,59.41,293500000.0
MITSUBISHI,PAJERO SPORT,2017,AUTOMATIC,2.5,EXCEED,458.0,272.5,59.5,
MITSUBISHI,PAJERO SPORT,2017,MANUAL,2.5,GLX 4X4,,,,162000000.0
MITSUBISHI,PAJERO SPORT,2018,AUTOMATIC,2.4,DAKAR,512.0,305.0,59.57,305000000.0
MITSUBISHI,PAJERO SPORT,2018,AUTOMATIC,2.4,DAKAR,512.0,305.0,59.57,345500000.0
MITSUBISHI,PAJERO SPORT,2018,AUTOMATIC,2.5,EXCEED,469.0,282.0,60.13,
MITSUBISHI,PAJERO SPORT,2018,MANUAL,2.5,GLX,,,,209000000.0
MITSUBISHI,PAJERO SPORT,2018,MANUAL,2.5,GLX 4X4,,,,200000000.0
MITSUBISHI,PAJERO SPORT,2019,AUTOMATIC,2.4,DAKAR,540.0,360.0,66.67,368000000.0
MITSUBISHI,PAJERO SPORT,2019,AUTOMATIC,2.4,DAKAR,540.0,360.0,66.67,301000000.0
MITSUBISHI,PAJERO SPORT,2019,AUTOMATIC,2.4,DAKAR,540.0,360.0,66.67,337000000.0
MITSUBISHI,PAJERO SPORT,2019,AUTOMATIC,2.4,DAKAR 4X4,,,,362000000.0
MITSUBISHI,PAJERO SPORT,2019,AUTOMATIC,2.4,DAKAR ULTIMATE 4X2,,,,300500000.0
MITSUBISHI,PAJERO SPORT,2019,AUTOMATIC,2.5,EXCEED,497.0,300.0,60.36,
MITSUBISHI,PAJERO SPORT,2019,MANUAL,2.5,GLX 4X4,,,,295000000.0
MITSUBISHI,PAJERO SPORT,2020,AUTOMATIC,2.4,DAKAR,550.0,370.0,67.27,319000000.0
MITSUBISHI,PAJERO SPORT,2020,AUTOMATIC,2.5,EXCEED,507.0,309.0,60.95,
MITSUBISHI,PAJERO SPORT,2021,AUTOMATIC,2.4,DAKAR,575.0,385.0,66.96,431000000.0
MITSUBISHI,PAJERO SPORT,2021,AUTOMATIC,2.4,DAKAR,575.0,385.0,66.96,424250000.0
MITSUBISHI,PAJERO SPORT,2021,AUTOMATIC,2.4,DAKAR,575.0,385.0,66.96,412850000.0
MITSUBISHI,PAJERO SPORT,2021,AUTOMATIC,2.4,DAKAR,575.0,385.0,66.96,386000000.0
MITSUBISHI,PAJERO SPORT,2021,AUTOMATIC,2.4,DAKAR,575.0,385.0,66.96,405250000.0
MITSUBISHI,PAJERO SPORT,2021,AUTOMATIC,2.4,DAKAR,575.0,385.0,66.96,396250000.0
MITSUBISHI,PAJERO SPORT,2021,AUTOMATIC,2.4,DAKAR,575.0,385.0,66.96,355000000.0
MITSUBISHI,PAJERO SPORT,2021,AUTOMATIC,2.4,DAKAR,575.0,385.0,66.96,398000000.0
MITSUBISHI,PAJERO SPORT,2021,AUTOMATIC,2.4,DAKAR,575.0,385.0,66.96,438000000.0
MITSUBISHI,PAJERO SPORT,2021,AUTOMATIC,2.4,DAKAR ULTIMATE 4X2,,,,391500000.0
MITSUBISHI,PAJERO SPORT,2021,AUTOMATIC,2.4,DAKAR ULTIMATE 4X2,,,,342500000.0
MITSUBISHI,PAJERO SPORT,2021,AUTOMATIC,2.4,DAKAR ULTIMATE 4X4,,,,435000000.0
MITSUBISHI,PAJERO SPORT,2021,AUTOMATIC,2.4,DAKAR ULTIMATE 4X4,,,,413500000.0
MITSUBISHI,PAJERO SPORT,2021,AUTOMATIC,2.5,EXCEED,517.0,319.0,61.7,307000000.0
MITSUBISHI,PAJERO SPORT,2021,MANUAL,2.5,GLX 4X4,,,,275000000.0
MITSUBISHI,PAJERO SPORT,2022,AUTOMATIC,2.4,DAKAR,603.0,395.5,65.59,414500000.0
MITSUBISHI,PAJERO SPORT,2022,AUTOMATIC,2.4,DAKAR,603.0,395.5,65.59,438700000.0
MITSUBISHI,PAJERO SPORT,2022,AUTOMATIC,2.4,DAKAR,603.0,395.5,65.59,408000000.0
MITSUBISHI,PAJERO SPORT,2022,AUTOMATIC,2.4,DAKAR,603.0,395.5,65.59,260000000.0
MITSUBISHI,PAJERO SPORT,2022,AUTOMATIC,2.4,DAKAR,603.0,395.5,65.59,391500000.0
MITSUBISHI,PAJERO SPORT,2022,AUTOMATIC,2.4,DAKAR,603.0,395.5,65.59,410500000.0
MITSUBISHI,PAJERO SPORT,2022,AUTOMATIC,2.4,DAKAR,603.0,395.5,65.59,306500000.0
MITSUBISHI,PAJERO SPORT,2022,AUTOMATIC,2.4,DAKAR ULTIMATE 4X2,,,,431500000.0
MITSUBISHI,PAJERO SPORT,2022,AUTOMATIC,2.4,DAKAR ULTIMATE 4X2,,,,454500000.0
MITSUBISHI,PAJERO SPORT,2022,AUTOMATIC,2.4,DAKAR ULTIMATE 4X2,,,,347000000.0
MITSUBISHI,PAJERO SPORT,2022,AUTOMATIC,2.4,DAKAR ULTIMATE 4X2,,,,390000000.0
MITSUBISHI,PAJERO SPORT,2022,AUTOMATIC,2.4,DAKAR ULTIMATE 4X2,,,,364000000.0
MITSUBISHI,PAJERO SPORT,2022,AUTOMATIC,2.4,DAKAR ULTIMATE 4X4,,,,400000000.0
MITSUBISHI,PAJERO SPORT,2022,AUTOMATIC,2.4,EXCEED,,,,352500000.0
MITSUBISHI,PAJERO SPORT,2022,AUTOMATIC,2.5,EXCEED,544.0,324.5,59.65,358000000.0
MITSUBISHI,PAJERO SPORT,2022,AUTOMATIC,2.5,EXCEED,544.0,324.5,59.65,352500000.0
MITSUBISHI,PAJERO SPORT,2022,AUTOMATIC,2.5,EXCEED,544.0,324.5,59.65,330000000.0
MITSUBISHI,PAJERO SPORT,2022,AUTOMATIC,2.5,EXCEED,544.0,324.5,59.65,320000000.0
MITSUBISHI,PAJERO SPORT,2022,AUTOMATIC,2.5,EXCEED,544.0,324.5,59.65,328500000.0
MITSUBISHI,PAJERO SPORT,2022,MANUAL,2.5,EXCEED,,,,350000000.0
MITSUBISHI,PAJERO SPORT,2022,MANUAL,2.5,GLX 4X4,,,,290000000.0
MITSUBISHI,PAJERO SPORT,2023,AUTOMATIC,2.4,DAKAR,620.0,405.0,65.32,478500000.0
MITSUBISHI,PAJERO SPORT,2023,AUTOMATIC,2.4,DAKAR,620.0,405.0,65.32,462000000.0
MITSUBISHI,PAJERO SPORT,2023,AUTOMATIC,2.4,DAKAR,620.0,405.0,65.32,395000000.0
MITSUBISHI,PAJERO SPORT,2023,AUTOMATIC,2.4,DAKAR,620.0,405.0,65.32,409750000.0
MITSUBISHI,PAJERO SPORT,2023,AUTOMATIC,2.4,DAKAR,620.0,405.0,65.32,387000000.0
MITSUBISHI,PAJERO SPORT,2023,AUTOMATIC,2.4,DAKAR,620.0,405.0,65.32,400000000.0
MITSUBISHI,PAJERO SPORT,2023,AUTOMATIC,2.4,DAKAR 4X4,,,,481000000.0
MITSUBISHI,PAJERO SPORT,2023,AUTOMATIC,2.4,DAKAR ULTIMATE 4X4,,,,509500000.0
MITSUBISHI,PAJERO SPORT,2023,AUTOMATIC,2.5,EXCEED,562.0,340.0,60.5,325500000.0
MITSUBISHI,PAJERO SPORT,2023,AUTOMATIC,2.5,EXCEED,562.0,340.0,60.5,309000000.0
MITSUBISHI,PAJERO SPORT,2023,MANUAL,2.5,GLX,,,,310500000.0
MITSUBISHI,PAJERO SPORT,2023,MANUAL,2.5,GLX 4X4,,,,282000000.0
MITSUBISHI,PAJERO SPORT,2024,AUTOMATIC,2.4,DAKAR,651.0,429.5,65.98,510000000.0
MITSUBISHI,PAJERO SPORT,2024,AUTOMATIC,2.4,DAKAR,651.0,429.5,65.98,475000000.0
MITSUBISHI,PAJERO SPORT,2024,AUTOMATIC,2.4,DAKAR ULTIMATE 4X4,,,,470500000.0
MITSUBISHI,PAJERO SPORT,2024,AUTOMATIC,2.5,EXCEED,583.0,350.0,60.03,
MITSUBISHI,PAJERO SPORT,2025,AUTOMATIC,2.4,DAKAR,,,,500000000.0
MITSUBISHI,PAJERO SPORT,2025,AUTOMATIC,2.4,DAKAR ULTIMATE 4X4,,,,530000000.0
MITSUBISHI,STRADA,2014,MANUAL,2.5,SC GLX,,,,91000000.0
MITSUBISHI,STRADA,2014,MANUAL,2.8,SC GLX,,,,117000000.0
MITSUBISHI,TRITON,2015,MANUAL,2.5,DC HDX 4X4,,,,90500000.0
MITSUBISHI,TRITON,2016,MANUAL,2.5,DC GLS 4X4,,,,150000000.0
MITSUBISHI,TRITON,2016,MANUAL,2.5,DC HDX 4X4,,,,145000000.0
MITSUBISHI,TRITON,2016,MANUAL,2.5,DC HDX 4X4,,,,99200000.0
MITSUBISHI,TRITON,2017,MANUAL,2.5,DC GLS 4X4,,,,180500000.0
MITSUBISHI,TRITON,2017,MANUAL,2.5,DC GLS 4X4,,,,143500000.0
MITSUBISHI,TRITON,2018,MANUAL,2.5,DC HDX 4X4,,,,162000000.0
MITSUBISHI,TRITON,2018,MANUAL,2.5,SC GLX 4X2,,,,130000000.0
MITSUBISHI,TRITON,2019,MANUAL,2.4,DC EXCEED 4X4,,,,245000000.0
MITSUBISHI,TRITON,2019,MANUAL,2.5,DC EXCEED 4X4,,,,234000000.0
MITSUBISHI,TRITON,2019,MANUAL,2.5,DC GLS 4X4,,,,108000000.0
MITSUBISHI,TRITON,2019,MANUAL,2.5,DC HDX 4X4,,,,75500000.0
MITSUBISHI,TRITON,2019,MANUAL,2.5,DC HDX 4X4,,,,184000000.0
MITSUBISHI,TRITON,2019,MANUAL,2.5,SC HDX 4X4,,,,225500000.0
MITSUBISHI,TRITON,2019,MANUAL,2.5,SC HDX 4X4,,,,160000000.0
MITSUBISHI,TRITON,2020,AUTOMATIC,2.4,DC ULTIMATE 4X4,,,,327000000.0
MITSUBISHI,TRITON,2020,MANUAL,2.4,DC GLS 4X4,,,,219000000.0
MITSUBISHI,TRITON,2020,MANUAL,2.5,DC HDX 4X4,,,,118000000.0
MITSUBISHI,TRITON,2021,MANUAL,0.0,DC HDX 4X4,,,,242500000.0
MITSUBISHI,TRITON,2021,MANUAL,2.4,DC EXCEED 4X4,,,,285000000.0
MITSUBISHI,TRITON,2021,MANUAL,2.4,DC EXCEED 4X4,,,,255000000.0
MITSUBISHI,TRITON,2021,MANUAL,2.4,DC GLS 4X4,,,,215500000.0
MITSUBISHI,TRITON,2021,MANUAL,2.4,DC GLS 4X4,,,,235000000.0
MITSUBISHI,TRITON,2021,MANUAL,2.4,DC GLS 4X4,,,,215000000.0
MITSUBISHI,TRITON,2021,MANUAL,2.4,DC GLS 4X4,,,,263000000.0
MITSUBISHI,TRITON,2021,MANUAL,2.4,DC GLS 4X4,,,,168000000.0
MITSUBISHI,TRITON,2021,MANUAL,2.4,DC GLS 4X4,,,,220000000.0
MITSUBISHI,TRITON,2021,MANUAL,2.4,DC GLS 4X4,,,,186000000.0
MITSUBISHI,TRITON,2021,MANUAL,2.5,DC HDX 4X4,,,,205250000.0
MITSUBISHI,TRITON,2021,MANUAL,2.5,DC HDX 4X4,,,,210500000.0
MITSUBISHI,TRITON,2021,MANUAL,2.5,DC HDX 4X4,,,,159000000.0
MITSUBISHI,TRITON,2021,MANUAL,2.5,DC HDX 4X4,,,,159500000.0
MITSUBISHI,TRITON,2021,MANUAL,2.5,DC HDX 4X4,,,,142000000.0
MITSUBISHI,TRITON,2021,MANUAL,2.5,SC HDX 4X4,,,,228000000.0
MITSUBISHI,TRITON,2022,MANUAL,2.4,DC GLS 4X4,,,,262000000.0
MITSUBISHI,TRITON,2022,MANUAL,2.4,DC GLS 4X4,,,,228000000.0
MITSUBISHI,TRITON,2022,MANUAL,2.4,DC GLS 4X4,,,,225000000.0
MITSUBISHI,TRITON,2022,MANUAL,2.4,DC GLS 4X4,,,,256000000.0
MITSUBISHI,TRITON,2022,MANUAL,2.4,DC GLS 4X4,,,,240000000.0
MITSUBISHI,TRITON,2022,MANUAL,2.4,DC GLS 4X4,,,,236500000.0
MITSUBISHI,TRITON,2022,MANUAL,2.4,DC GLS 4X4,,,,234250000.0
MITSUBISHI,TRITON,2022,MANUAL,2.5,DC HDX 4X4,,,,231000000.0
MITSUBISHI,TRITON,2022,MANUAL,2.5,DC HDX 4X4,,,,141750000.0
MITSUBISHI,TRITON,2022,MANUAL,2.5,DC HDX 4X4,,,,239000000.0
MITSUBISHI,TRITON,2023,MANUAL,2.4,DC GLS 4X4,,,,228000000.0
MITSUBISHI,TRITON,2024,MANUAL,2.4,SC HDX 4X4,,,,265500000.0
MITSUBISHI,TRITON,2024,MANUAL,2.4,SC HDX 4X4,,,,222000000.0
MITSUBISHI,TRITON,2025,MANUAL,2.4,DC GLS 4X4,,,,275000000.0
MITSUBISHI,TRITON,2025,MANUAL,2.4,DC HDX 4X4,,,,260000000.0
MITSUBISHI,TRITON,2025,MANUAL,2.4,DC HDX 4X4,,,,233000000.0
MITSUBISHI,X FORCE,2023,AUTOMATIC,1.5,ULTIMATE,,,,225500000.0
MITSUBISHI,X FORCE,2023,AUTOMATIC,1.5,ULTIMATE,,,,251000000.0
MITSUBISHI,X FORCE,2023,LAIN LAIN,1.5,ULTIMATE,,,,240500000.0
MITSUBISHI,X FORCE,2024,AUTOMATIC,1.5,ULTIMATE,,,,280000000.0
MITSUBISHI,X FORCE,2024,AUTOMATIC,1.5,ULTIMATE,,,,259500000.0
MITSUBISHI,X FORCE,2024,AUTOMATIC,1.5,ULTIMATE,,,,222500000.0
MITSUBISHI,X FORCE,2024,AUTOMATIC,1.5,ULTIMATE,,,,259000000.0
MITSUBISHI,X FORCE,2025,AUTOMATIC,1.5,ULTIMATE,,,,284500000.0
MITSUBISHI,X FORCE,2025,AUTOMATIC,1.5,ULTIMATE,,,,278000000.0
MITSUBISHI,XPANDER,2017,AUTOMATIC,1.5,EXCEED,227.0,143.5,63.22,
MITSUBISHI,XPANDER,2017,AUTOMATIC,1.5,GLS,221.0,136.5,61.76,
MITSUBISHI,XPANDER,2017,AUTOMATIC,1.5,SPORT,240.0,150.0,62.5,
MITSUBISHI,XPANDER,2017,AUTOMATIC,1.5,ULTIMATE,248.0,155.0,62.5,164000000.0
MITSUBISHI,XPANDER,2017,AUTOMATIC,1.5,ULTIMATE,248.0,155.0,62.5,157000000.0
MITSUBISHI,XPANDER,2017,MANUAL,1.5,EXCEED,217.0,141.0,64.98,
MITSUBISHI,XPANDER,2017,MANUAL,1.5,GLS,211.0,125.0,59.24,
MITSUBISHI,XPANDER,2017,MANUAL,1.5,SPORT,230.0,138.5,60.22,
MITSUBISHI,XPANDER,2018,AUTOMATIC,1.5,EXCEED,235.0,149.5,63.62,160000000.0
MITSUBISHI,XPANDER,2018,AUTOMATIC,1.5,EXCEED,235.0,149.5,63.62,150500000.0
MITSUBISHI,XPANDER,2018,AUTOMATIC,1.5,GLS,228.0,145.5,63.82,
MITSUBISHI,XPANDER,2018,AUTOMATIC,1.5,SPORT,247.0,157.5,63.77,164500000.0
MITSUBISHI,XPANDER,2018,AUTOMATIC,1.5,SPORT,247.0,157.5,63.77,155500000.0
MITSUBISHI,XPANDER,2018,AUTOMATIC,1.5,SPORT,247.0,157.5,63.77,158000000.0
MITSUBISHI,XPANDER,2018,AUTOMATIC,1.5,ULTIMATE,255.0,165.0,64.71,171000000.0
MITSUBISHI,XPANDER,2018,AUTOMATIC,1.5,ULTIMATE,255.0,165.0,64.71,162500000.0
MITSUBISHI,XPANDER,2018,AUTOMATIC,1.5,ULTIMATE,255.0,165.0,64.71,161250000.0
MITSUBISHI,XPANDER,2018,MANUAL,1.5,EXCEED,225.0,146.0,64.89,171000000.0
MITSUBISHI,XPANDER,2018,MANUAL,1.5,EXCEED,225.0,146.0,64.89,160500000.0
MITSUBISHI,XPANDER,2018,MANUAL,1.5,EXCEED,225.0,146.0,64.89,127500000.0
MITSUBISHI,XPANDER,2018,MANUAL,1.5,EXCEED,225.0,146.0,64.89,159000000.0
MITSUBISHI,XPANDER,2018,MANUAL,1.5,GLS,217.0,135.0,62.21,145000000.0
MITSUBISHI,XPANDER,2018,MANUAL,1.5,GLS,217.0,135.0,62.21,145000000.0
MITSUBISHI,XPANDER,2018,MANUAL,1.5,GLS,217.0,135.0,62.21,143700000.0
MITSUBISHI,XPANDER,2018,MANUAL,1.5,GLS,217.0,135.0,62.21,136000000.0
MITSUBISHI,XPANDER,2018,MANUAL,1.5,GLX,,,,142000000.0
MITSUBISHI,XPANDER,2018,MANUAL,1.5,SPORT,237.0,144.5,60.97,
MITSUBISHI,XPANDER,2019,AUTOMATIC,0.0,SPORT,,,,162000000.0
MITSUBISHI,XPANDER,2019,AUTOMATIC,1.5,CROSS,,,,183000000.0
MITSUBISHI,XPANDER,2019,AUTOMATIC,1.5,CROSS,,,,193500000.0
MITSUBISHI,XPANDER,2019,AUTOMATIC,1.5,EXCEED,244.0,153.5,62.91,163000000.0
MITSUBISHI,XPANDER,2019,AUTOMATIC,1.5,EXCEED,244.0,153.5,62.91,155500000.0
MITSUBISHI,XPANDER,2019,AUTOMATIC,1.5,EXCEED,244.0,153.5,62.91,100000000.0
MITSUBISHI,XPANDER,2019,AUTOMATIC,1.5,EXCEED,244.0,153.5,62.91,177500000.0
MITSUBISHI,XPANDER,2019,AUTOMATIC,1.5,GLS,237.0,150.0,63.29,161000000.0
MITSUBISHI,XPANDER,2019,AUTOMATIC,1.5,GLS,237.0,150.0,63.29,150000000.0
MITSUBISHI,XPANDER,2019,AUTOMATIC,1.5,GLS,237.0,150.0,63.29,145500000.0
MITSUBISHI,XPANDER,2019,AUTOMATIC,1.5,GLS,237.0,150.0,63.29,145000000.0
MITSUBISHI,XPANDER,2019,AUTOMATIC,1.5,GLS,237.0,150.0,63.29,149000000.0
MITSUBISHI,XPANDER,2019,AUTOMATIC,1.5,SPORT,256.0,166.5,65.04,161000000.0
MITSUBISHI,XPANDER,2019,AUTOMATIC,1.5,SPORT,256.0,166.5,65.04,169000000.0
MITSUBISHI,XPANDER,2019,AUTOMATIC,1.5,SPORT,256.0,166.5,65.04,143500000.0
MITSUBISHI,XPANDER,2019,AUTOMATIC,1.5,SPORT,256.0,166.5,65.04,164000000.0
MITSUBISHI,XPANDER,2019,AUTOMATIC,1.5,SPORT,256.0,166.5,65.04,162000000.0
MITSUBISHI,XPANDER,2019,AUTOMATIC,1.5,SPORT,256.0,166.5,65.04,163500000.0
MITSUBISHI,XPANDER,2019,AUTOMATIC,1.5,SPORT,256.0,166.5,65.04,155000000.0
MITSUBISHI,XPANDER,2019,AUTOMATIC,1.5,ULTIMATE,265.0,170.0,64.15,193000000.0
MITSUBISHI,XPANDER,2019,AUTOMATIC,1.5,ULTIMATE,265.0,170.0,64.15,178000000.0
MITSUBISHI,XPANDER,2019,AUTOMATIC,1.5,ULTIMATE,265.0,170.0,64.15,180750000.0
MITSUBISHI,XPANDER,2019,AUTOMATIC,1.5,ULTIMATE,265.0,170.0,64.15,163750000.0
MITSUBISHI,XPANDER,2019,AUTOMATIC,1.5,ULTIMATE,265.0,170.0,64.15,154000000.0
MITSUBISHI,XPANDER,2019,AUTOMATIC,1.5,ULTIMATE,265.0,170.0,64.15,191500000.0
MITSUBISHI,XPANDER,2019,AUTOMATIC,1.5,ULTIMATE,265.0,170.0,64.15,174500000.0
MITSUBISHI,XPANDER,2019,AUTOMATIC,1.5,ULTIMATE,265.0,170.0,64.15,174500000.0
MITSUBISHI,XPANDER,2019,AUTOMATIC,1.5,ULTIMATE,265.0,170.0,64.15,171500000.0
MITSUBISHI,XPANDER,2019,AUTOMATIC,2.5,ULTIMATE,,,,190000000.0
MITSUBISHI,XPANDER,2019,MANUAL,1.5,EXCEED,234.0,150.0,64.1,169500000.0
MITSUBISHI,XPANDER,2019,MANUAL,1.5,EXCEED,234.0,150.0,64.1,165500000.0
MITSUBISHI,XPANDER,2019,MANUAL,1.5,EXCEED,234.0,150.0,64.1,171700000.0
MITSUBISHI,XPANDER,2019,MANUAL,1.5,EXCEED,234.0,150.0,64.1,155000000.0
MITSUBISHI,XPANDER,2019,MANUAL,1.5,EXCEED,234.0,150.0,64.1,169000000.0
MITSUBISHI,XPANDER,2019,MANUAL,1.5,EXCEED,234.0,150.0,64.1,148500000.0
MITSUBISHI,XPANDER,2019,MANUAL,1.5,EXCEED,234.0,150.0,64.1,151000000.0
MITSUBISHI,XPANDER,2019,MANUAL,1.5,EXCEED,234.0,150.0,64.1,151500000.0
MITSUBISHI,XPANDER,2019,MANUAL,1.5,EXCEED,234.0,150.0,64.1,135000000.0
MITSUBISHI,XPANDER,2019,MANUAL,1.5,GLS,226.0,136.0,60.18,142500000.0
MITSUBISHI,XPANDER,2019,MANUAL,1.5,GLS,226.0,136.0,60.18,153500000.0
MITSUBISHI,XPANDER,2019,MANUAL,1.5,GLS,226.0,136.0,60.18,147500000.0
MITSUBISHI,XPANDER,2019,MANUAL,1.5,GLS,226.0,136.0,60.18,147750000.0
MITSUBISHI,XPANDER,2019,MANUAL,1.5,GLS,226.0,136.0,60.18,145500000.0
MITSUBISHI,XPANDER,2019,MANUAL,1.5,GLS,226.0,136.0,60.18,136500000.0
MITSUBISHI,XPANDER,2019,MANUAL,1.5,GLX,,,,148500000.0
MITSUBISHI,XPANDER,2019,MANUAL,1.5,SPORT,246.0,157.5,64.02,159250000.0
MITSUBISHI,XPANDER,2020,AUTOMATIC,1.5,CROSS,,,,192000000.0
MITSUBISHI,XPANDER,2020,AUTOMATIC,1.5,CROSS,,,,198000000.0
MITSUBISHI,XPANDER,2020,AUTOMATIC,1.5,CROSS,,,,194000000.0
MITSUBISHI,XPANDER,2020,AUTOMATIC,1.5,CROSS PREMIUM,,,,209500000.0
MITSUBISHI,XPANDER,2020,AUTOMATIC,1.5,EXCEED,253.0,157.5,62.25,173500000.0
MITSUBISHI,XPANDER,2020,AUTOMATIC,1.5,EXCEED,253.0,157.5,62.25,165500000.0
MITSUBISHI,XPANDER,2020,AUTOMATIC,1.5,EXCEED,253.0,157.5,62.25,177500000.0
MITSUBISHI,XPANDER,2020,AUTOMATIC,1.5,EXCEED,253.0,157.5,62.25,165250000.0
MITSUBISHI,XPANDER,2020,AUTOMATIC,1.5,EXCEED,253.0,157.5,62.25,158000000.0
MITSUBISHI,XPANDER,2020,AUTOMATIC,1.5,EXCEED,253.0,157.5,62.25,173500000.0
MITSUBISHI,XPANDER,2020,AUTOMATIC,1.5,GLS,245.0,154.5,63.06,
MITSUBISHI,XPANDER,2020,AUTOMATIC,1.5,SPORT,271.0,172.5,63.65,177900000.0
MITSUBISHI,XPANDER,2020,AUTOMATIC,1.5,SPORT,271.0,172.5,63.65,166000000.0
MITSUBISHI,XPANDER,2020,AUTOMATIC,1.5,SPORT,271.0,172.5,63.65,170000000.0
MITSUBISHI,XPANDER,2020,AUTOMATIC,1.5,SPORT,271.0,172.5,63.65,175000000.0
MITSUBISHI,XPANDER,2020,AUTOMATIC,1.5,SPORT,271.0,172.5,63.65,185000000.0
MITSUBISHI,XPANDER,2020,AUTOMATIC,1.5,ULTIMATE,275.0,184.5,67.09,182000000.0
MITSUBISHI,XPANDER,2020,AUTOMATIC,1.5,ULTIMATE,275.0,184.5,67.09,184150000.0
MITSUBISHI,XPANDER,2020,AUTOMATIC,1.5,ULTIMATE,275.0,184.5,67.09,187350000.0
MITSUBISHI,XPANDER,2020,AUTOMATIC,1.5,ULTIMATE,275.0,184.5,67.09,181500000.0
MITSUBISHI,XPANDER,2020,AUTOMATIC,1.5,ULTIMATE,275.0,184.5,67.09,182500000.0
MITSUBISHI,XPANDER,2020,AUTOMATIC,1.5,ULTIMATE,275.0,184.5,67.09,183062500.0
MITSUBISHI,XPANDER,2020,MANUAL,1.5,EXCEED,243.0,156.5,64.4,161000000.0
MITSUBISHI,XPANDER,2020,MANUAL,1.5,EXCEED,243.0,156.5,64.4,153500000.0
MITSUBISHI,XPANDER,2020,MANUAL,1.5,EXCEED,243.0,156.5,64.4,158500000.0
MITSUBISHI,XPANDER,2020,MANUAL,1.5,EXCEED,243.0,156.5,64.4,154650000.0
MITSUBISHI,XPANDER,2020,MANUAL,1.5,EXCEED,243.0,156.5,64.4,146250000.0
MITSUBISHI,XPANDER,2020,MANUAL,1.5,EXCEED,243.0,156.5,64.4,148000000.0
MITSUBISHI,XPANDER,2020,MANUAL,1.5,EXCEED,243.0,156.5,64.4,144700000.0
MITSUBISHI,XPANDER,2020,MANUAL,1.5,GLS,234.0,145.0,61.97,
MITSUBISHI,XPANDER,2020,MANUAL,1.5,SPORT,261.0,162.5,62.26,173500000.0
MITSUBISHI,XPANDER,2020,MANUAL,1.5,SPORT,261.0,162.5,62.26,165000000.0
MITSUBISHI,XPANDER,2020,MANUAL,1.5,SPORT,261.0,162.5,62.26,166000000.0
MITSUBISHI,XPANDER,2020,MANUAL,1.5,SPORT,261.0,162.5,62.26,160000000.0
MITSUBISHI,XPANDER,2021,AUTOMATIC,1.5,CROSS,286.0,196.0,68.53,216500000.0
MITSUBISHI,XPANDER,2021,AUTOMATIC,1.5,CROSS,286.0,196.0,68.53,219500000.0
MITSUBISHI,XPANDER,2021,AUTOMATIC,1.5,CROSS,286.0,196.0,68.53,195500000.0
MITSUBISHI,XPANDER,2021,AUTOMATIC,1.5,CROSS,286.0,196.0,68.53,196500000.0
MITSUBISHI,XPANDER,2021,AUTOMATIC,1.5,CROSS,286.0,196.0,68.53,202500000.0
MITSUBISHI,XPANDER,2021,AUTOMATIC,1.5,CROSS,286.0,196.0,68.53,196500000.0
MITSUBISHI,XPANDER,2021,AUTOMATIC,1.5,CROSS PREMIUM,,,,210500000.0
MITSUBISHI,XPANDER,2021,AUTOMATIC,1.5,CROSS PREMIUM,,,,193000000.0
MITSUBISHI,XPANDER,2021,AUTOMATIC,1.5,EXCEED,260.0,164.5,63.27,180500000.0
MITSUBISHI,XPANDER,2021,AUTOMATIC,1.5,EXCEED,260.0,164.5,63.27,165000000.0
MITSUBISHI,XPANDER,2021,AUTOMATIC,1.5,EXCEED,260.0,164.5,63.27,178750000.0
MITSUBISHI,XPANDER,2021,AUTOMATIC,1.5,EXCEED,260.0,164.5,63.27,175000000.0
MITSUBISHI,XPANDER,2021,AUTOMATIC,1.5,EXCEED,260.0,164.5,63.27,169000000.0
MITSUBISHI,XPANDER,2021,AUTOMATIC,1.5,EXCEED,260.0,164.5,63.27,185500000.0
MITSUBISHI,XPANDER,2021,AUTOMATIC,1.5,EXCEED,260.0,164.5,63.27,168000000.0
MITSUBISHI,XPANDER,2021,AUTOMATIC,1.5,EXCEED,260.0,164.5,63.27,199500000.0
MITSUBISHI,XPANDER,2021,AUTOMATIC,1.5,GLS,253.0,160.5,63.44,155000000.0
MITSUBISHI,XPANDER,2021,AUTOMATIC,1.5,GLS,253.0,160.5,63.44,150000000.0
MITSUBISHI,XPANDER,2021,AUTOMATIC,1.5,GLS,253.0,160.5,63.44,160000000.0
MITSUBISHI,XPANDER,2021,AUTOMATIC,1.5,GLS,253.0,160.5,63.44,153000000.0
MITSUBISHI,XPANDER,2021,AUTOMATIC,1.5,GLS,253.0,160.5,63.44,156000000.0
MITSUBISHI,XPANDER,2021,AUTOMATIC,1.5,GLS,253.0,160.5,63.44,150000000.0
MITSUBISHI,XPANDER,2021,AUTOMATIC,1.5,SPORT,280.0,180.5,64.46,178000000.0
MITSUBISHI,XPANDER,2021,AUTOMATIC,1.5,SPORT,280.0,180.5,64.46,195750000.0
MITSUBISHI,XPANDER,2021,AUTOMATIC,1.5,SPORT,280.0,180.5,64.46,199500000.0
MITSUBISHI,XPANDER,2021,AUTOMATIC,1.5,SPORT,280.0,180.5,64.46,162500000.0
MITSUBISHI,XPANDER,2021,AUTOMATIC,1.5,SPORT,280.0,180.5,64.46,177500000.0
MITSUBISHI,XPANDER,2021,AUTOMATIC,1.5,SPORT,280.0,180.5,64.46,165000000.0
MITSUBISHI,XPANDER,2021,AUTOMATIC,1.5,SPORT,280.0,180.5,64.46,165000000.0
MITSUBISHI,XPANDER,2021,AUTOMATIC,1.5,ULTIMATE,279.0,189.0,67.74,200000000.0
MITSUBISHI,XPANDER,2021,AUTOMATIC,1.5,ULTIMATE,279.0,189.0,67.74,190500000.0
MITSUBISHI,XPANDER,2021,AUTOMATIC,1.5,ULTIMATE,279.0,189.0,67.74,199850000.0
MITSUBISHI,XPANDER,2021,AUTOMATIC,1.5,ULTIMATE,279.0,189.0,67.74,198000000.0
MITSUBISHI,XPANDER,2021,AUTOMATIC,1.5,ULTIMATE,279.0,189.0,67.74,190000000.0
MITSUBISHI,XPANDER,2021,AUTOMATIC,1.5,ULTIMATE,279.0,189.0,67.74,215000000.0
MITSUBISHI,XPANDER,2021,AUTOMATIC,1.5,ULTIMATE,279.0,189.0,67.74,193900000.0
MITSUBISHI,XPANDER,2021,AUTOMATIC,1.5,ULTIMATE,279.0,189.0,67.74,193500000.0
MITSUBISHI,XPANDER,2021,AUTOMATIC,1.5,ULTIMATE,279.0,189.0,67.74,181500000.0
MITSUBISHI,XPANDER,2021,AUTOMATIC,1.5,ULTIMATE,279.0,189.0,67.74,186125000.0
MITSUBISHI,XPANDER,2021,AUTOMATIC,1.5,ULTIMATE,279.0,189.0,67.74,176200000.0
MITSUBISHI,XPANDER,2021,MANUAL,1.5,CROSS,,,,232500000.0
MITSUBISHI,XPANDER,2021,MANUAL,1.5,EXCEED,246.0,164.0,66.67,159850000.0
MITSUBISHI,XPANDER,2021,MANUAL,1.5,EXCEED,246.0,164.0,66.67,164200000.0
MITSUBISHI,XPANDER,2021,MANUAL,1.5,EXCEED,246.0,164.0,66.67,205000000.0
MITSUBISHI,XPANDER,2021,MANUAL,1.5,EXCEED,246.0,164.0,66.67,64500000.0
MITSUBISHI,XPANDER,2021,MANUAL,1.5,EXCEED,246.0,164.0,66.67,162000000.0
MITSUBISHI,XPANDER,2021,MANUAL,1.5,EXCEED,246.0,164.0,66.67,166500000.0
MITSUBISHI,XPANDER,2021,MANUAL,1.5,GLS,239.0,150.0,62.76,144000000.0
MITSUBISHI,XPANDER,2021,MANUAL,1.5,GLS,239.0,150.0,62.76,147000000.0
MITSUBISHI,XPANDER,2021,MANUAL,1.5,GLS,239.0,150.0,62.76,150000000.0
MITSUBISHI,XPANDER,2021,MANUAL,1.5,GLS,239.0,150.0,62.76,142000000.0
MITSUBISHI,XPANDER,2021,MANUAL,1.5,GLS,239.0,150.0,62.76,192500000.0
MITSUBISHI,XPANDER,2021,MANUAL,1.5,GLS,239.0,150.0,62.76,145000000.0
MITSUBISHI,XPANDER,2021,MANUAL,1.5,GLS,239.0,150.0,62.76,145000000.0
MITSUBISHI,XPANDER,2021,MANUAL,1.5,GLS,239.0,150.0,62.76,158250000.0
MITSUBISHI,XPANDER,2021,MANUAL,1.5,GLS,239.0,150.0,62.76,135000000.0
MITSUBISHI,XPANDER,2021,MANUAL,1.5,GLS,239.0,150.0,62.76,145000000.0
MITSUBISHI,XPANDER,2021,MANUAL,1.5,SPORT,265.0,172.5,65.09,166000000.0
MITSUBISHI,XPANDER,2022,AUTOMATIC,0.0,EXCEED,,,,193000000.0
MITSUBISHI,XPANDER,2022,AUTOMATIC,1.5,CROSS,315.0,225.0,71.43,212000000.0
MITSUBISHI,XPANDER,2022,AUTOMATIC,1.5,CROSS,315.0,225.0,71.43,220000000.0
MITSUBISHI,XPANDER,2022,AUTOMATIC,1.5,CROSS,315.0,225.0,71.43,190000000.0
MITSUBISHI,XPANDER,2022,AUTOMATIC,1.5,CROSS,315.0,225.0,71.43,225750000.0
MITSUBISHI,XPANDER,2022,AUTOMATIC,1.5,CROSS,315.0,225.0,71.43,215500000.0
MITSUBISHI,XPANDER,2022,AUTOMATIC,1.5,CROSS PREMIUM,,,,190500000.0
MITSUBISHI,XPANDER,2022,AUTOMATIC,1.5,EXCEED,276.0,188.0,68.12,183250000.0
MITSUBISHI,XPANDER,2022,AUTOMATIC,1.5,EXCEED,276.0,188.0,68.12,190500000.0
MITSUBISHI,XPANDER,2022,AUTOMATIC,1.5,EXCEED,276.0,188.0,68.12,181500000.0
MITSUBISHI,XPANDER,2022,AUTOMATIC,1.5,EXCEED,276.0,188.0,68.12,208500000.0
MITSUBISHI,XPANDER,2022,AUTOMATIC,1.5,EXCEED,276.0,188.0,68.12,177000000.0
MITSUBISHI,XPANDER,2022,AUTOMATIC,1.5,EXCEED,276.0,188.0,68.12,181500000.0
MITSUBISHI,XPANDER,2022,AUTOMATIC,1.5,EXCEED,276.0,188.0,68.12,172000000.0
MITSUBISHI,XPANDER,2022,AUTOMATIC,1.5,EXCEED,276.0,188.0,68.12,191500000.0
MITSUBISHI,XPANDER,2022,AUTOMATIC,1.5,EXCEED,276.0,188.0,68.12,189350000.0
MITSUBISHI,XPANDER,2022,AUTOMATIC,1.5,GLS,262.0,175.0,66.79,
MITSUBISHI,XPANDER,2022,AUTOMATIC,1.5,SPORT,304.0,195.5,64.31,202000000.0
MITSUBISHI,XPANDER,2022,AUTOMATIC,1.5,SPORT,304.0,195.5,64.31,208000000.0
MITSUBISHI,XPANDER,2022,AUTOMATIC,1.5,ULTIMATE,307.0,210.0,68.4,223750000.0
MITSUBISHI,XPANDER,2022,AUTOMATIC,1.5,ULTIMATE,307.0,210.0,68.4,216850000.0
MITSUBISHI,XPANDER,2022,AUTOMATIC,1.5,ULTIMATE,307.0,210.0,68.4,210850000.0
MITSUBISHI,XPANDER,2022,AUTOMATIC,1.5,ULTIMATE,307.0,210.0,68.4,217500000.0
MITSUBISHI,XPANDER,2022,AUTOMATIC,1.5,ULTIMATE,307.0,210.0,68.4,216500000.0
MITSUBISHI,XPANDER,2022,AUTOMATIC,1.5,ULTIMATE,307.0,210.0,68.4,215500000.0
MITSUBISHI,XPANDER,2022,AUTOMATIC,1.5,ULTIMATE,307.0,210.0,68.4,213200000.0
MITSUBISHI,XPANDER,2022,AUTOMATIC,1.5,ULTIMATE,307.0,210.0,68.4,211800000.0
MITSUBISHI,XPANDER,2022,AUTOMATIC,1.5,ULTIMATE,307.0,210.0,68.4,210250000.0
MITSUBISHI,XPANDER,2022,AUTOMATIC,1.5,ULTIMATE,307.0,210.0,68.4,216500000.0
MITSUBISHI,XPANDER,2022,AUTOMATIC,1.5,ULTIMATE,307.0,210.0,68.4,203000000.0
MITSUBISHI,XPANDER,2022,MANUAL,1.5,EXCEED,266.0,184.0,69.17,168000000.0
MITSUBISHI,XPANDER,2022,MANUAL,1.5,EXCEED,266.0,184.0,69.17,175000000.0
MITSUBISHI,XPANDER,2022,MANUAL,1.5,EXCEED,266.0,184.0,69.17,187000000.0
MITSUBISHI,XPANDER,2022,MANUAL,1.5,GLS,253.0,165.0,65.22,167000000.0
MITSUBISHI,XPANDER,2022,MANUAL,1.5,SPORT,290.0,192.5,66.38,199000000.0
MITSUBISHI,XPANDER,2023,AUTOMATIC,1.5,CROSS,339.0,248.5,73.3,218000000.0
MITSUBISHI,XPANDER,2023,AUTOMATIC,1.5,CROSS,339.0,248.5,73.3,244500000.0
MITSUBISHI,XPANDER,2023,AUTOMATIC,1.5,EXCEED,280.0,193.5,69.11,195500000.0
MITSUBISHI,XPANDER,2023,AUTOMATIC,1.5,EXCEED,280.0,193.5,69.11,110500000.0
MITSUBISHI,XPANDER,2023,AUTOMATIC,1.5,EXCEED,280.0,193.5,69.11,125000000.0
MITSUBISHI,XPANDER,2023,AUTOMATIC,1.5,GLS,267.0,180.5,67.6,194500000.0
MITSUBISHI,XPANDER,2023,AUTOMATIC,1.5,GLS,267.0,180.5,67.6,179500000.0
MITSUBISHI,XPANDER,2023,AUTOMATIC,1.5,GLS,267.0,180.5,67.6,179000000.0
MITSUBISHI,XPANDER,2023,AUTOMATIC,1.5,SPORT,309.0,202.5,65.53,
MITSUBISHI,XPANDER,2023,AUTOMATIC,1.5,ULTIMATE,312.0,238.0,76.28,214000000.0
MITSUBISHI,XPANDER,2023,AUTOMATIC,1.5,ULTIMATE,312.0,238.0,76.28,215000000.0
MITSUBISHI,XPANDER,2023,AUTOMATIC,1.5,ULTIMATE,312.0,238.0,76.28,220500000.0
MITSUBISHI,XPANDER,2023,AUTOMATIC,1.5,ULTIMATE,312.0,238.0,76.28,221000000.0
MITSUBISHI,XPANDER,2023,AUTOMATIC,1.5,ULTIMATE,312.0,238.0,76.28,239500000.0
MITSUBISHI,XPANDER,2023,AUTOMATIC,1.5,ULTIMATE,312.0,238.0,76.28,135000000.0
MITSUBISHI,XPANDER,2023,AUTOMATIC,1.5,ULTIMATE,312.0,238.0,76.28,214000000.0
MITSUBISHI,XPANDER,2023,AUTOMATIC,1.5,ULTIMATE,312.0,238.0,76.28,219000000.0
MITSUBISHI,XPANDER,2023,MANUAL,1.5,CROSS,,,,204000000.0
MITSUBISHI,XPANDER,2023,MANUAL,1.5,CROSS,,,,182000000.0
MITSUBISHI,XPANDER,2023,MANUAL,1.5,CROSS,,,,241000000.0
MITSUBISHI,XPANDER,2023,MANUAL,1.5,EXCEED,271.0,186.5,68.82,180000000.0
MITSUBISHI,XPANDER,2023,MANUAL,1.5,GLS,258.0,170.0,65.89,180000000.0
MITSUBISHI,XPANDER,2023,MANUAL,1.5,GLS,258.0,170.0,65.89,169500000.0
MITSUBISHI,XPANDER,2023,MANUAL,1.5,GLS,258.0,170.0,65.89,175000000.0
MITSUBISHI,XPANDER,2023,MANUAL,1.5,SPORT,294.0,197.5,67.18,
MITSUBISHI,XPANDER,2024,AUTOMATIC,1.5,CROSS,351.0,255.0,72.65,285500000.0
MITSUBISHI,XPANDER,2024,AUTOMATIC,1.5,CROSS,351.0,255.0,72.65,270000000.0
MITSUBISHI,XPANDER,2024,AUTOMATIC,1.5,CROSS,351.0,255.0,72.65,231000000.0
MITSUBISHI,XPANDER,2024,AUTOMATIC,1.5,CROSS,351.0,255.0,72.65,230000000.0
MITSUBISHI,XPANDER,2024,AUTOMATIC,1.5,EXCEED,285.0,197.5,69.3,225000000.0
MITSUBISHI,XPANDER,2024,AUTOMATIC,1.5,EXCEED,285.0,197.5,69.3,240500000.0
MITSUBISHI,XPANDER,2024,AUTOMATIC,1.5,EXCEED,285.0,197.5,69.3,214000000.0
MITSUBISHI,XPANDER,2024,AUTOMATIC,1.5,EXCEED,285.0,197.5,69.3,208000000.0
MITSUBISHI,XPANDER,2024,AUTOMATIC,1.5,EXCEED,285.0,197.5,69.3,203500000.0
MITSUBISHI,XPANDER,2024,AUTOMATIC,1.5,GLS,272.0,185.0,68.01,
MITSUBISHI,XPANDER,2024,AUTOMATIC,1.5,SPORT,321.0,211.0,65.73,
MITSUBISHI,XPANDER,2024,AUTOMATIC,1.5,ULTIMATE,324.0,245.5,75.77,247500000.0
MITSUBISHI,XPANDER,2024,AUTOMATIC,1.5,ULTIMATE,324.0,245.5,75.77,247500000.0
MITSUBISHI,XPANDER,2024,AUTOMATIC,1.5,ULTIMATE,324.0,245.5,75.77,230500000.0
MITSUBISHI,XPANDER,2024,AUTOMATIC,1.5,ULTIMATE,324.0,245.5,75.77,262000000.0
MITSUBISHI,XPANDER,2024,AUTOMATIC,1.5,ULTIMATE,324.0,245.5,75.77,246750000.0
MITSUBISHI,XPANDER,2024,AUTOMATIC,1.5,ULTIMATE,324.0,245.5,75.77,236000000.0
MITSUBISHI,XPANDER,2024,AUTOMATIC,1.5,ULTIMATE,324.0,245.5,75.77,233650000.0
MITSUBISHI,XPANDER,2024,MANUAL,1.5,CROSS,,,,232500000.0
MITSUBISHI,XPANDER,2024,MANUAL,1.5,EXCEED,276.0,192.5,69.75,211000000.0
MITSUBISHI,XPANDER,2024,MANUAL,1.5,GLS,263.0,178.5,67.87,
MITSUBISHI,XPANDER,2024,MANUAL,1.5,SPORT,311.0,205.5,66.08,
MITSUBISHI,XPANDER,2024,MANUAL,1.5,ULTIMATE,,,,240500000.0
MITSUBISHI,XPANDER,2024,MANUAL,1.5,ULTIMATE,,,,220000000.0
MITSUBISHI,XPANDER,2025,AUTOMATIC,1.5,CROSS,,,,278500000.0
MITSUBISHI,XPANDER,2025,AUTOMATIC,1.5,CROSS,,,,283000000.0
MITSUBISHI,XPANDER,2025,AUTOMATIC,1.5,CROSS,,,,274500000.0
MITSUBISHI,XPANDER,2025,AUTOMATIC,1.5,CROSS,,,,274500000.0
MITSUBISHI,XPANDER,2025,AUTOMATIC,1.5,CROSS,,,,280500000.0
MITSUBISHI,XPANDER,2025,AUTOMATIC,1.5,CROSS,,,,271500000.0
MITSUBISHI,XPANDER,2025,AUTOMATIC,1.5,EXCEED,,,,201000000.0
MITSUBISHI,XPANDER,2025,AUTOMATIC,1.5,GLS,,,,210000000.0
MITSUBISHI,XPANDER,2025,AUTOMATIC,1.5,ULTIMATE,,,,275000000.0
MITSUBISHI,XPANDER,2025,AUTOMATIC,1.5,ULTIMATE,,,,270000000.0
MITSUBISHI,XPANDER,2025,AUTOMATIC,1.5,ULTIMATE,,,,257500000.0
MITSUBISHI,XPANDER,2025,AUTOMATIC,1.5,ULTIMATE,,,,241250000.0
NETA,,2024,AUTOMATIC,0.0,VII,,,,131000000.0
NETA,,2024,AUTOMATIC,0.0,VII,,,,125000000.0
NETA,,2024,AUTOMATIC,0.0,VII,,,,130000000.0
NISSAN,,2008,MANUAL,2.5,FRONTIER,,,,104000000.0
NISSAN,ELGRAND,2013,AUTOMATIC,2.5,,,,,104000000.0
NISSAN,EVALIA,2012,AUTOMATIC,1.5,XV,,,,57500000.0
NISSAN,EVALIA,2012,MANUAL,1.5,XV,,,,48500000.0
NISSAN,GRAND LIVINA,2008,AUTOMATIC,1.5,XV,,,,53000000.0
NISSAN,GRAND LIVINA,2008,AUTOMATIC,1.5,XV,,,,50000000.0
NISSAN,GRAND LIVINA,2008,MANUAL,1.5,XV,,,,48500000.0
NISSAN,GRAND LIVINA,2009,AUTOMATIC,1.5,XV,,,,40500000.0
NISSAN,GRAND LIVINA,2009,AUTOMATIC,1.8,XV,,,,56500000.0
NISSAN,GRAND LIVINA,2010,AUTOMATIC,1.5,XV,,,,48500000.0
NISSAN,GRAND LIVINA,2010,AUTOMATIC,1.5,XV,,,,48500000.0
NISSAN,GRAND LIVINA,2010,MANUAL,1.8,XV,,,,51500000.0
NISSAN,GRAND LIVINA,2011,AUTOMATIC,1.5,SV,,,,49500000.0
NISSAN,GRAND LIVINA,2011,AUTOMATIC,1.5,XV,,,,59500000.0
NISSAN,GRAND LIVINA,2011,AUTOMATIC,1.5,XV,,,,51000000.0
NISSAN,GRAND LIVINA,2011,MANUAL,1.5,SV,,,,40000000.0
NISSAN,GRAND LIVINA,2011,MANUAL,1.5,XV,,,,58000000.0
NISSAN,GRAND LIVINA,2012,AUTOMATIC,1.5,SV,,,,44000000.0
NISSAN,GRAND LIVINA,2012,AUTOMATIC,1.5,XV,,,,52500000.0
NISSAN,GRAND LIVINA,2012,MANUAL,1.5,SV,,,,71000000.0
NISSAN,GRAND LIVINA,2012,MANUAL,1.5,XV,,,,51000000.0
NISSAN,GRAND LIVINA,2013,AUTOMATIC,1.5,XV,,,,75250000.0
NISSAN,GRAND LIVINA,2013,MANUAL,1.5,XV,,,,51000000.0
NISSAN,GRAND LIVINA,2013,MANUAL,1.5,XV,,,,83500000.0
NISSAN,GRAND LIVINA,2013,MANUAL,1.5,XV,,,,72500000.0
NISSAN,GRAND LIVINA,2014,AUTOMATIC,1.5,SV,,,,70000000.0
NISSAN,GRAND LIVINA,2014,AUTOMATIC,1.5,SV,,,,77000000.0
NISSAN,GRAND LIVINA,2014,AUTOMATIC,1.5,XV,,,,74000000.0
NISSAN,GRAND LIVINA,2014,AUTOMATIC,1.5,XV,,,,66500000.0
NISSAN,GRAND LIVINA,2014,MANUAL,1.5,SV,,,,69000000.0
NISSAN,GRAND LIVINA,2014,MANUAL,1.5,XV,,,,61500000.0
NISSAN,GRAND LIVINA,2015,AUTOMATIC,1.5,SV,,,,71000000.0
NISSAN,GRAND LIVINA,2015,AUTOMATIC,1.5,SV,,,,79000000.0
NISSAN,GRAND LIVINA,2015,AUTOMATIC,1.5,XGEAR,,,,79500000.0
NISSAN,GRAND LIVINA,2015,AUTOMATIC,1.5,XV,,,,90000000.0
NISSAN,GRAND LIVINA,2015,AUTOMATIC,1.5,XV,,,,75000000.0
NISSAN,GRAND LIVINA,2015,AUTOMATIC,1.5,XV,,,,65000000.0
NISSAN,GRAND LIVINA,2015,MANUAL,1.5,SV,,,,75000000.0
NISSAN,GRAND LIVINA,2016,AUTOMATIC,1.5,SV,,,,85500000.0
NISSAN,GRAND LIVINA,2016,AUTOMATIC,1.5,XGEAR,,,,95500000.0
NISSAN,GRAND LIVINA,2016,AUTOMATIC,1.5,XV,,,,68000000.0
NISSAN,GRAND LIVINA,2016,MANUAL,1.5,SV,,,,82000000.0
NISSAN,GRAND LIVINA,2017,AUTOMATIC,1.5,SV,,,,77500000.0
NISSAN,GRAND LIVINA,2017,AUTOMATIC,1.5,XV,,,,80000000.0
NISSAN,GRAND LIVINA,2017,MANUAL,1.5,SV,,,,86000000.0
NISSAN,GRAND LIVINA,2017,MANUAL,1.5,XV,,,,70000000.0
NISSAN,GRAND LIVINA,2018,AUTOMATIC,1.5,SV,,,,92000000.0
NISSAN,GRAND LIVINA,2018,AUTOMATIC,1.5,XV,,,,70000000.0
NISSAN,GRAND LIVINA,2019,MANUAL,1.5,XV,,,,90000000.0
NISSAN,JUKE,2011,AUTOMATIC,1.5,,,,,76000000.0
NISSAN,JUKE,2012,AUTOMATIC,1.5,,,,,73500000.0
NISSAN,JUKE,2012,AUTOMATIC,1.5,,,,,102000000.0
NISSAN,JUKE,2012,AUTOMATIC,1.5,,,,,89000000.0
NISSAN,JUKE,2012,AUTOMATIC,1.5,,,,,60000000.0
NISSAN,JUKE,2012,AUTOMATIC,1.5,,,,,80000000.0
NISSAN,JUKE,2013,AUTOMATIC,1.5,,,,,81000000.0
NISSAN,JUKE,2013,AUTOMATIC,1.5,,,,,90500000.0
NISSAN,JUKE,2014,AUTOMATIC,1.5,,,,,102000000.0
NISSAN,JUKE,2014,AUTOMATIC,1.5,,,,,83000000.0
NISSAN,KICKS,2020,AUTOMATIC,1.2,EPOWER,,,,183000000.0
NISSAN,LIVINA,2008,AUTOMATIC,1.5,XR,,,,36000000.0
NISSAN,LIVINA,2011,MANUAL,1.5,XGEAR,,,,48500000.0
NISSAN,LIVINA,2012,AUTOMATIC,1.5,XGEAR,,,,49500000.0
NISSAN,LIVINA,2013,AUTOMATIC,1.5,XGEAR,,,,33000000.0
NISSAN,LIVINA,2013,AUTOMATIC,1.5,XGEAR,,,,64500000.0
NISSAN,LIVINA,2017,AUTOMATIC,1.5,SV,219.0,77.5,35.39,
NISSAN,LIVINA,2017,AUTOMATIC,1.5,X GEAR,252.0,86.5,34.33,
NISSAN,LIVINA,2017,AUTOMATIC,1.5,XV,236.0,82.0,34.75,
NISSAN,LIVINA,2017,MANUAL,1.5,SV,208.0,68.5,32.93,
NISSAN,LIVINA,2017,MANUAL,1.5,X GEAR,237.0,72.5,30.59,
NISSAN,LIVINA,2017,MANUAL,1.5,XV,225.0,77.5,34.44,
NISSAN,LIVINA,2018,AUTOMATIC,1.5,SV,232.0,82.5,35.56,
NISSAN,LIVINA,2018,AUTOMATIC,1.5,X GEAR,261.0,91.5,35.06,
NISSAN,LIVINA,2018,AUTOMATIC,1.5,XV,250.0,88.0,35.2,
NISSAN,LIVINA,2018,MANUAL,1.5,SV,220.0,72.5,32.95,
NISSAN,LIVINA,2018,MANUAL,1.5,X GEAR,246.0,79.0,32.11,
NISSAN,LIVINA,2018,MANUAL,1.5,XV,238.0,84.0,35.29,
NISSAN,LIVINA,2019,AUTOMATIC,1.5,ALL NEW EL,233.0,135.0,57.94,
NISSAN,LIVINA,2019,AUTOMATIC,1.5,ALL NEW VE,250.0,140.0,56.0,
NISSAN,LIVINA,2019,AUTOMATIC,1.5,ALL NEW VL,262.0,141.5,54.01,
NISSAN,LIVINA,2019,AUTOMATIC,1.5,VE,,,,137000000.0
NISSAN,LIVINA,2019,AUTOMATIC,1.5,VE,,,,149000000.0
NISSAN,LIVINA,2019,AUTOMATIC,1.5,VE,,,,150000000.0
NISSAN,LIVINA,2019,AUTOMATIC,1.5,VL,,,,143000000.0
NISSAN,LIVINA,2019,MANUAL,1.5,ALL NEW EL,223.0,131.0,58.74,
NISSAN,LIVINA,2019,MANUAL,1.5,EL,,,,126000000.0
NISSAN,LIVINA,2019,MANUAL,1.5,EL,,,,125000000.0
NISSAN,LIVINA,2020,AUTOMATIC,1.5,ALL NEW EL,241.0,140.0,58.09,
NISSAN,LIVINA,2020,AUTOMATIC,1.5,ALL NEW VE,259.0,145.0,55.98,
NISSAN,LIVINA,2020,AUTOMATIC,1.5,ALL NEW VL,272.0,150.0,55.15,
NISSAN,LIVINA,2020,AUTOMATIC,1.5,VE,,,,155000000.0
NISSAN,LIVINA,2020,AUTOMATIC,1.5,VE,,,,111500000.0
NISSAN,LIVINA,2020,AUTOMATIC,1.5,VE,,,,142000000.0
NISSAN,LIVINA,2020,AUTOMATIC,1.5,VL,,,,162500000.0
NISSAN,LIVINA,2020,MANUAL,1.5,ALL NEW EL,231.0,135.0,58.44,
NISSAN,LIVINA,2021,AUTOMATIC,1.5,ALL NEW EL,243.0,145.0,59.67,
NISSAN,LIVINA,2021,AUTOMATIC,1.5,ALL NEW VE,263.0,150.0,57.03,
NISSAN,LIVINA,2021,AUTOMATIC,1.5,ALL NEW VL,276.0,155.0,56.16,
NISSAN,LIVINA,2021,AUTOMATIC,1.5,VE,,,,152000000.0
NISSAN,LIVINA,2021,AUTOMATIC,1.5,VL,,,,151000000.0
NISSAN,LIVINA,2021,MANUAL,1.5,ALL NEW EL,233.0,139.0,59.66,
NISSAN,LIVINA,2022,AUTOMATIC,1.5,ALL NEW VE,282.0,160.0,56.74,
NISSAN,LIVINA,2022,AUTOMATIC,1.5,ALL NEW VL,295.0,168.0,56.95,
NISSAN,LIVINA,2022,AUTOMATIC,1.5,VL,,,,175500000.0
NISSAN,LIVINA,2022,MANUAL,1.5,ALL NEW EL,253.0,140.5,55.53,
NISSAN,LIVINA,2023,AUTOMATIC,1.5,ALL NEW VE,303.0,166.5,54.95,
NISSAN,LIVINA,2023,AUTOMATIC,1.5,ALL NEW VL,313.0,175.0,55.91,
NISSAN,LIVINA,2023,MANUAL,1.5,ALL NEW EL,279.0,145.0,51.97,
NISSAN,LIVINA,2024,AUTOMATIC,1.5,ALL NEW VE,309.0,170.0,55.02,
NISSAN,LIVINA,2024,AUTOMATIC,1.5,ALL NEW VL,320.0,180.0,56.25,
NISSAN,LIVINA,2024,AUTOMATIC,1.5,VL,,,,200000000.0
NISSAN,LIVINA,2024,MANUAL,1.5,ALL NEW EL,285.0,155.0,54.39,
NISSAN,MAGNITE,2022,AUTOMATIC,1.0,PREMIUM TURBO,,,,140000000.0
NISSAN,MARCH,2012,MANUAL,1.2,,,,,62000000.0
NISSAN,MARCH,2013,AUTOMATIC,1.2,,,,,60500000.0
NISSAN,MARCH,2013,AUTOMATIC,1.2,,,,,79500000.0
NISSAN,MARCH,2013,AUTOMATIC,1.2,,,,,73000000.0
NISSAN,MARCH,2013,MANUAL,1.2,,,,,56000000.0
NISSAN,MARCH,2014,AUTOMATIC,1.5,,,,,79000000.0
NISSAN,MARCH,2014,MANUAL,1.2,,,,,74500000.0
NISSAN,MARCH,2015,AUTOMATIC,1.2,,,,,78000000.0
NISSAN,MARCH,2015,AUTOMATIC,1.2,,,,,84500000.0
NISSAN,MARCH,2015,AUTOMATIC,1.2,,,,,74500000.0
NISSAN,MARCH,2015,MANUAL,1.5,,,,,62000000.0
NISSAN,MARCH,2016,AUTOMATIC,1.2,,,,,86500000.0
NISSAN,SERENA,2008,AUTOMATIC,2.0,,,,,46000000.0
NISSAN,SERENA,2010,AUTOMATIC,2.0,HIGWAY STAR,,,,54500000.0
NISSAN,SERENA,2011,AUTOMATIC,2.0,CT,,,,55000000.0
NISSAN,SERENA,2011,AUTOMATIC,2.0,HIGWAY STAR,,,,69000000.0
NISSAN,SERENA,2012,AUTOMATIC,2.0,HIGWAY STAR,,,,65000000.0
NISSAN,SERENA,2013,AUTOMATIC,2.0,,,,,92500000.0
NISSAN,SERENA,2013,AUTOMATIC,2.0,,,,,90000000.0
NISSAN,SERENA,2013,AUTOMATIC,2.0,,,,,92000000.0
NISSAN,SERENA,2013,AUTOMATIC,2.0,HIGWAY STAR,,,,100000000.0
NISSAN,SERENA,2013,AUTOMATIC,2.0,HIGWAY STAR,,,,85500000.0
NISSAN,SERENA,2013,AUTOMATIC,2.0,HIGWAY STAR,,,,80000000.0
NISSAN,SERENA,2014,AUTOMATIC,2.0,HIGWAY STAR,,,,81500000.0
NISSAN,SERENA,2014,AUTOMATIC,2.0,HIGWAY STAR,,,,88000000.0
NISSAN,SERENA,2015,AUTOMATIC,2.0,HIGWAY STAR,,,,125000000.0
NISSAN,SERENA,2015,AUTOMATIC,2.0,HIGWAY STAR,,,,99000000.0
NISSAN,SERENA,2015,AUTOMATIC,2.0,HIGWAY STAR,,,,103500000.0
NISSAN,SERENA,2016,AUTOMATIC,2.0,HIGWAY STAR,,,,118700000.0
NISSAN,SERENA,2017,AUTOMATIC,2.0,HIGWAY STAR,,,,131000000.0
NISSAN,SERENA,2017,AUTOMATIC,2.0,HIGWAY STAR,,,,113000000.0
NISSAN,SERENA,2017,AUTOMATIC,2.0,HIGWAY STAR,,,,118000000.0
NISSAN,SERENA,2017,AUTOMATIC,2.0,HIGWAY STAR,,,,116000000.0
NISSAN,SERENA,2017,AUTOMATIC,2.0,HWS,432.0,126.0,29.17,
NISSAN,SERENA,2017,AUTOMATIC,2.0,X,382.0,114.0,29.84,
NISSAN,SERENA,2018,AUTOMATIC,2.0,HWS,446.0,130.0,29.15,
NISSAN,SERENA,2018,AUTOMATIC,2.0,X,394.0,120.0,30.46,
NISSAN,SERENA,2019,AUTOMATIC,2.0,HIGWAY STAR,,,,178000000.0
NISSAN,SERENA,2019,AUTOMATIC,2.0,HIGWAY STAR,,,,204500000.0
NISSAN,SERENA,2019,AUTOMATIC,2.0,HIGWAY STAR,,,,194000000.0
NISSAN,SERENA,2019,AUTOMATIC,2.0,HWS,465.0,170.0,36.56,
NISSAN,SERENA,2019,AUTOMATIC,2.0,X,448.0,134.0,29.91,
NISSAN,SERENA,2020,AUTOMATIC,2.0,HWS,475.0,180.0,37.89,
NISSAN,SERENA,2020,AUTOMATIC,2.0,X,456.0,140.0,30.7,
NISSAN,SERENA,2021,AUTOMATIC,2.0,HWS,481.0,205.0,42.62,
NISSAN,SERENA,2021,AUTOMATIC,2.0,X,462.0,170.0,36.8,
NISSAN,SERENA,2022,AUTOMATIC,2.0,HIGWAY STAR,,,,236500000.0
NISSAN,SERENA,2022,AUTOMATIC,2.0,HIGWAY STAR,,,,205000000.0
NISSAN,SERENA,2022,AUTOMATIC,2.0,HWS,534.0,209.0,39.14,218500000.0
NISSAN,SERENA,2022,AUTOMATIC,2.0,X,465.0,175.0,37.63,
NISSAN,SERENA,2023,AUTOMATIC,2.0,HIGWAY STAR,,,,275000000.0
NISSAN,SERENA,2023,AUTOMATIC,2.0,HIGWAY STAR,,,,259000000.0
NISSAN,SERENA,2023,AUTOMATIC,2.0,HWS,545.0,220.5,40.46,
NISSAN,SERENA,2023,AUTOMATIC,2.0,X,471.0,181.5,38.54,
NISSAN,SERENA,2024,AUTOMATIC,2.0,HWS,560.0,225.0,40.18,
NISSAN,TEANA,2012,AUTOMATIC,2.5,,,,,34500000.0
NISSAN,TERRA,2018,AUTOMATIC,2.5,VL,,,,212000000.0
NISSAN,TERRA,2019,AUTOMATIC,2.5,VL,,,,232000000.0
NISSAN,TERRA,2019,AUTOMATIC,2.5,VL,,,,248250000.0
NISSAN,TERRA,2019,AUTOMATIC,2.5,VL,,,,265000000.0
NISSAN,TERRANO,2003,MANUAL,2.4,SPIRIT S1,,,,38500000.0
NISSAN,TERRANO,2006,MANUAL,2.4,SPIRIT S3,,,,55000000.0
NISSAN,X TRAIL,2006,AUTOMATIC,2.5,STT,,,,51000000.0
NISSAN,X TRAIL,2008,AUTOMATIC,2.5,ST,,,,56000000.0
NISSAN,X TRAIL,2008,AUTOMATIC,2.5,XT,,,,64000000.0
NISSAN,X TRAIL,2010,AUTOMATIC,2.5,XT,,,,44000000.0
NISSAN,X TRAIL,2011,AUTOMATIC,2.5,XT,,,,80000000.0
NISSAN,X TRAIL,2013,AUTOMATIC,2.5,,,,,99000000.0
NISSAN,X TRAIL,2013,MANUAL,2.0,,,,,81500000.0
NISSAN,X TRAIL,2014,AUTOMATIC,2.0,,,,,110000000.0
NISSAN,X TRAIL,2014,AUTOMATIC,2.5,,,,,104000000.0
NISSAN,X TRAIL,2014,AUTOMATIC,2.5,XT,,,,50000000.0
NISSAN,X TRAIL,2015,AUTOMATIC,2.0,,,,,109000000.0
NISSAN,X TRAIL,2015,AUTOMATIC,2.0,,,,,110000000.0
NISSAN,X TRAIL,2015,AUTOMATIC,2.5,,,,,127500000.0
NISSAN,X TRAIL,2015,AUTOMATIC,2.5,,,,,122500000.0
NISSAN,X TRAIL,2015,AUTOMATIC,2.5,,,,,135500000.0
NISSAN,X TRAIL,2015,AUTOMATIC,2.5,,,,,94000000.0
NISSAN,X TRAIL,2015,AUTOMATIC,2.5,,,,,126500000.0
NISSAN,X TRAIL,2015,AUTOMATIC,2.5,,,,,116500000.0
NISSAN,X TRAIL,2016,AUTOMATIC,2.5,,,,,119000000.0
NISSAN,X TRAIL,2017,AUTOMATIC,2.0,,429.0,110.0,25.64,127500000.0
NISSAN,X TRAIL,2017,AUTOMATIC,2.5,,461.0,120.0,26.03,132500000.0
NISSAN,X TRAIL,2017,AUTOMATIC,2.5,,461.0,120.0,26.03,119000000.0
NISSAN,X TRAIL,2017,AUTOMATIC,2.5,,461.0,120.0,26.03,117500000.0
NISSAN,X TRAIL,2017,MANUAL,2.0,,404.0,100.0,24.75,
NISSAN,X TRAIL,2018,AUTOMATIC,2.0,,441.0,115.0,26.08,145000000.0
NISSAN,X TRAIL,2018,AUTOMATIC,2.5,,475.0,125.0,26.32,118500000.0
NISSAN,X TRAIL,2018,MANUAL,2.0,,416.0,110.0,26.44,
NISSAN,X TRAIL,2019,AUTOMATIC,2.0,,447.0,125.0,27.96,
NISSAN,X TRAIL,2019,AUTOMATIC,2.5,,481.0,135.0,28.07,
NISSAN,X TRAIL,2019,MANUAL,2.0,,421.0,115.0,27.32,
NISSAN,X TRAIL,2020,AUTOMATIC,2.0,,459.0,130.0,28.32,
NISSAN,X TRAIL,2020,AUTOMATIC,2.5,,547.0,140.0,25.59,
NISSAN,X TRAIL,2020,MANUAL,2.0,,432.0,123.5,28.59,
NISSAN,X TRAIL,2021,AUTOMATIC,2.5,,,,,223000000.0
PEUGEOT,,2013,AUTOMATIC,1.6,RCZ,,,,225000000.0
PEUGEOT,3008,2019,AUTOMATIC,1.6,,,,,175000000.0
PORSCHE,CAYENNE,2005,AUTOMATIC,3.2,,,,,114500000.0
RENAULT,,2019,AUTOMATIC,2.5,KOLEOS,,,,126000000.0
RENAULT,,2020,AUTOMATIC,1.0,KWID CLIMBER,,,,58000000.0
RENAULT,,2020,MANUAL,1.0,TRIBER RXZ,,,,67000000.0
SUBARU,FORESTER,2012,AUTOMATIC,2.0,X,,,,70000000.0
SUBARU,FORESTER,2012,AUTOMATIC,2.0,X,,,,70500000.0
SUZUKI,,2024,,0.0,,,,,210000000.0
SUZUKI,,2024,MANUAL,1.5,0,,,,116500000.0
SUZUKI,,2025,AUTOMATIC,1.5,0,,,,238500000.0
SUZUKI,APV,2008,AUTOMATIC,1.5,GX,,,,48000000.0
SUZUKI,APV,2009,MANUAL,1.5,ARENA GX,,,,50500000.0
SUZUKI,APV,2010,MANUAL,1.5,ARENA GX,,,,65000000.0
SUZUKI,APV,2010,MANUAL,1.5,GX,,,,57000000.0
SUZUKI,APV,2010,MANUAL,1.5,SGX,,,,34500000.0
SUZUKI,APV,2011,MANUAL,1.5,ARENA GX,,,,66000000.0
SUZUKI,APV,2011,MANUAL,1.5,GL,,,,36500000.0
SUZUKI,APV,2011,MANUAL,1.5,GX,,,,69500000.0
SUZUKI,APV,2011,MANUAL,1.5,LUXURY,,,,58000000.0
SUZUKI,APV,2012,MANUAL,1.5,ARENA GL,,,,65000000.0
SUZUKI,APV,2012,MANUAL,1.5,ARENA GX,,,,65500000.0
SUZUKI,APV,2012,MANUAL,1.5,SGX,,,,87500000.0
SUZUKI,APV,2013,MANUAL,1.5,ARENA GL,,,,46500000.0
SUZUKI,APV,2013,MANUAL,1.5,GL,,,,63000000.0
SUZUKI,APV,2013,MANUAL,1.5,LUXURY,,,,70000000.0
SUZUKI,APV,2013,MANUAL,1.5,SGX,,,,63000000.0
SUZUKI,APV,2015,AUTOMATIC,1.5,GX,,,,90000000.0
SUZUKI,APV,2015,MANUAL,1.5,GX,,,,80000000.0
SUZUKI,APV,2015,MANUAL,1.5,GX,,,,57000000.0
SUZUKI,APV,2016,MANUAL,1.5,GX,,,,93000000.0
SUZUKI,APV,2017,,,BV HIGH A B,143.0,49.5,34.62,
SUZUKI,APV,2017,,,GE PS A B,174.0,46.5,26.72,
SUZUKI,APV,2017,,,GL ARENA,181.0,62.0,34.25,
SUZUKI,APV,2017,,,GX ARENA,194.0,74.0,38.14,
SUZUKI,APV,2017,,,SGX ARENA,196.0,83.5,42.6,
SUZUKI,APV,2017,MANUAL,1.5,BLIND VAN,,,,70000000.0
SUZUKI,APV,2018,,,BV HIGH A B,147.0,54.0,36.73,
SUZUKI,APV,2018,,,GE PS A B,177.0,59.0,33.33,
SUZUKI,APV,2018,,,GL ARENA,185.0,67.0,36.22,
SUZUKI,APV,2018,,,GX ARENA,197.0,78.5,39.85,
SUZUKI,APV,2018,,,SGX ARENA,200.0,86.5,43.25,
SUZUKI,APV,2019,,,BV HIGH A B,150.0,57.5,38.33,
SUZUKI,APV,2019,,,GE PS A B,180.0,63.0,35.0,
SUZUKI,APV,2019,,,GL ARENA,188.0,72.5,38.56,
SUZUKI,APV,2019,,,GX ARENA,201.0,84.5,42.04,
SUZUKI,APV,2019,,,SGX ARENA,203.0,89.5,44.09,
SUZUKI,APV,2019,MANUAL,1.5,BLIND VAN,,,,48000000.0
SUZUKI,APV,2020,,,BV HIGH A B,158.0,64.0,40.51,
SUZUKI,APV,2020,,,GE PS A B,190.0,66.5,35.0,
SUZUKI,APV,2020,,,GL ARENA,197.0,81.5,41.37,
SUZUKI,APV,2020,,,GX ARENA,210.0,89.5,42.62,
SUZUKI,APV,2020,,,SGX ARENA,213.0,92.5,43.43,
SUZUKI,APV,2021,,,BV HIGH A B,166.0,75.5,45.48,
SUZUKI,APV,2021,,,GE PS A B,198.0,74.0,37.37,
SUZUKI,APV,2021,,,GL ARENA,205.0,84.5,41.22,
SUZUKI,APV,2021,,,GX ARENA,218.0,94.5,43.35,
SUZUKI,APV,2021,,,SGX ARENA,221.0,105.5,47.74,
SUZUKI,APV,2021,MANUAL,1.5,BLIND VAN,,,,99000000.0
SUZUKI,APV,2022,,,BV HIGH A B,165.0,81.5,49.39,
SUZUKI,APV,2022,,,GE PS A B,209.0,79.5,38.04,
SUZUKI,APV,2022,,,GL ARENA,218.0,89.5,41.06,
SUZUKI,APV,2022,,,GX ARENA,232.0,98.5,42.46,
SUZUKI,APV,2022,,,SGX ARENA,235.0,109.5,46.6,
SUZUKI,APV,2022,MANUAL,1.5,ARENA GL,,,,110500000.0
SUZUKI,APV,2022,MANUAL,1.5,BLIND VAN,,,,86500000.0
SUZUKI,APV,2022,MANUAL,1.5,BLIND VAN,,,,83000000.0
SUZUKI,APV,2023,,,BV HIGH A B,172.0,89.0,51.74,
SUZUKI,APV,2023,,,GE PS A B,215.0,87.5,40.7,
SUZUKI,APV,2023,,,GL ARENA,223.0,99.5,44.62,
SUZUKI,APV,2023,,,GX ARENA,237.0,104.5,44.09,
SUZUKI,APV,2023,,,SGX ARENA,241.0,114.5,47.51,
SUZUKI,APV,2024,,,BV HIGH A B,178.0,95.0,53.37,
SUZUKI,APV,2024,,,GE PS A B,218.0,95.5,43.81,
SUZUKI,APV,2024,,,GL ARENA,226.0,103.0,45.58,
SUZUKI,APV,2024,,,GX ARENA,240.0,115.5,48.12,
SUZUKI,APV,2024,,,SGX ARENA,243.0,123.5,50.82,
SUZUKI,BALENO,2017,AUTOMATIC,1.4,,,,,136500000.0
SUZUKI,BALENO,2017,MANUAL,1.4,,,,,108000000.0
SUZUKI,BALENO,2019,AUTOMATIC,1.4,,,,,127250000.0
SUZUKI,BALENO,2019,AUTOMATIC,1.4,,,,,121500000.0
SUZUKI,BALENO,2020,AUTOMATIC,1.4,,,,,162000000.0
SUZUKI,BALENO,2021,AUTOMATIC,1.4,,,,,158500000.0
SUZUKI,BALENO,2021,AUTOMATIC,1.4,,,,,157000000.0
SUZUKI,BALENO,2022,MANUAL,1.5,,,,,163000000.0
SUZUKI,BALENO,2023,AUTOMATIC,1.5,,,,,175500000.0
SUZUKI,BALENO,2023,AUTOMATIC,1.5,,,,,177500000.0
SUZUKI,BALENO,2024,AUTOMATIC,1.5,,,,,206000000.0
SUZUKI,BALENO,2024,AUTOMATIC,1.5,,,,,204000000.0
SUZUKI,BALENO,2024,AUTOMATIC,1.5,GX,,,,202000000.0
SUZUKI,BALENO,2024,AUTOMATIC,1.5,GX,,,,199000000.0
SUZUKI,CARRY,2011,MANUAL,1.5,ST 150 PICK UP,,,,48500000.0
SUZUKI,CARRY,2014,MANUAL,1.5,FUTURA,,,,36000000.0
SUZUKI,CARRY,2014,MANUAL,1.5,ST 150 PICK UP,,,,37500000.0
SUZUKI,CARRY,2015,MANUAL,1.5,FUTURA,,,,58500000.0
SUZUKI,CARRY,2015,MANUAL,1.5,ST 150 PICK UP,,,,43500000.0
SUZUKI,CARRY,2016,MANUAL,1.5,MEGA PU,,,,59000000.0
SUZUKI,CARRY,2016,MANUAL,1.5,ST 150 PICK UP,,,,28000000.0
SUZUKI,CARRY,2017,,1.5,PU FD,120.0,48.0,40.0,
SUZUKI,CARRY,2017,,1.5,PU FD AC,129.0,57.0,44.19,
SUZUKI,CARRY,2017,,1.5,REAL VAN GX,149.0,61.5,41.28,
SUZUKI,CARRY,2017,MANUAL,1.5,FUTURA,,,,65000000.0
SUZUKI,CARRY,2017,MANUAL,1.5,ST 150 PICK UP,,,,35000000.0
SUZUKI,CARRY,2017,MANUAL,1.5,ST 150 PICK UP,,,,82000000.0
SUZUKI,CARRY,2018,,1.5,PU FD,123.0,56.5,45.93,
SUZUKI,CARRY,2018,,1.5,PU FD AC,132.0,64.0,48.48,
SUZUKI,CARRY,2018,,1.5,REAL VAN GX,152.0,68.0,44.74,
SUZUKI,CARRY,2018,MANUAL,1.5,ST 150 PICK UP,,,,48250000.0
SUZUKI,CARRY,2018,MANUAL,1.5,ST 150 PICK UP,,,,75500000.0
SUZUKI,CARRY,2019,,1.5,PU FD,136.0,66.5,48.9,
SUZUKI,CARRY,2019,,1.5,PU FD AC,145.0,73.0,50.34,
SUZUKI,CARRY,2019,,1.5,REAL VAN GX,155.0,76.5,49.35,
SUZUKI,CARRY,2019,MANUAL,1.5,MEGA BOX,,,,54000000.0
SUZUKI,CARRY,2019,MANUAL,1.5,PICK UP CX,,,,133500000.0
SUZUKI,CARRY,2019,MANUAL,1.5,PICK UP CX,,,,84000000.0
SUZUKI,CARRY,2019,MANUAL,1.5,PICK UP CX,,,,77500000.0
SUZUKI,CARRY,2020,,1.5,PU FD,145.0,74.0,51.03,
SUZUKI,CARRY,2020,,1.5,PU FD AC,154.0,79.0,51.3,
SUZUKI,CARRY,2020,,1.5,REAL VAN GX,158.0,82.0,51.9,
SUZUKI,CARRY,2020,MANUAL,1.5,CL PU BOX,,,,86250000.0
SUZUKI,CARRY,2020,MANUAL,1.5,CL PU BOX,,,,96000000.0
SUZUKI,CARRY,2020,MANUAL,1.5,PICK UP CX,,,,98000000.0
SUZUKI,CARRY,2020,MANUAL,1.5,PICK UP CX,,,,95000000.0
SUZUKI,CARRY,2020,MANUAL,1.5,PICK UP CX,,,,96500000.0
SUZUKI,CARRY,2020,MANUAL,1.5,PICK UP CX,,,,78000000.0
SUZUKI,CARRY,2020,MANUAL,1.5,PICKUP CL,,,,74500000.0
SUZUKI,CARRY,2021,,1.5,PU FD,152.0,81.0,53.29,
SUZUKI,CARRY,2021,,1.5,PU FD AC,161.0,86.0,53.42,
SUZUKI,CARRY,2021,,1.5,REAL VAN GX,158.0,89.5,56.65,
SUZUKI,CARRY,2021,MANUAL,1.5,BOX AC PS,,,,127500000.0
SUZUKI,CARRY,2021,MANUAL,1.5,CL PU BOX,,,,73000000.0
SUZUKI,CARRY,2021,MANUAL,1.5,CX PU BOX,,,,114000000.0
SUZUKI,CARRY,2021,MANUAL,1.5,PICK UP CX,,,,100000000.0
SUZUKI,CARRY,2021,MANUAL,1.5,PICK UP CX,,,,49500000.0
SUZUKI,CARRY,2021,MANUAL,1.5,PICK UP CX,,,,116000000.0
SUZUKI,CARRY,2021,MANUAL,1.5,PICK UP CX,,,,89500000.0
SUZUKI,CARRY,2021,MANUAL,1.5,PICKUP CL,,,,86500000.0
SUZUKI,CARRY,2021,MANUAL,1.5,PICKUP CL,,,,75000000.0
SUZUKI,CARRY,2021,MANUAL,1.5,PICKUP CL,,,,85000000.0
SUZUKI,CARRY,2021,MANUAL,1.5,PICKUP CL,,,,69000000.0
SUZUKI,CARRY,2021,MANUAL,1.5,PICKUP CL,,,,91500000.0
SUZUKI,CARRY,2021,MANUAL,1.5,PICKUP CL,,,,84000000.0
SUZUKI,CARRY,2021,MANUAL,1.5,PICKUP CL,,,,84500000.0
SUZUKI,CARRY,2021,MANUAL,1.5,PICKUP CL,,,,55000000.0
SUZUKI,CARRY,2021,MANUAL,1.5,PICKUP CL,,,,97166666.6666667
SUZUKI,CARRY,2021,MANUAL,1.5,PICKUP CL,,,,97500000.0
SUZUKI,CARRY,2021,MANUAL,1.5,PICKUP CL,,,,84000000.0
SUZUKI,CARRY,2022,,1.5,PU FD,161.0,90.5,56.21,
SUZUKI,CARRY,2022,,1.5,PU FD AC,170.0,96.5,56.76,
SUZUKI,CARRY,2022,MANUAL,1.5,BV AC PS,,,,75000000.0
SUZUKI,CARRY,2022,MANUAL,1.5,PICK UP CX,,,,121000000.0
SUZUKI,CARRY,2022,MANUAL,1.5,PICK UP CX,,,,108000000.0
SUZUKI,CARRY,2022,MANUAL,1.5,PICK UP CX,,,,97500000.0
SUZUKI,CARRY,2022,MANUAL,1.5,PICK UP CX,,,,60500000.0
SUZUKI,CARRY,2022,MANUAL,1.5,PICK UP CX,,,,97000000.0
SUZUKI,CARRY,2022,MANUAL,1.5,PICK UP CX,,,,90000000.0
SUZUKI,CARRY,2022,MANUAL,1.5,PICKUP CL,,,,94500000.0
SUZUKI,CARRY,2022,MANUAL,1.5,PICKUP CL,,,,99500000.0
SUZUKI,CARRY,2022,MANUAL,1.5,PICKUP CL,,,,87000000.0
SUZUKI,CARRY,2022,MANUAL,1.5,PICKUP CL,,,,95000000.0
SUZUKI,CARRY,2022,MANUAL,1.5,PICKUP CL,,,,95000000.0
SUZUKI,CARRY,2022,MANUAL,1.5,PICKUP CL,,,,96500000.0
SUZUKI,CARRY,2022,MANUAL,1.5,PICKUP CL,,,,43000000.0
SUZUKI,CARRY,2022,MANUAL,1.5,PICKUP CL,,,,94000000.0
SUZUKI,CARRY,2023,,1.5,PU FD,165.0,95.5,57.88,
SUZUKI,CARRY,2023,,1.5,PU FD AC,174.0,111.5,64.08,
SUZUKI,CARRY,2023,MANUAL,1.5,CX PU BOX,,,,123000000.0
SUZUKI,CARRY,2023,MANUAL,1.5,CX PU WIDE DECK,,,,119500000.0
SUZUKI,CARRY,2023,MANUAL,1.5,PICK UP CX,,,,115500000.0
SUZUKI,CARRY,2023,MANUAL,1.5,PICK UP CX,,,,110500000.0
SUZUKI,CARRY,2023,MANUAL,1.5,PICK UP CX,,,,109000000.0
SUZUKI,CARRY,2023,MANUAL,1.5,PICK UP CX,,,,122000000.0
SUZUKI,CARRY,2023,MANUAL,1.5,PICK UP CX,,,,110000000.0
SUZUKI,CARRY,2023,MANUAL,1.5,PICK UP CX,,,,120000000.0
SUZUKI,CARRY,2023,MANUAL,1.5,PICK UP CX,,,,95500000.0
SUZUKI,CARRY,2023,MANUAL,1.5,PICKUP CL,,,,92500000.0
SUZUKI,CARRY,2023,MANUAL,1.5,PICKUP CL,,,,95000000.0
SUZUKI,CARRY,2023,MANUAL,1.5,PICKUP CL,,,,70500000.0
SUZUKI,CARRY,2023,MANUAL,1.5,PICKUP CL,,,,79000000.0
SUZUKI,CARRY,2023,MANUAL,1.5,PICKUP CL,,,,102000000.0
SUZUKI,CARRY,2024,,1.5,PU FD,169.0,105.0,62.13,
SUZUKI,CARRY,2024,,1.5,PU FD AC,178.0,122.5,68.82,
SUZUKI,CARRY,2024,MANUAL,0.0,PICK UP CX,,,,70000000.0
SUZUKI,CARRY,2024,MANUAL,1.4,PICKUP CL,,,,106000000.0
SUZUKI,CARRY,2024,MANUAL,1.5,PICK UP CX,,,,134000000.0
SUZUKI,CARRY,2024,MANUAL,1.5,PICK UP CX,,,,117000000.0
SUZUKI,CARRY,2024,MANUAL,1.5,PICK UP CX,,,,116500000.0
SUZUKI,CARRY,2024,MANUAL,1.5,PICK UP CX,,,,109000000.0
SUZUKI,CARRY,2024,MANUAL,1.5,PICK UP CX,,,,121500000.0
SUZUKI,CARRY,2024,MANUAL,1.5,PICK UP CX,,,,118500000.0
SUZUKI,CARRY,2024,MANUAL,1.5,PICK UP CX,,,,101200000.0
SUZUKI,CARRY,2024,MANUAL,1.5,PICK UP CX,,,,114500000.0
SUZUKI,CARRY,2024,MANUAL,1.5,PICK UP CX,,,,121500000.0
SUZUKI,CARRY,2024,MANUAL,1.5,PICKUP CL,,,,108000000.0
SUZUKI,CARRY,2024,MANUAL,1.5,PICKUP CL,,,,110500000.0
SUZUKI,CARRY,2024,MANUAL,1.5,PICKUP CL,,,,105000000.0
SUZUKI,CARRY,2024,MANUAL,1.5,PICKUP CL,,,,95000000.0
SUZUKI,CARRY,2024,MANUAL,1.5,PICKUP CL,,,,108500000.0
SUZUKI,CARRY,2024,MANUAL,1.5,PICKUP CL,,,,95500000.0
SUZUKI,CARRY,2024,MANUAL,1.5,PICKUP CL,,,,79000000.0
SUZUKI,CARRY,2024,MANUAL,1.5,PICKUP CL,,,,98000000.0
SUZUKI,CARRY,2024,MANUAL,1.5,PU FD,,,,67500000.0
SUZUKI,CARRY,2024,MANUAL,1.5,PU FLAT DECK STANDAR,,,,69500000.0
SUZUKI,CARRY,2024,MANUAL,1.5,PU WD,,,,104000000.0
SUZUKI,CARRY,2025,MANUAL,0.1,PICK UP CX,,,,122000000.0
SUZUKI,CARRY,2025,MANUAL,1.5,PICK UP CX,,,,125000000.0
SUZUKI,CARRY,2025,MANUAL,1.5,PICK UP CX,,,,126000000.0
SUZUKI,CARRY,2025,MANUAL,1.5,PICK UP CX,,,,133000000.0
SUZUKI,CARRY,2025,MANUAL,1.5,PICK UP CX,,,,133500000.0
SUZUKI,CARRY,2025,MANUAL,1.5,PICK UP CX,,,,101250000.0
SUZUKI,CARRY,2025,MANUAL,1.5,PICK UP CX,,,,120000000.0
SUZUKI,CARRY,2025,MANUAL,1.5,PICK UP CX,,,,120500000.0
SUZUKI,CARRY,2025,MANUAL,1.5,PICK UP CX,,,,126000000.0
SUZUKI,CARRY,2025,MANUAL,1.5,PICKUP CL,,,,118500000.0
SUZUKI,CARRY,2025,MANUAL,1.5,PICKUP CL,,,,111000000.0
SUZUKI,CARRY,2025,MANUAL,1.5,PICKUP CL,,,,121500000.0
SUZUKI,CARRY,2025,MANUAL,1.5,PICKUP CL,,,,105500000.0
SUZUKI,CARRY,2025,MANUAL,1.5,PICKUP CL,,,,111500000.0
SUZUKI,CARRY,2025,MANUAL,1.5,PICKUP CL,,,,99750000.0
SUZUKI,CARRY,2025,MANUAL,1.5,PICKUP CL,,,,114833333.333333
SUZUKI,CARRY,2025,MANUAL,1.5,PICKUP CL,,,,117500000.0
SUZUKI,CARRY,2025,MANUAL,1.5,PU FD,,,,127500000.0
SUZUKI,CARRY,2026,MANUAL,1.5,PICK UP CX,,,,143000000.0
SUZUKI,ERTIGA,2012,MANUAL,1.4,GL,,,,90000000.0
SUZUKI,ERTIGA,2012,MANUAL,1.4,GX,,,,85000000.0
SUZUKI,ERTIGA,2012,MANUAL,1.4,GX,,,,79500000.0
SUZUKI,ERTIGA,2012,MANUAL,1.4,GX,,,,62000000.0
SUZUKI,ERTIGA,2012,MANUAL,1.4,GX,,,,84000000.0
SUZUKI,ERTIGA,2013,AUTOMATIC,1.4,GL,,,,89000000.0
SUZUKI,ERTIGA,2013,AUTOMATIC,1.4,GX,,,,104000000.0
SUZUKI,ERTIGA,2013,MANUAL,1.4,GX,,,,88000000.0
SUZUKI,ERTIGA,2013,MANUAL,1.4,GX,,,,45000000.0
SUZUKI,ERTIGA,2013,MANUAL,1.4,GX,,,,99500000.0
SUZUKI,ERTIGA,2013,MANUAL,1.4,GX,,,,95000000.0
SUZUKI,ERTIGA,2014,AUTOMATIC,1.4,GX,,,,98500000.0
SUZUKI,ERTIGA,2014,MANUAL,1.4,GL,,,,66500000.0
SUZUKI,ERTIGA,2014,MANUAL,1.4,GL,,,,83000000.0
SUZUKI,ERTIGA,2015,AUTOMATIC,1.4,GL,,,,100000000.0
SUZUKI,ERTIGA,2015,AUTOMATIC,1.4,GL,,,,85000000.0
SUZUKI,ERTIGA,2015,AUTOMATIC,1.4,GL,,,,105500000.0
SUZUKI,ERTIGA,2015,AUTOMATIC,1.4,GX,,,,101500000.0
SUZUKI,ERTIGA,2015,AUTOMATIC,1.4,GX,,,,87000000.0
SUZUKI,ERTIGA,2016,AUTOMATIC,1.4,DREZA,,,,124000000.0
SUZUKI,ERTIGA,2016,AUTOMATIC,1.4,GL,,,,127000000.0
SUZUKI,ERTIGA,2016,AUTOMATIC,1.4,GX,,,,102500000.0
SUZUKI,ERTIGA,2016,MANUAL,1.4,GL,,,,105000000.0
SUZUKI,ERTIGA,2016,MANUAL,1.4,GL,,,,101500000.0
SUZUKI,ERTIGA,2016,MANUAL,1.4,GL,,,,87000000.0
SUZUKI,ERTIGA,2017,AUTOMATIC,1.4,GL,,,,105500000.0
SUZUKI,ERTIGA,2017,AUTOMATIC,1.4,GL,,,,113000000.0
SUZUKI,ERTIGA,2017,AUTOMATIC,1.4,GX,,,,118000000.0
SUZUKI,ERTIGA,2017,AUTOMATIC,1.4,GX,,,,84000000.0
SUZUKI,ERTIGA,2017,AUTOMATIC,1.5,GL,215.0,88.0,40.93,
SUZUKI,ERTIGA,2017,AUTOMATIC,1.5,GX,226.0,111.5,49.34,
SUZUKI,ERTIGA,2017,MANUAL,1.2,,,,,116000000.0
SUZUKI,ERTIGA,2017,MANUAL,1.4,DREZA,,,,109000000.0
SUZUKI,ERTIGA,2017,MANUAL,1.4,GA,,,,85500000.0
SUZUKI,ERTIGA,2017,MANUAL,1.4,GL,,,,80500000.0
SUZUKI,ERTIGA,2017,MANUAL,1.4,GL,,,,99850000.0
SUZUKI,ERTIGA,2017,MANUAL,1.4,GL,,,,111500000.0
SUZUKI,ERTIGA,2017,MANUAL,1.4,GX,,,,103000000.0
SUZUKI,ERTIGA,2017,MANUAL,1.4,GX,,,,124500000.0
SUZUKI,ERTIGA,2017,MANUAL,1.4,GX,,,,109000000.0
SUZUKI,ERTIGA,2017,MANUAL,1.5,GL,202.0,92.5,45.79,
SUZUKI,ERTIGA,2017,MANUAL,1.5,GX,214.0,111.0,51.87,
SUZUKI,ERTIGA,2018,AUTOMATIC,1.4,GL,,,,80000000.0
SUZUKI,ERTIGA,2018,AUTOMATIC,1.5,GL,219.0,108.5,49.54,127000000.0
SUZUKI,ERTIGA,2018,AUTOMATIC,1.5,GX,231.0,126.5,54.76,
SUZUKI,ERTIGA,2018,MANUAL,1.4,GA,,,,88000000.0
SUZUKI,ERTIGA,2018,MANUAL,1.4,GA,,,,103000000.0
SUZUKI,ERTIGA,2018,MANUAL,1.4,GX,,,,113500000.0
SUZUKI,ERTIGA,2018,MANUAL,1.5,GL,206.0,102.0,49.51,
SUZUKI,ERTIGA,2018,MANUAL,1.5,GX,218.0,125.0,57.34,144500000.0
SUZUKI,ERTIGA,2018,MANUAL,1.5,GX,218.0,125.0,57.34,127000000.0
SUZUKI,ERTIGA,2018,MANUAL,1.5,GX,218.0,125.0,57.34,128000000.0
SUZUKI,ERTIGA,2019,AUTOMATIC,1.5,GL,231.0,135.0,58.44,130000000.0
SUZUKI,ERTIGA,2019,AUTOMATIC,1.5,GL,231.0,135.0,58.44,130000000.0
SUZUKI,ERTIGA,2019,AUTOMATIC,1.5,GX,245.0,139.0,56.73,
SUZUKI,ERTIGA,2019,AUTOMATIC,1.5,SPORT,,,,162000000.0
SUZUKI,ERTIGA,2019,MANUAL,1.5,GA,,,,125500000.0
SUZUKI,ERTIGA,2019,MANUAL,1.5,GL,220.0,118.0,53.64,130000000.0
SUZUKI,ERTIGA,2019,MANUAL,1.5,GX,234.0,133.5,57.05,127500000.0
SUZUKI,ERTIGA,2019,MANUAL,1.5,SPORT,,,,137000000.0
SUZUKI,ERTIGA,2020,AUTOMATIC,1.5,GL,235.0,139.0,59.15,144000000.0
SUZUKI,ERTIGA,2020,AUTOMATIC,1.5,GX,249.0,143.5,57.63,146500000.0
SUZUKI,ERTIGA,2020,AUTOMATIC,1.5,SPORT,,,,155000000.0
SUZUKI,ERTIGA,2020,MANUAL,1.5,GL,224.0,123.5,55.13,125000000.0
SUZUKI,ERTIGA,2020,MANUAL,1.5,GX,238.0,139.5,58.61,157500000.0
SUZUKI,ERTIGA,2020,MANUAL,1.5,GX,238.0,139.5,58.61,155000000.0
SUZUKI,ERTIGA,2020,MANUAL,1.5,SPORT,,,,121500000.0
SUZUKI,ERTIGA,2021,AUTOMATIC,1.5,GL,243.0,141.0,58.02,158000000.0
SUZUKI,ERTIGA,2021,AUTOMATIC,1.5,GL,243.0,141.0,58.02,145000000.0
SUZUKI,ERTIGA,2021,AUTOMATIC,1.5,GX,257.0,149.0,57.98,
SUZUKI,ERTIGA,2021,MANUAL,1.5,GL,232.0,129.0,55.6,136000000.0
SUZUKI,ERTIGA,2021,MANUAL,1.5,GX,246.0,146.5,59.55,148000000.0
SUZUKI,ERTIGA,2021,MANUAL,1.5,GX,246.0,146.5,59.55,146500000.0
SUZUKI,ERTIGA,2022,AUTOMATIC,1.5,GL,259.0,149.0,57.53,174500000.0
SUZUKI,ERTIGA,2022,AUTOMATIC,1.5,GL,259.0,149.0,57.53,144000000.0
SUZUKI,ERTIGA,2022,AUTOMATIC,1.5,GX,281.0,159.0,56.58,165500000.0
SUZUKI,ERTIGA,2022,AUTOMATIC,1.5,GX,281.0,159.0,56.58,171750000.0
SUZUKI,ERTIGA,2022,AUTOMATIC,1.5,GX,281.0,159.0,56.58,170500000.0
SUZUKI,ERTIGA,2022,AUTOMATIC,1.5,GX,281.0,159.0,56.58,156750000.0
SUZUKI,ERTIGA,2022,AUTOMATIC,1.5,GX,281.0,159.0,56.58,163500000.0
SUZUKI,ERTIGA,2022,AUTOMATIC,1.5,GX,281.0,159.0,56.58,184500000.0
SUZUKI,ERTIGA,2022,AUTOMATIC,1.5,SPORT,,,,189000000.0
SUZUKI,ERTIGA,2022,AUTOMATIC,1.5,SPORT,,,,151000000.0
SUZUKI,ERTIGA,2022,MANUAL,1.5,GL,248.0,137.5,55.44,143500000.0
SUZUKI,ERTIGA,2022,MANUAL,1.5,GL,248.0,137.5,55.44,143500000.0
SUZUKI,ERTIGA,2022,MANUAL,1.5,GL,248.0,137.5,55.44,131000000.0
SUZUKI,ERTIGA,2022,MANUAL,1.5,GL,248.0,137.5,55.44,140000000.0
SUZUKI,ERTIGA,2022,MANUAL,1.5,GX,270.0,153.0,56.67,
SUZUKI,ERTIGA,2022,MANUAL,1.5,SPORT,,,,165000000.0
SUZUKI,ERTIGA,2023,AUTOMATIC,1.5,GL,262.0,159.0,60.69,175000000.0
SUZUKI,ERTIGA,2023,AUTOMATIC,1.5,GL,262.0,159.0,60.69,155750000.0
SUZUKI,ERTIGA,2023,AUTOMATIC,1.5,GL,262.0,159.0,60.69,159000000.0
SUZUKI,ERTIGA,2023,AUTOMATIC,1.5,GL,262.0,159.0,60.69,170000000.0
SUZUKI,ERTIGA,2023,AUTOMATIC,1.5,GL,262.0,159.0,60.69,152000000.0
SUZUKI,ERTIGA,2023,AUTOMATIC,1.5,GX,284.0,166.5,58.63,156000000.0
SUZUKI,ERTIGA,2023,AUTOMATIC,1.5,GX,284.0,166.5,58.63,175750000.0
SUZUKI,ERTIGA,2023,AUTOMATIC,1.5,GX,284.0,166.5,58.63,180500000.0
SUZUKI,ERTIGA,2023,MANUAL,1.5,GL,251.0,152.5,60.76,131500000.0
SUZUKI,ERTIGA,2023,MANUAL,1.5,GL,251.0,152.5,60.76,161000000.0
SUZUKI,ERTIGA,2023,MANUAL,1.5,GL,251.0,152.5,60.76,157000000.0
SUZUKI,ERTIGA,2023,MANUAL,1.5,GL,251.0,152.5,60.76,148500000.0
SUZUKI,ERTIGA,2023,MANUAL,1.5,GX,273.0,157.5,57.69,144500000.0
SUZUKI,ERTIGA,2023,MANUAL,1.5,GX,273.0,157.5,57.69,160000000.0
SUZUKI,ERTIGA,2023,MANUAL,1.5,GX,273.0,157.5,57.69,138000000.0
SUZUKI,ERTIGA,2024,AUTOMATIC,1.5,GL,270.0,170.0,62.96,158500000.0
SUZUKI,ERTIGA,2024,AUTOMATIC,1.5,GL,270.0,170.0,62.96,171000000.0
SUZUKI,ERTIGA,2024,AUTOMATIC,1.5,GX,298.0,175.5,58.89,192500000.0
SUZUKI,ERTIGA,2024,AUTOMATIC,1.5,GX,298.0,175.5,58.89,216500000.0
SUZUKI,ERTIGA,2024,AUTOMATIC,1.5,GX,298.0,175.5,58.89,206000000.0
SUZUKI,ERTIGA,2024,MANUAL,1.5,GL,255.0,157.0,61.57,185500000.0
SUZUKI,ERTIGA,2024,MANUAL,1.5,GL,255.0,157.0,61.57,155000000.0
SUZUKI,ERTIGA,2024,MANUAL,1.5,GL,255.0,157.0,61.57,151000000.0
SUZUKI,ERTIGA,2024,MANUAL,1.5,GL,255.0,157.0,61.57,161500000.0
SUZUKI,ERTIGA,2024,MANUAL,1.5,GX,289.0,164.5,56.92,181000000.0
SUZUKI,ERTIGA,2024,MANUAL,1.5,GX,289.0,164.5,56.92,196500000.0
SUZUKI,ERTIGA,2024,MANUAL,1.5,GX,289.0,164.5,56.92,175000000.0
SUZUKI,ERTIGA,2024,MANUAL,1.5,GX,289.0,164.5,56.92,185000000.0
SUZUKI,ERTIGA,2024,MANUAL,1.5,SPORT,,,,180000000.0
SUZUKI,ERTIGA,2025,AUTOMATIC,1.5,GX,,,,217500000.0
SUZUKI,ERTIGA,2025,MANUAL,1.5,GA,,,,158500000.0
SUZUKI,ERTIGA,2025,MANUAL,1.5,GL,,,,173500000.0
SUZUKI,ERTIGA,2025,MANUAL,1.5,GL,,,,171000000.0
SUZUKI,FRONX,2025,AUTOMATIC,1.5,GX,,,,246500000.0
SUZUKI,FRONX,2025,AUTOMATIC,1.5,SGX,,,,263500000.0
SUZUKI,FRONX,2025,AUTOMATIC,1.5,SGX,,,,265500000.0
SUZUKI,FRONX,2025,AUTOMATIC,1.5,SGX,,,,282000000.0
SUZUKI,FUTURA,2015,MANUAL,1.5,ST 150 PU,,,,67000000.0
SUZUKI,FUTURA,2017,MANUAL,1.5,ST 150 PU,,,,75500000.0
SUZUKI,GRAND VITARA,2006,MANUAL,2.0,JX,,,,48000000.0
SUZUKI,GRAND VITARA,2008,AUTOMATIC,2.0,JLX,,,,33000000.0
SUZUKI,GRAND VITARA,2011,AUTOMATIC,2.4,,,,,58000000.0
SUZUKI,GRAND VITARA,2014,AUTOMATIC,2.4,,,,,34500000.0
SUZUKI,GRAND VITARA,2023,AUTOMATIC,1.5,GX,,,,247000000.0
SUZUKI,GRAND VITARA,2023,AUTOMATIC,1.5,GX,,,,242000000.0
SUZUKI,GRAND VITARA,2024,AUTOMATIC,1.5,GX,,,,270000000.0
SUZUKI,GRAND VITARA,2024,AUTOMATIC,1.5,GX,,,,275000000.0
SUZUKI,GRAND VITARA,2024,AUTOMATIC,1.5,GX,,,,264000000.0
SUZUKI,GRAND VITARA,2024,AUTOMATIC,1.5,GX,,,,266500000.0
SUZUKI,GRAND VITARA,2024,AUTOMATIC,1.5,GX,,,,252000000.0
SUZUKI,GRAND VITARA,2024,AUTOMATIC,1.5,GX,,,,250000000.0
SUZUKI,IGNIS,2017,AUTOMATIC,1.2,GL,149.0,95.5,64.09,
SUZUKI,IGNIS,2017,AUTOMATIC,1.2,GX,169.0,100.5,59.47,106500000.0
SUZUKI,IGNIS,2017,AUTOMATIC,1.2,GX,169.0,100.5,59.47,87500000.0
SUZUKI,IGNIS,2017,AUTOMATIC,1.2,GX,169.0,100.5,59.47,92000000.0
SUZUKI,IGNIS,2017,AUTOMATIC,1.2,GX,169.0,100.5,59.47,92500000.0
SUZUKI,IGNIS,2017,MANUAL,1.2,GL,139.0,90.5,65.11,86000000.0
SUZUKI,IGNIS,2017,MANUAL,1.2,GL,139.0,90.5,65.11,62500000.0
SUZUKI,IGNIS,2017,MANUAL,1.2,GL,139.0,90.5,65.11,73000000.0
SUZUKI,IGNIS,2017,MANUAL,1.2,GL,139.0,90.5,65.11,75000000.0
SUZUKI,IGNIS,2017,MANUAL,1.2,GX,159.0,96.5,60.69,
SUZUKI,IGNIS,2018,AUTOMATIC,1.2,GL,154.0,98.5,63.96,
SUZUKI,IGNIS,2018,AUTOMATIC,1.2,GX,175.0,106.0,60.57,107000000.0
SUZUKI,IGNIS,2018,AUTOMATIC,1.2,GX,175.0,106.0,60.57,97500000.0
SUZUKI,IGNIS,2018,AUTOMATIC,1.2,GX,175.0,106.0,60.57,100000000.0
SUZUKI,IGNIS,2018,AUTOMATIC,1.2,GX,175.0,106.0,60.57,91500000.0
SUZUKI,IGNIS,2018,MANUAL,1.2,GL,144.0,96.0,66.67,73000000.0
SUZUKI,IGNIS,2018,MANUAL,1.2,GL,144.0,96.0,66.67,75500000.0
SUZUKI,IGNIS,2018,MANUAL,1.2,GX,165.0,101.0,61.21,81500000.0
SUZUKI,IGNIS,2019,AUTOMATIC,1.2,GL,167.0,102.0,61.08,104500000.0
SUZUKI,IGNIS,2019,AUTOMATIC,1.2,GX,186.0,110.5,59.41,92000000.0
SUZUKI,IGNIS,2019,MANUAL,1.2,GL,157.0,99.5,63.38,
SUZUKI,IGNIS,2019,MANUAL,1.2,GX,176.0,105.5,59.94,
SUZUKI,IGNIS,2020,AUTOMATIC,1.2,GL,181.0,107.0,59.12,117000000.0
SUZUKI,IGNIS,2020,AUTOMATIC,1.2,GX,200.0,115.5,57.75,
SUZUKI,IGNIS,2020,MANUAL,1.2,GL,171.0,103.5,60.53,
SUZUKI,IGNIS,2020,MANUAL,1.2,GX,190.0,110.5,58.16,
SUZUKI,IGNIS,2021,AUTOMATIC,1.2,GL,185.0,112.5,60.81,
SUZUKI,IGNIS,2021,AUTOMATIC,1.2,GX,205.0,119.5,58.29,
SUZUKI,IGNIS,2021,MANUAL,1.2,GL,175.0,107.5,61.43,87000000.0
SUZUKI,IGNIS,2021,MANUAL,1.2,GX,195.0,114.5,58.72,
SUZUKI,IGNIS,2022,AUTOMATIC,1.2,GX,217.0,124.5,57.37,138000000.0
SUZUKI,IGNIS,2022,MANUAL,1.2,GX,207.0,118.5,57.25,
SUZUKI,IGNIS,2023,AUTOMATIC,1.2,GX,222.0,129.5,58.33,113000000.0
SUZUKI,IGNIS,2023,MANUAL,1.2,GX,212.0,122.5,57.78,
SUZUKI,IGNIS,2024,AUTOMATIC,1.2,GX,227.0,133.0,58.59,
SUZUKI,IGNIS,2024,MANUAL,1.2,GX,217.0,126.5,58.29,
SUZUKI,JIMNY,2022,AUTOMATIC,1.5,3DOOR,,,,320000000.0
SUZUKI,KARIMUN,2010,MANUAL,1.0,ESTILO,,,,36500000.0
SUZUKI,KARIMUN,2012,MANUAL,1.0,ESTILO,,,,56000000.0
SUZUKI,KARIMUN,2013,MANUAL,1.0,WAGON R GL,,,,59500000.0
SUZUKI,KARIMUN,2014,MANUAL,1.0,GX,,,,47500000.0
SUZUKI,KARIMUN,2014,MANUAL,1.0,WAGON R GL,,,,56500000.0
SUZUKI,KARIMUN,2015,AUTOMATIC,1.0,WAGON R GS,,,,55000000.0
SUZUKI,KARIMUN,2015,MANUAL,1.0,WAGON R GS,,,,71500000.0
SUZUKI,KARIMUN,2015,MANUAL,1.0,WAGON R GS,,,,67000000.0
SUZUKI,KARIMUN,2016,AUTOMATIC,1.0,WAGON R GS,,,,79000000.0
SUZUKI,KARIMUN,2016,AUTOMATIC,1.0,WAGON R GS,,,,83000000.0
SUZUKI,KARIMUN,2016,MANUAL,1.0,WAGON R GL,,,,48500000.0
SUZUKI,KARIMUN,2017,AUTOMATIC,1.0,WAGON R GL,128.0,60.5,47.27,
SUZUKI,KARIMUN,2017,AUTOMATIC,1.0,WAGON R GS,137.0,72.0,52.55,
SUZUKI,KARIMUN,2017,MANUAL,1.0,WAGON R GL,119.0,57.0,47.9,60000000.0
SUZUKI,KARIMUN,2017,MANUAL,1.0,WAGON R GS,127.0,68.0,53.54,78500000.0
SUZUKI,KARIMUN,2017,MANUAL,1.0,WAGON R GS,127.0,68.0,53.54,68000000.0
SUZUKI,KARIMUN,2018,AUTOMATIC,1.0,WAGON R GL,130.0,66.0,50.77,
SUZUKI,KARIMUN,2018,AUTOMATIC,1.0,WAGON R GS,138.0,77.5,56.16,
SUZUKI,KARIMUN,2018,MANUAL,1.0,WAGON R GL,121.0,60.5,50.0,68000000.0
SUZUKI,KARIMUN,2018,MANUAL,1.0,WAGON R GL,121.0,60.5,50.0,45000000.0
SUZUKI,KARIMUN,2018,MANUAL,1.0,WAGON R GS,129.0,72.5,56.2,72000000.0
SUZUKI,KARIMUN,2019,AUTOMATIC,1.0,WAGON BLIND VAN,,,,60000000.0
SUZUKI,KARIMUN,2019,AUTOMATIC,1.0,WAGON BLIND VAN,,,,51250000.0
SUZUKI,KARIMUN,2019,AUTOMATIC,1.0,WAGON BLIND VAN,,,,59500000.0
SUZUKI,KARIMUN,2019,AUTOMATIC,1.0,WAGON R GL,138.0,71.5,51.81,
SUZUKI,KARIMUN,2019,AUTOMATIC,1.0,WAGON R GS,146.0,83.0,56.85,
SUZUKI,KARIMUN,2019,MANUAL,1.0,WAGON R GL,129.0,67.0,51.94,79500000.0
SUZUKI,KARIMUN,2019,MANUAL,1.0,WAGON R GS,137.0,78.5,57.3,
SUZUKI,KARIMUN,2020,AUTOMATIC,1.0,WAGON BLIND VAN,,,,50000000.0
SUZUKI,KARIMUN,2020,AUTOMATIC,1.0,WAGON BLIND VAN,,,,59500000.0
SUZUKI,KARIMUN,2020,AUTOMATIC,1.0,WAGON R GL,141.0,75.5,53.55,
SUZUKI,KARIMUN,2020,AUTOMATIC,1.0,WAGON R GS,149.0,87.0,58.39,
SUZUKI,KARIMUN,2020,MANUAL,1.0,WAGON R GL,132.0,71.0,53.79,65000000.0
SUZUKI,KARIMUN,2020,MANUAL,1.0,WAGON R GS,140.0,82.5,58.93,
SUZUKI,KARIMUN,2021,AUTOMATIC,1.0,WAGON BLIND VAN,,,,58500000.0
SUZUKI,KARIMUN,2021,AUTOMATIC,1.0,WAGON BLIND VAN,,,,59500000.0
SUZUKI,KARIMUN,2021,AUTOMATIC,1.0,WAGON R GL,144.0,80.5,55.9,
SUZUKI,KARIMUN,2021,AUTOMATIC,1.0,WAGON R GS,152.0,92.0,60.53,93000000.0
SUZUKI,KARIMUN,2021,MANUAL,1.0,WAGON R GL,135.0,76.0,56.3,
SUZUKI,KARIMUN,2021,MANUAL,1.0,WAGON R GS,144.0,87.0,60.42,
SUZUKI,S PRESSO,2022,AUTOMATIC,1.0,,,,,106500000.0
SUZUKI,S PRESSO,2022,AUTOMATIC,1.0,,,,,106500000.0
SUZUKI,S PRESSO,2022,MANUAL,1.0,,,,,101000000.0
SUZUKI,S PRESSO,2022,MANUAL,1.0,,,,,92000000.0
SUZUKI,S PRESSO,2023,AUTOMATIC,1.0,,,,,112000000.0
SUZUKI,S PRESSO,2023,AUTOMATIC,1.0,,,,,109000000.0
SUZUKI,S PRESSO,2023,AUTOMATIC,1.0,,,,,106500000.0
SUZUKI,S PRESSO,2023,AUTOMATIC,1.0,,,,,101000000.0
SUZUKI,S PRESSO,2023,MANUAL,1.0,,,,,85000000.0
SUZUKI,S PRESSO,2024,AUTOMATIC,1.0,,,,,120000000.0
SUZUKI,S PRESSO,2024,AUTOMATIC,1.0,,,,,120500000.0
SUZUKI,S PRESSO,2024,MANUAL,1.0,,,,,101500000.0
SUZUKI,S PRESSO,2024,MANUAL,1.0,,,,,104000000.0
SUZUKI,S PRESSO,2024,MANUAL,1.0,,,,,98000000.0
SUZUKI,S PRESSO,2025,MANUAL,1.0,,,,,126500000.0
SUZUKI,SPLASH,2011,MANUAL,1.2,GL,,,,59000000.0
SUZUKI,SPLASH,2013,MANUAL,1.2,,,,,58000000.0
SUZUKI,SPLASH,2014,AUTOMATIC,1.2,,,,,61000000.0
SUZUKI,SPLASH,2015,AUTOMATIC,1.2,,,,,85000000.0
SUZUKI,SWIFT,2007,AUTOMATIC,1.5,GX,,,,44000000.0
SUZUKI,SWIFT,2013,AUTOMATIC,1.4,GX,,,,102000000.0
SUZUKI,SWIFT,2013,MANUAL,1.4,GX,,,,88500000.0
SUZUKI,SX 4,2010,MANUAL,1.5,XOVER,,,,59000000.0
SUZUKI,SX 4,2012,MANUAL,1.5,XOVER,,,,59000000.0
SUZUKI,SX 4,2013,AUTOMATIC,1.5,XOVER,,,,81500000.0
SUZUKI,SX 4,2018,AUTOMATIC,1.5,SCROSS,,,,120000000.0
SUZUKI,SX 4,2018,AUTOMATIC,1.5,SCROSS,,,,116500000.0
SUZUKI,XL 7,2020,AUTOMATIC,1.5,ALPHA,269.0,165.0,61.34,183000000.0
SUZUKI,XL 7,2020,AUTOMATIC,1.5,BETA,259.0,154.0,59.46,163500000.0
SUZUKI,XL 7,2020,AUTOMATIC,1.5,ZETA,242.0,154.5,63.84,
SUZUKI,XL 7,2020,MANUAL,1.5,ALPHA,258.0,159.0,61.63,
SUZUKI,XL 7,2020,MANUAL,1.5,BETA,248.0,143.5,57.86,
SUZUKI,XL 7,2020,MANUAL,1.5,ZETA,232.0,131.5,56.68,
SUZUKI,XL 7,2021,AUTOMATIC,1.5,ALPHA,277.0,177.5,64.08,
SUZUKI,XL 7,2021,AUTOMATIC,1.5,BETA,267.0,164.5,61.61,178500000.0
SUZUKI,XL 7,2021,AUTOMATIC,1.5,BETA,267.0,164.5,61.61,167000000.0
SUZUKI,XL 7,2021,AUTOMATIC,1.5,BETA,267.0,164.5,61.61,193000000.0
SUZUKI,XL 7,2021,AUTOMATIC,1.5,BETA,267.0,164.5,61.61,162000000.0
SUZUKI,XL 7,2021,AUTOMATIC,1.5,BETA,267.0,164.5,61.61,142500000.0
SUZUKI,XL 7,2021,AUTOMATIC,1.5,ZETA,250.0,157.5,63.0,
SUZUKI,XL 7,2021,MANUAL,1.5,ALPHA,266.0,164.0,61.65,147500000.0
SUZUKI,XL 7,2021,MANUAL,1.5,BETA,256.0,151.0,58.98,158000000.0
SUZUKI,XL 7,2021,MANUAL,1.5,ZETA,240.0,149.0,62.08,
SUZUKI,XL 7,2022,AUTOMATIC,1.5,ALPHA,290.0,187.5,64.66,90000000.0
SUZUKI,XL 7,2022,AUTOMATIC,1.5,BETA,280.0,183.5,65.54,174500000.0
SUZUKI,XL 7,2022,AUTOMATIC,1.5,BETA,280.0,183.5,65.54,157500000.0
SUZUKI,XL 7,2022,AUTOMATIC,1.5,ZETA,262.0,176.0,67.18,
SUZUKI,XL 7,2022,MANUAL,1.5,ALPHA,279.0,182.5,65.41,
SUZUKI,XL 7,2022,MANUAL,1.5,BETA,269.0,171.5,63.75,170000000.0
SUZUKI,XL 7,2022,MANUAL,1.5,BETA,269.0,171.5,63.75,153000000.0
SUZUKI,XL 7,2022,MANUAL,1.5,ZETA,251.0,167.5,66.73,
SUZUKI,XL 7,2023,AUTOMATIC,1.5,ALPHA,292.0,199.5,68.32,
SUZUKI,XL 7,2023,AUTOMATIC,1.5,BETA,283.0,191.0,67.49,171500000.0
SUZUKI,XL 7,2023,AUTOMATIC,1.5,BETA,283.0,191.0,67.49,171500000.0
SUZUKI,XL 7,2023,AUTOMATIC,1.5,ZETA,267.0,184.5,69.1,184500000.0
SUZUKI,XL 7,2023,AUTOMATIC,1.5,ZETA,267.0,184.5,69.1,122000000.0
SUZUKI,XL 7,2023,MANUAL,1.5,ALPHA,281.0,191.5,68.15,184500000.0
SUZUKI,XL 7,2023,MANUAL,1.5,BETA,271.0,185.0,68.27,159500000.0
SUZUKI,XL 7,2023,MANUAL,1.5,ZETA,256.0,178.5,69.73,160000000.0
SUZUKI,XL 7,2024,AUTOMATIC,1.5,ALPHA,305.0,215.5,70.66,226000000.0
SUZUKI,XL 7,2024,AUTOMATIC,1.5,ALPHA,305.0,215.5,70.66,224500000.0
SUZUKI,XL 7,2024,AUTOMATIC,1.5,ALPHA,305.0,215.5,70.66,227000000.0
SUZUKI,XL 7,2024,AUTOMATIC,1.5,BETA,295.0,205.5,69.66,180000000.0
SUZUKI,XL 7,2024,AUTOMATIC,1.5,BETA,295.0,205.5,69.66,198000000.0
SUZUKI,XL 7,2024,AUTOMATIC,1.5,BETA,295.0,205.5,69.66,185000000.0
SUZUKI,XL 7,2024,AUTOMATIC,1.5,ZETA,267.0,191.5,71.72,194000000.0
SUZUKI,XL 7,2024,AUTOMATIC,1.5,ZETA,267.0,191.5,71.72,172500000.0
SUZUKI,XL 7,2024,AUTOMATIC,1.5,ZETA,267.0,191.5,71.72,197500000.0
SUZUKI,XL 7,2024,AUTOMATIC,1.5,ZETA,267.0,191.5,71.72,170000000.0
SUZUKI,XL 7,2024,AUTOMATIC,1.5,ZETA,267.0,191.5,71.72,183000000.0
SUZUKI,XL 7,2024,MANUAL,1.5,ALPHA,294.0,195.5,66.5,191500000.0
SUZUKI,XL 7,2024,MANUAL,1.5,BETA,284.0,190.5,67.08,187500000.0
SUZUKI,XL 7,2024,MANUAL,1.5,BETA,284.0,190.5,67.08,188500000.0
SUZUKI,XL 7,2024,MANUAL,1.5,BETA,284.0,190.5,67.08,202000000.0
SUZUKI,XL 7,2024,MANUAL,1.5,ZETA,256.0,190.0,74.22,170000000.0
SUZUKI,XL 7,2024,MANUAL,1.5,ZETA,256.0,190.0,74.22,180000000.0
SUZUKI,XL 7,2024,MANUAL,1.5,ZETA,256.0,190.0,74.22,161000000.0
SUZUKI,XL 7,2024,MANUAL,1.5,ZETA,256.0,190.0,74.22,182000000.0
SUZUKI,XL 7,2024,MANUAL,1.5,ZETA,256.0,190.0,74.22,117000000.0
SUZUKI,XL 7,2024,MANUAL,1.5,ZETA,256.0,190.0,74.22,169000000.0
SUZUKI,XL 7,2024,MANUAL,1.5,ZETA,256.0,190.0,74.22,140000000.0
SUZUKI,XL 7,2024,MANUAL,1.5,ZETA,256.0,190.0,74.22,170000000.0
SUZUKI,XL 7,2024,MANUAL,1.5,ZETA,256.0,190.0,74.22,184500000.0
SUZUKI,XL 7,2025,AUTOMATIC,1.5,ALPHA,,,,237000000.0
SUZUKI,XL 7,2025,AUTOMATIC,1.5,ALPHA,,,,239500000.0
SUZUKI,XL 7,2025,AUTOMATIC,1.5,BETA,,,,232000000.0
SUZUKI,XL 7,2025,AUTOMATIC,1.5,ZETA,,,,205500000.0
SUZUKI,XL 7,2025,AUTOMATIC,1.5,ZETA,,,,205000000.0
SUZUKI,XL 7,2025,AUTOMATIC,1.5,ZETA,,,,192500000.0
SUZUKI,XL 7,2025,MANUAL,1.5,ALPHA,,,,220500000.0
SUZUKI,XL 7,2025,MANUAL,1.5,ZETA,,,,214000000.0
SUZUKI,XL 7,2025,MANUAL,1.5,ZETA,,,,175000000.0
SUZUKI,XL 7,2025,MANUAL,1.5,ZETA,,,,173000000.0
SUZUKI,XL 7,2025,MANUAL,1.5,ZETA,,,,186000000.0
TESLA,,2021,AUTOMATIC,0.0,MODEL 3 STANDARD RANGE,,,,390000000.0
TOYOTA,,2004,AUTOMATIC,2.0,NOAH,,,,46000000.0
TOYOTA,,2011,MANUAL,2.5,0,,,,126000000.0
TOYOTA,,2012,MANUAL,2.5,0,,,,117000000.0
TOYOTA,,2017,AUTOMATIC,2.5,0,,,,374500000.0
TOYOTA,,2019,MANUAL,1.3,TRANSMOVER,,,,116000000.0
TOYOTA,,2019,MANUAL,1.3,TRANSMOVER,,,,72000000.0
TOYOTA,,2020,MANUAL,1.3,TRANSMOVER,,,,112400000.0
TOYOTA,,2020,MANUAL,1.3,TRANSMOVER,,,,111000000.0
TOYOTA,,2020,MANUAL,1.3,TRANSMOVER,,,,113000000.0
TOYOTA,,2020,MANUAL,1.3,TRANSMOVER,,,,96250000.0
TOYOTA,,2020,MANUAL,1.3,TRANSMOVER,,,,107500000.0
TOYOTA,,2020,MANUAL,1.3,TRANSMOVER,,,,109500000.0
TOYOTA,,2020,MANUAL,1.3,TRANSMOVER,,,,113800000.0
TOYOTA,,2020,MANUAL,1.3,TRANSMOVER,,,,109500000.0
TOYOTA,,2020,MANUAL,1.3,TRANSMOVER,,,,110000000.0
TOYOTA,,2020,MANUAL,1.3,TRANSMOVER,,,,115500000.0
TOYOTA,,2022,MANUAL,1.3,TRANSMOVER,,,,110000000.0
TOYOTA,,2022,MANUAL,1.3,TRANSMOVER,,,,110000000.0
TOYOTA,,2022,MANUAL,1.3,TRANSMOVER,,,,110000000.0
TOYOTA,,2023,,0.0,,,,,304500000.0
TOYOTA,AGYA,2013,AUTOMATIC,1.0,G,,,,60000000.0
TOYOTA,AGYA,2013,AUTOMATIC,1.0,G,,,,62500000.0
TOYOTA,AGYA,2013,MANUAL,1.0,G,,,,72500000.0
TOYOTA,AGYA,2014,AUTOMATIC,1.0,G,,,,62000000.0
TOYOTA,AGYA,2014,AUTOMATIC,1.0,G,,,,64000000.0
TOYOTA,AGYA,2014,AUTOMATIC,1.0,G,,,,74500000.0
TOYOTA,AGYA,2014,AUTOMATIC,1.0,G,,,,56500000.0
TOYOTA,AGYA,2014,AUTOMATIC,1.0,G,,,,82500000.0
TOYOTA,AGYA,2014,MANUAL,1.0,G,,,,75000000.0
TOYOTA,AGYA,2014,MANUAL,1.0,G,,,,73500000.0
TOYOTA,AGYA,2014,MANUAL,1.0,G,,,,60000000.0
TOYOTA,AGYA,2014,MANUAL,1.0,G,,,,50000000.0
TOYOTA,AGYA,2014,MANUAL,1.0,G,,,,61000000.0
TOYOTA,AGYA,2014,MANUAL,1.0,G,,,,64500000.0
TOYOTA,AGYA,2014,MANUAL,1.0,TRD S,,,,69000000.0
TOYOTA,AGYA,2015,AUTOMATIC,1.0,E,,,,59000000.0
TOYOTA,AGYA,2015,AUTOMATIC,1.0,G,,,,75500000.0
TOYOTA,AGYA,2015,AUTOMATIC,1.0,G,,,,79000000.0
TOYOTA,AGYA,2015,AUTOMATIC,1.0,G,,,,72000000.0
TOYOTA,AGYA,2015,AUTOMATIC,1.0,G,,,,70000000.0
TOYOTA,AGYA,2015,AUTOMATIC,1.0,G,,,,84000000.0
TOYOTA,AGYA,2015,AUTOMATIC,1.0,G,,,,76500000.0
TOYOTA,AGYA,2015,AUTOMATIC,1.0,TRD S,,,,79500000.0
TOYOTA,AGYA,2015,AUTOMATIC,1.0,TRD S,,,,73500000.0
TOYOTA,AGYA,2015,AUTOMATIC,1.0,TRD S,,,,76000000.0
TOYOTA,AGYA,2015,MANUAL,1.0,E,,,,57500000.0
TOYOTA,AGYA,2015,MANUAL,1.0,G,,,,62000000.0
TOYOTA,AGYA,2015,MANUAL,1.0,G,,,,65500000.0
TOYOTA,AGYA,2015,MANUAL,1.0,G,,,,71000000.0
TOYOTA,AGYA,2015,MANUAL,1.0,G,,,,67000000.0
TOYOTA,AGYA,2015,MANUAL,1.0,G,,,,67750000.0
TOYOTA,AGYA,2015,MANUAL,1.0,G,,,,75000000.0
TOYOTA,AGYA,2015,MANUAL,1.0,TRD S,,,,63500000.0
TOYOTA,AGYA,2016,AUTOMATIC,1.0,G,,,,70000000.0
TOYOTA,AGYA,2016,AUTOMATIC,1.0,G,,,,76000000.0
TOYOTA,AGYA,2016,AUTOMATIC,1.0,G,,,,90000000.0
TOYOTA,AGYA,2016,AUTOMATIC,1.0,G,,,,74750000.0
TOYOTA,AGYA,2016,AUTOMATIC,1.0,G,,,,71000000.0
TOYOTA,AGYA,2016,AUTOMATIC,1.0,TRD S,,,,77000000.0
TOYOTA,AGYA,2016,MANUAL,1.0,G,,,,81500000.0
TOYOTA,AGYA,2016,MANUAL,1.0,G,,,,80000000.0
TOYOTA,AGYA,2016,MANUAL,1.0,G,,,,71000000.0
TOYOTA,AGYA,2016,MANUAL,1.0,G,,,,61000000.0
TOYOTA,AGYA,2016,MANUAL,1.0,G,,,,70000000.0
TOYOTA,AGYA,2016,MANUAL,1.0,G,,,,64700000.0
TOYOTA,AGYA,2016,MANUAL,1.0,TRD S,,,,72000000.0
TOYOTA,AGYA,2016,MANUAL,1.0,TRD S,,,,73000000.0
TOYOTA,AGYA,2017,AUTOMATIC,1.0,G,140.0,85.5,61.07,79500000.0
TOYOTA,AGYA,2017,AUTOMATIC,1.0,G,140.0,85.5,61.07,89000000.0
TOYOTA,AGYA,2017,AUTOMATIC,1.2,G,148.0,87.0,58.78,82500000.0
TOYOTA,AGYA,2017,MANUAL,1.0,G,132.0,82.5,62.5,75000000.0
TOYOTA,AGYA,2017,MANUAL,1.2,G,135.0,92.5,68.52,98000000.0
TOYOTA,AGYA,2017,MANUAL,1.2,G,135.0,92.5,68.52,90750000.0
TOYOTA,AGYA,2017,MANUAL,1.2,G,135.0,92.5,68.52,84000000.0
TOYOTA,AGYA,2017,MANUAL,1.2,G,135.0,92.5,68.52,85000000.0
TOYOTA,AGYA,2017,MANUAL,1.2,G,135.0,92.5,68.52,89000000.0
TOYOTA,AGYA,2017,MANUAL,1.2,G,135.0,92.5,68.52,90000000.0
TOYOTA,AGYA,2017,MANUAL,1.2,TRD S,,,,88500000.0
TOYOTA,AGYA,2017,MANUAL,1.2,TRD S,,,,80000000.0
TOYOTA,AGYA,2018,AUTOMATIC,1.0,G,144.0,89.0,61.81,
TOYOTA,AGYA,2018,AUTOMATIC,1.2,G,151.0,91.0,60.26,92500000.0
TOYOTA,AGYA,2018,AUTOMATIC,1.2,G,151.0,91.0,60.26,84000000.0
TOYOTA,AGYA,2018,AUTOMATIC,1.2,G,151.0,91.0,60.26,88500000.0
TOYOTA,AGYA,2018,AUTOMATIC,1.2,TRD S,,,,107000000.0
TOYOTA,AGYA,2018,MANUAL,1.0,G,135.0,86.0,63.7,
TOYOTA,AGYA,2018,MANUAL,1.2,G,138.0,94.5,68.48,101000000.0
TOYOTA,AGYA,2018,MANUAL,1.2,G,138.0,94.5,68.48,97500000.0
TOYOTA,AGYA,2018,MANUAL,1.2,G,138.0,94.5,68.48,84000000.0
TOYOTA,AGYA,2018,MANUAL,1.2,G,138.0,94.5,68.48,84000000.0
TOYOTA,AGYA,2018,MANUAL,1.2,G,138.0,94.5,68.48,90500000.0
TOYOTA,AGYA,2018,MANUAL,1.2,G,138.0,94.5,68.48,95500000.0
TOYOTA,AGYA,2019,AUTOMATIC,1.2,G,155.0,96.0,61.94,100500000.0
TOYOTA,AGYA,2019,AUTOMATIC,1.2,G,155.0,96.0,61.94,97200000.0
TOYOTA,AGYA,2019,AUTOMATIC,1.2,G,155.0,96.0,61.94,89500000.0
TOYOTA,AGYA,2019,AUTOMATIC,1.2,G,155.0,96.0,61.94,97500000.0
TOYOTA,AGYA,2019,AUTOMATIC,1.2,G,155.0,96.0,61.94,106000000.0
TOYOTA,AGYA,2019,AUTOMATIC,1.2,TRD S,,,,93500000.0
TOYOTA,AGYA,2019,MANUAL,1.0,G,138.0,88.5,64.13,
TOYOTA,AGYA,2019,MANUAL,1.2,G,141.0,97.0,68.79,84000000.0
TOYOTA,AGYA,2019,MANUAL,1.2,G,141.0,97.0,68.79,96000000.0
TOYOTA,AGYA,2019,MANUAL,1.2,G,141.0,97.0,68.79,88750000.0
TOYOTA,AGYA,2019,MANUAL,1.2,G,141.0,97.0,68.79,99000000.0
TOYOTA,AGYA,2020,AUTOMATIC,1.2,G,159.0,104.5,65.72,103500000.0
TOYOTA,AGYA,2020,MANUAL,1.0,G,143.0,92.5,64.69,
TOYOTA,AGYA,2020,MANUAL,1.2,G,146.0,101.5,69.52,118500000.0
TOYOTA,AGYA,2020,MANUAL,1.2,G,146.0,101.5,69.52,97000000.0
TOYOTA,AGYA,2020,MANUAL,1.2,G,146.0,101.5,69.52,90500000.0
TOYOTA,AGYA,2021,AUTOMATIC,1.2,G,163.0,108.0,66.26,128000000.0
TOYOTA,AGYA,2021,AUTOMATIC,1.2,G,163.0,108.0,66.26,109250000.0
TOYOTA,AGYA,2021,AUTOMATIC,1.2,G,163.0,108.0,66.26,107000000.0
TOYOTA,AGYA,2021,AUTOMATIC,1.2,G,163.0,108.0,66.26,99000000.0
TOYOTA,AGYA,2021,AUTOMATIC,1.2,G,163.0,108.0,66.26,113500000.0
TOYOTA,AGYA,2021,AUTOMATIC,1.2,G,163.0,108.0,66.26,113250000.0
TOYOTA,AGYA,2021,AUTOMATIC,1.2,GR SPORT,,,,101000000.0
TOYOTA,AGYA,2021,AUTOMATIC,1.2,TRD S,,,,107000000.0
TOYOTA,AGYA,2021,AUTOMATIC,1.2,TRD S,,,,113500000.0
TOYOTA,AGYA,2021,AUTOMATIC,1.2,TRD S,,,,114500000.0
TOYOTA,AGYA,2021,MANUAL,1.0,G,145.0,95.5,65.86,
TOYOTA,AGYA,2021,MANUAL,1.2,G,149.0,107.5,72.15,103000000.0
TOYOTA,AGYA,2021,MANUAL,1.2,G,149.0,107.5,72.15,114500000.0
TOYOTA,AGYA,2021,MANUAL,1.2,G,149.0,107.5,72.15,117000000.0
TOYOTA,AGYA,2022,AUTOMATIC,1.2,G,172.0,115.5,67.15,126000000.0
TOYOTA,AGYA,2022,AUTOMATIC,1.2,G,172.0,115.5,67.15,103000000.0
TOYOTA,AGYA,2022,AUTOMATIC,1.2,G,172.0,115.5,67.15,110000000.0
TOYOTA,AGYA,2022,AUTOMATIC,1.2,GR,,,,118000000.0
TOYOTA,AGYA,2022,AUTOMATIC,1.2,GR SPORT,,,,106000000.0
TOYOTA,AGYA,2022,MANUAL,1.2,G,158.0,113.0,71.52,125500000.0
TOYOTA,AGYA,2022,MANUAL,1.2,G,158.0,113.0,71.52,108500000.0
TOYOTA,AGYA,2022,MANUAL,1.2,G,158.0,113.0,71.52,103500000.0
TOYOTA,AGYA,2022,MANUAL,1.2,GR SPORT,,,,113500000.0
TOYOTA,AGYA,2022,MANUAL,1.2,GR SPORT,,,,116000000.0
TOYOTA,AGYA,2023,AUTOMATIC,1.2,G,191.0,122.5,64.14,135500000.0
TOYOTA,AGYA,2023,AUTOMATIC,1.2,G,191.0,122.5,64.14,128500000.0
TOYOTA,AGYA,2023,AUTOMATIC,1.2,G,191.0,122.5,64.14,135750000.0
TOYOTA,AGYA,2023,AUTOMATIC,1.2,G,191.0,122.5,64.14,133500000.0
TOYOTA,AGYA,2023,AUTOMATIC,1.2,G,191.0,122.5,64.14,136500000.0
TOYOTA,AGYA,2023,AUTOMATIC,1.2,G,191.0,122.5,64.14,135500000.0
TOYOTA,AGYA,2023,AUTOMATIC,1.2,G,191.0,122.5,64.14,131500000.0
TOYOTA,AGYA,2023,AUTOMATIC,1.2,G,191.0,122.5,64.14,139500000.0
TOYOTA,AGYA,2023,AUTOMATIC,1.2,GR,,,,142000000.0
TOYOTA,AGYA,2023,AUTOMATIC,1.2,GR,,,,116500000.0
TOYOTA,AGYA,2023,AUTOMATIC,1.2,GR SPORT,,,,157000000.0
TOYOTA,AGYA,2023,MANUAL,1.2,G,175.0,116.0,66.29,116000000.0
TOYOTA,AGYA,2023,MANUAL,1.2,G,175.0,116.0,66.29,119500000.0
TOYOTA,AGYA,2023,MANUAL,1.2,G,175.0,116.0,66.29,113000000.0
TOYOTA,AGYA,2023,MANUAL,1.2,G,175.0,116.0,66.29,131000000.0
TOYOTA,AGYA,2023,MANUAL,1.2,G,175.0,116.0,66.29,120000000.0
TOYOTA,AGYA,2024,AUTOMATIC,1.2,G,194.0,131.5,67.78,130500000.0
TOYOTA,AGYA,2024,AUTOMATIC,1.2,G,194.0,131.5,67.78,138000000.0
TOYOTA,AGYA,2024,AUTOMATIC,1.2,G,194.0,131.5,67.78,151500000.0
TOYOTA,AGYA,2024,AUTOMATIC,1.2,G,194.0,131.5,67.78,113000000.0
TOYOTA,AGYA,2024,AUTOMATIC,1.2,G,194.0,131.5,67.78,138000000.0
TOYOTA,AGYA,2024,AUTOMATIC,1.2,G,194.0,131.5,67.78,143000000.0
TOYOTA,AGYA,2024,AUTOMATIC,1.2,G,194.0,131.5,67.78,134333333.333333
TOYOTA,AGYA,2024,AUTOMATIC,1.2,G,194.0,131.5,67.78,121500000.0
TOYOTA,AGYA,2024,MANUAL,1.2,G,178.0,121.0,67.98,121000000.0
TOYOTA,AGYA,2024,MANUAL,1.2,G,178.0,121.0,67.98,131000000.0
TOYOTA,AGYA,2024,MANUAL,1.2,G,178.0,121.0,67.98,122500000.0
TOYOTA,AGYA,2024,MANUAL,1.2,G,178.0,121.0,67.98,111000000.0
TOYOTA,AGYA,2024,MANUAL,1.2,G,178.0,121.0,67.98,130500000.0
TOYOTA,AGYA,2024,MANUAL,1.2,G,178.0,121.0,67.98,117500000.0
TOYOTA,AGYA,2025,AUTOMATIC,1.2,G,,,,141000000.0
TOYOTA,AGYA,2025,AUTOMATIC,1.2,G,,,,145000000.0
TOYOTA,AGYA,2025,AUTOMATIC,1.2,G,,,,145000000.0
TOYOTA,AGYA,2025,AUTOMATIC,1.2,G,,,,144000000.0
TOYOTA,AGYA,2025,MANUAL,1.2,G,,,,130500000.0
TOYOTA,AGYA,2025,MANUAL,1.2,G,,,,143000000.0
TOYOTA,AGYA,2025,MANUAL,1.2,G,,,,128000000.0
TOYOTA,AGYA,2025,MANUAL,1.2,G,,,,133000000.0
TOYOTA,AGYA,2025,MANUAL,1.2,G,,,,136250000.0
TOYOTA,AGYA,2026,AUTOMATIC,1.2,G,,,,145500000.0
TOYOTA,ALPHARD,2006,AUTOMATIC,2.4,,,,,74500000.0
TOYOTA,ALPHARD,2008,AUTOMATIC,2.4,,,,,86000000.0
TOYOTA,ALPHARD,2010,AUTOMATIC,2.4,G,,,,121500000.0
TOYOTA,ALPHARD,2011,AUTOMATIC,2.4,,,,,140000000.0
TOYOTA,ALPHARD,2012,AUTOMATIC,2.4,G,,,,185000000.0
TOYOTA,ALPHARD,2012,AUTOMATIC,2.4,G,,,,144000000.0
TOYOTA,ALPHARD,2012,AUTOMATIC,2.4,G,,,,157000000.0
TOYOTA,ALPHARD,2012,AUTOMATIC,2.4,S,,,,131000000.0
TOYOTA,ALPHARD,2013,AUTOMATIC,2.4,G,,,,160000000.0
TOYOTA,ALPHARD,2013,AUTOMATIC,2.4,X,,,,128000000.0
TOYOTA,ALPHARD,2014,AUTOMATIC,2.4,X,,,,123000000.0
TOYOTA,ALPHARD,2014,AUTOMATIC,2.4,X,,,,135000000.0
TOYOTA,ALPHARD,2015,AUTOMATIC,2.5,G,,,,420000000.0
TOYOTA,ALPHARD,2015,AUTOMATIC,2.5,SC,,,,358500000.0
TOYOTA,ALPHARD,2016,AUTOMATIC,2.5,G,,,,350000000.0
TOYOTA,ALPHARD,2017,AUTOMATIC,2.5,G,1010.0,394.0,39.01,
TOYOTA,ALPHARD,2017,AUTOMATIC,2.5,X,865.0,307.0,35.49,250000000.0
TOYOTA,ALPHARD,2017,AUTOMATIC,2.5,X,865.0,307.0,35.49,250000000.0
TOYOTA,ALPHARD,2018,AUTOMATIC,2.5,G,1054.0,444.5,42.17,465750000.0
TOYOTA,ALPHARD,2018,AUTOMATIC,2.5,G,1054.0,444.5,42.17,468000000.0
TOYOTA,ALPHARD,2018,AUTOMATIC,2.5,G,1054.0,444.5,42.17,395000000.0
TOYOTA,ALPHARD,2018,AUTOMATIC,2.5,G,1054.0,444.5,42.17,440000000.0
TOYOTA,ALPHARD,2018,AUTOMATIC,2.5,G,1054.0,444.5,42.17,440500000.0
TOYOTA,ALPHARD,2018,AUTOMATIC,2.5,X,904.0,330.0,36.5,
TOYOTA,ALPHARD,2018,AUTOMATIC,3.5,Q,,,,491500000.0
TOYOTA,ALPHARD,2019,AUTOMATIC,2.5,G,1116.0,486.0,43.55,509750000.0
TOYOTA,ALPHARD,2019,AUTOMATIC,2.5,G,1116.0,486.0,43.55,546500000.0
TOYOTA,ALPHARD,2019,AUTOMATIC,2.5,G,1116.0,486.0,43.55,488500000.0
TOYOTA,ALPHARD,2019,AUTOMATIC,2.5,G,1116.0,486.0,43.55,449500000.0
TOYOTA,ALPHARD,2019,AUTOMATIC,2.5,G,1116.0,486.0,43.55,455000000.0
TOYOTA,ALPHARD,2019,AUTOMATIC,2.5,X,960.0,375.0,39.06,
TOYOTA,ALPHARD,2019,AUTOMATIC,3.5,Q,,,,499500000.0
TOYOTA,ALPHARD,2020,AUTOMATIC,2.5,G,1152.0,553.5,48.05,550500000.0
TOYOTA,ALPHARD,2020,AUTOMATIC,2.5,G,1152.0,553.5,48.05,531000000.0
TOYOTA,ALPHARD,2020,AUTOMATIC,2.5,G,1152.0,553.5,48.05,557500000.0
TOYOTA,ALPHARD,2020,AUTOMATIC,2.5,G,1152.0,553.5,48.05,490000000.0
TOYOTA,ALPHARD,2020,AUTOMATIC,2.5,G,1152.0,553.5,48.05,531000000.0
TOYOTA,ALPHARD,2020,AUTOMATIC,2.5,G,1152.0,553.5,48.05,522750000.0
TOYOTA,ALPHARD,2020,AUTOMATIC,2.5,X,1025.0,385.0,37.56,
TOYOTA,ALPHARD,2020,AUTOMATIC,3.5,Q,,,,586000000.0
TOYOTA,ALPHARD,2021,AUTOMATIC,2.5,G,1215.0,569.0,46.83,587000000.0
TOYOTA,ALPHARD,2021,AUTOMATIC,2.5,G,1215.0,569.0,46.83,580500000.0
TOYOTA,ALPHARD,2021,AUTOMATIC,2.5,G,1215.0,569.0,46.83,600000000.0
TOYOTA,ALPHARD,2021,AUTOMATIC,2.5,G,1215.0,569.0,46.83,535500000.0
TOYOTA,ALPHARD,2021,AUTOMATIC,2.5,G,1215.0,569.0,46.83,602000000.0
TOYOTA,ALPHARD,2021,AUTOMATIC,2.5,X,1064.0,455.0,42.76,
TOYOTA,ALPHARD,2022,AUTOMATIC,2.5,G,1328.0,596.5,44.92,685000000.0
TOYOTA,ALPHARD,2022,AUTOMATIC,2.5,G,1328.0,596.5,44.92,615500000.0
TOYOTA,ALPHARD,2022,AUTOMATIC,2.5,G,1328.0,596.5,44.92,665500000.0
TOYOTA,ALPHARD,2022,AUTOMATIC,2.5,G,1328.0,596.5,44.92,649000000.0
TOYOTA,ALPHARD,2022,AUTOMATIC,2.5,G,1328.0,596.5,44.92,662500000.0
TOYOTA,ALPHARD,2022,AUTOMATIC,2.5,X,1150.0,492.5,42.83,
TOYOTA,ALPHARD,2023,AUTOMATIC,2.5,G,1385.0,627.5,45.31,737000000.0
TOYOTA,ALPHARD,2023,AUTOMATIC,2.5,G,1385.0,627.5,45.31,607000000.0
TOYOTA,ALPHARD,2023,AUTOMATIC,2.5,X,1220.0,515.0,42.21,
TOYOTA,ALPHARD,2024,AUTOMATIC,2.5,G,1595.0,855.0,53.61,999000000.0
TOYOTA,ALPHARD,2024,AUTOMATIC,2.5,X,1356.0,352.5,26.0,
TOYOTA,AVANZA,2008,MANUAL,1.3,G,,,,70500000.0
TOYOTA,AVANZA,2008,MANUAL,1.5,S,,,,75500000.0
TOYOTA,AVANZA,2009,MANUAL,1.3,G,,,,75500000.0
TOYOTA,AVANZA,2009,MANUAL,1.5,S,,,,78000000.0
TOYOTA,AVANZA,2010,AUTOMATIC,1.3,G,,,,81000000.0
TOYOTA,AVANZA,2010,AUTOMATIC,1.3,G,,,,73500000.0
TOYOTA,AVANZA,2010,AUTOMATIC,1.5,S,,,,65000000.0
TOYOTA,AVANZA,2010,AUTOMATIC,1.5,S,,,,50000000.0
TOYOTA,AVANZA,2010,AUTOMATIC,1.5,S,,,,66000000.0
TOYOTA,AVANZA,2010,MANUAL,1.3,G,,,,80000000.0
TOYOTA,AVANZA,2010,MANUAL,1.3,G,,,,93500000.0
TOYOTA,AVANZA,2010,MANUAL,1.3,G,,,,75000000.0
TOYOTA,AVANZA,2010,MANUAL,1.3,G,,,,81500000.0
TOYOTA,AVANZA,2011,AUTOMATIC,1.3,G,,,,67500000.0
TOYOTA,AVANZA,2011,AUTOMATIC,1.5,S,,,,84500000.0
TOYOTA,AVANZA,2011,MANUAL,1.3,G,,,,80750000.0
TOYOTA,AVANZA,2011,MANUAL,1.3,G,,,,83000000.0
TOYOTA,AVANZA,2011,MANUAL,1.3,G,,,,76000000.0
TOYOTA,AVANZA,2011,MANUAL,1.3,G,,,,73000000.0
TOYOTA,AVANZA,2011,MANUAL,1.5,S,,,,78500000.0
TOYOTA,AVANZA,2012,AUTOMATIC,1.3,G,,,,69500000.0
TOYOTA,AVANZA,2012,AUTOMATIC,1.5,VELOZ,,,,86500000.0
TOYOTA,AVANZA,2012,MANUAL,1.3,E,,,,68000000.0
TOYOTA,AVANZA,2012,MANUAL,1.3,G,,,,84000000.0
TOYOTA,AVANZA,2012,MANUAL,1.3,G,,,,83500000.0
TOYOTA,AVANZA,2012,MANUAL,1.5,G,,,,101000000.0
TOYOTA,AVANZA,2012,MANUAL,1.5,VELOZ,,,,104500000.0
TOYOTA,AVANZA,2012,MANUAL,1.5,VELOZ,,,,80000000.0
TOYOTA,AVANZA,2013,AUTOMATIC,1.5,VELOZ,,,,90500000.0
TOYOTA,AVANZA,2013,AUTOMATIC,1.5,VELOZ,,,,104500000.0
TOYOTA,AVANZA,2013,AUTOMATIC,1.5,VELOZ,,,,74000000.0
TOYOTA,AVANZA,2013,AUTOMATIC,1.5,VELOZ,,,,77000000.0
TOYOTA,AVANZA,2013,MANUAL,1.3,E,,,,76500000.0
TOYOTA,AVANZA,2013,MANUAL,1.3,E,,,,93500000.0
TOYOTA,AVANZA,2013,MANUAL,1.3,G,,,,102000000.0
TOYOTA,AVANZA,2013,MANUAL,1.3,G,,,,114500000.0
TOYOTA,AVANZA,2013,MANUAL,1.3,G,,,,57500000.0
TOYOTA,AVANZA,2013,MANUAL,1.5,G,,,,64000000.0
TOYOTA,AVANZA,2013,MANUAL,1.5,VELOZ,,,,92000000.0
TOYOTA,AVANZA,2014,AUTOMATIC,1.5,VELOZ,,,,110000000.0
TOYOTA,AVANZA,2014,MANUAL,1.3,G,,,,110500000.0
TOYOTA,AVANZA,2014,MANUAL,1.3,G,,,,110000000.0
TOYOTA,AVANZA,2014,MANUAL,1.3,G,,,,94000000.0
TOYOTA,AVANZA,2014,MANUAL,1.3,G,,,,94000000.0
TOYOTA,AVANZA,2014,MANUAL,1.3,G,,,,98000000.0
TOYOTA,AVANZA,2014,MANUAL,1.5,G,,,,105000000.0
TOYOTA,AVANZA,2014,MANUAL,1.5,VELOZ,,,,110500000.0
TOYOTA,AVANZA,2015,AUTOMATIC,1.3,E,,,,100000000.0
TOYOTA,AVANZA,2015,AUTOMATIC,1.3,G,,,,107500000.0
TOYOTA,AVANZA,2015,AUTOMATIC,1.3,G,,,,112000000.0
TOYOTA,AVANZA,2015,AUTOMATIC,1.3,G,,,,101750000.0
TOYOTA,AVANZA,2015,AUTOMATIC,1.3,VELOZ,,,,128000000.0
TOYOTA,AVANZA,2015,AUTOMATIC,1.5,VELOZ,,,,104000000.0
TOYOTA,AVANZA,2015,MANUAL,1.3,E,,,,92000000.0
TOYOTA,AVANZA,2015,MANUAL,1.3,E,,,,92000000.0
TOYOTA,AVANZA,2015,MANUAL,1.3,E,,,,90000000.0
TOYOTA,AVANZA,2015,MANUAL,1.3,E,,,,67500000.0
TOYOTA,AVANZA,2015,MANUAL,1.3,G,,,,123500000.0
TOYOTA,AVANZA,2015,MANUAL,1.3,G,,,,112250000.0
TOYOTA,AVANZA,2015,MANUAL,1.3,G,,,,88000000.0
TOYOTA,AVANZA,2015,MANUAL,1.3,G,,,,116000000.0
TOYOTA,AVANZA,2015,MANUAL,1.3,G,,,,95000000.0
TOYOTA,AVANZA,2015,MANUAL,1.3,G,,,,100500000.0
TOYOTA,AVANZA,2015,MANUAL,1.5,G,,,,83000000.0
TOYOTA,AVANZA,2015,MANUAL,1.5,VELOZ,,,,124000000.0
TOYOTA,AVANZA,2015,MANUAL,1.5,VELOZ,,,,101500000.0
TOYOTA,AVANZA,2015,MANUAL,1.5,VELOZ,,,,62000000.0
TOYOTA,AVANZA,2015,MANUAL,1.5,VELOZ,,,,112500000.0
TOYOTA,AVANZA,2016,AUTOMATIC,1.3,E,,,,89500000.0
TOYOTA,AVANZA,2016,AUTOMATIC,1.3,G,,,,121500000.0
TOYOTA,AVANZA,2016,AUTOMATIC,1.5,VELOZ,,,,109500000.0
TOYOTA,AVANZA,2016,AUTOMATIC,1.5,VELOZ,,,,130000000.0
TOYOTA,AVANZA,2016,MANUAL,1.3,E,,,,109000000.0
TOYOTA,AVANZA,2016,MANUAL,1.3,E,,,,83000000.0
TOYOTA,AVANZA,2016,MANUAL,1.3,E,,,,87500000.0
TOYOTA,AVANZA,2016,MANUAL,1.3,G,,,,85000000.0
TOYOTA,AVANZA,2016,MANUAL,1.3,G,,,,129000000.0
TOYOTA,AVANZA,2016,MANUAL,1.3,G,,,,107500000.0
TOYOTA,AVANZA,2016,MANUAL,1.3,G,,,,108000000.0
TOYOTA,AVANZA,2016,MANUAL,1.3,G,,,,119500000.0
TOYOTA,AVANZA,2016,MANUAL,1.5,VELOZ,,,,142000000.0
TOYOTA,AVANZA,2016,MANUAL,1.5,VELOZ,,,,121000000.0
TOYOTA,AVANZA,2017,AUTOMATIC,1.3,E,200.0,90.5,45.25,
TOYOTA,AVANZA,2017,AUTOMATIC,1.3,G,217.0,119.0,54.84,132000000.0
TOYOTA,AVANZA,2017,AUTOMATIC,1.5,VELOZ,,,,126000000.0
TOYOTA,AVANZA,2017,MANUAL,1.3,E,189.0,91.5,48.41,75000000.0
TOYOTA,AVANZA,2017,MANUAL,1.3,E,189.0,91.5,48.41,119000000.0
TOYOTA,AVANZA,2017,MANUAL,1.3,E,189.0,91.5,48.41,76150000.0
TOYOTA,AVANZA,2017,MANUAL,1.3,G,207.0,117.5,56.76,135500000.0
TOYOTA,AVANZA,2017,MANUAL,1.3,G,207.0,117.5,56.76,118000000.0
TOYOTA,AVANZA,2017,MANUAL,1.5,G,216.0,120.0,55.56,
TOYOTA,AVANZA,2017,MANUAL,1.5,VELOZ,,,,106000000.0
TOYOTA,AVANZA,2018,AUTOMATIC,1.3,E,201.0,97.0,48.26,111000000.0
TOYOTA,AVANZA,2018,AUTOMATIC,1.3,G,218.0,123.0,56.42,122000000.0
TOYOTA,AVANZA,2018,AUTOMATIC,1.3,G,218.0,123.0,56.42,128000000.0
TOYOTA,AVANZA,2018,AUTOMATIC,1.3,G,218.0,123.0,56.42,136500000.0
TOYOTA,AVANZA,2018,AUTOMATIC,1.3,G,218.0,123.0,56.42,137000000.0
TOYOTA,AVANZA,2018,AUTOMATIC,1.3,VELOZ,,,,132000000.0
TOYOTA,AVANZA,2018,AUTOMATIC,1.3,VELOZ,,,,125500000.0
TOYOTA,AVANZA,2018,AUTOMATIC,1.5,VELOZ,,,,130000000.0
TOYOTA,AVANZA,2018,AUTOMATIC,1.5,VELOZ,,,,137000000.0
TOYOTA,AVANZA,2018,AUTOMATIC,1.5,VELOZ,,,,100000000.0
TOYOTA,AVANZA,2018,MANUAL,1.3,E,190.0,98.5,51.84,112000000.0
TOYOTA,AVANZA,2018,MANUAL,1.3,E,190.0,98.5,51.84,106500000.0
TOYOTA,AVANZA,2018,MANUAL,1.3,E,190.0,98.5,51.84,109000000.0
TOYOTA,AVANZA,2018,MANUAL,1.3,E,190.0,98.5,51.84,65000000.0
TOYOTA,AVANZA,2018,MANUAL,1.3,E,190.0,98.5,51.84,120000000.0
TOYOTA,AVANZA,2018,MANUAL,1.3,E,190.0,98.5,51.84,112500000.0
TOYOTA,AVANZA,2018,MANUAL,1.3,G,208.0,122.0,58.65,140000000.0
TOYOTA,AVANZA,2018,MANUAL,1.3,G,208.0,122.0,58.65,130000000.0
TOYOTA,AVANZA,2018,MANUAL,1.3,G,208.0,122.0,58.65,124500000.0
TOYOTA,AVANZA,2018,MANUAL,1.3,G,208.0,122.0,58.65,120000000.0
TOYOTA,AVANZA,2018,MANUAL,1.3,G,208.0,122.0,58.65,55000000.0
TOYOTA,AVANZA,2018,MANUAL,1.3,G,208.0,122.0,58.65,106500000.0
TOYOTA,AVANZA,2018,MANUAL,1.3,G,208.0,122.0,58.65,131500000.0
TOYOTA,AVANZA,2018,MANUAL,1.3,VELOZ,,,,148000000.0
TOYOTA,AVANZA,2018,MANUAL,1.3,VELOZ,,,,111750000.0
TOYOTA,AVANZA,2018,MANUAL,1.5,G,220.0,126.0,57.27,
TOYOTA,AVANZA,2018,MANUAL,1.5,VELOZ,,,,124000000.0
TOYOTA,AVANZA,2019,AUTOMATIC,1.3,E,202.0,121.0,59.9,117500000.0
TOYOTA,AVANZA,2019,AUTOMATIC,1.3,E,202.0,121.0,59.9,127000000.0
TOYOTA,AVANZA,2019,AUTOMATIC,1.3,E,202.0,121.0,59.9,105000000.0
TOYOTA,AVANZA,2019,AUTOMATIC,1.3,E,202.0,121.0,59.9,118750000.0
TOYOTA,AVANZA,2019,AUTOMATIC,1.3,E,202.0,121.0,59.9,126500000.0
TOYOTA,AVANZA,2019,AUTOMATIC,1.3,E,202.0,121.0,59.9,119500000.0
TOYOTA,AVANZA,2019,AUTOMATIC,1.3,G,219.0,133.0,60.73,141500000.0
TOYOTA,AVANZA,2019,AUTOMATIC,1.3,G,219.0,133.0,60.73,141000000.0
TOYOTA,AVANZA,2019,AUTOMATIC,1.3,G,219.0,133.0,60.73,136750000.0
TOYOTA,AVANZA,2019,AUTOMATIC,1.3,G,219.0,133.0,60.73,134650000.0
TOYOTA,AVANZA,2019,AUTOMATIC,1.3,G,219.0,133.0,60.73,132000000.0
TOYOTA,AVANZA,2019,AUTOMATIC,1.3,G,219.0,133.0,60.73,147500000.0
TOYOTA,AVANZA,2019,AUTOMATIC,1.3,G,219.0,133.0,60.73,128000000.0
TOYOTA,AVANZA,2019,AUTOMATIC,1.3,G,219.0,133.0,60.73,141700000.0
TOYOTA,AVANZA,2019,AUTOMATIC,1.3,G,219.0,133.0,60.73,136000000.0
TOYOTA,AVANZA,2019,AUTOMATIC,1.3,G,219.0,133.0,60.73,130500000.0
TOYOTA,AVANZA,2019,AUTOMATIC,1.3,G,219.0,133.0,60.73,136000000.0
TOYOTA,AVANZA,2019,AUTOMATIC,1.3,VELOZ,,,,152000000.0
TOYOTA,AVANZA,2019,AUTOMATIC,1.3,VELOZ,,,,137000000.0
TOYOTA,AVANZA,2019,AUTOMATIC,1.5,VELOZ,,,,154200000.0
TOYOTA,AVANZA,2019,AUTOMATIC,1.5,VELOZ,,,,166000000.0
TOYOTA,AVANZA,2019,AUTOMATIC,1.5,VELOZ,,,,146000000.0
TOYOTA,AVANZA,2019,AUTOMATIC,1.5,VELOZ,,,,150000000.0
TOYOTA,AVANZA,2019,AUTOMATIC,1.5,VELOZ,,,,149500000.0
TOYOTA,AVANZA,2019,AUTOMATIC,1.5,VELOZ,,,,139500000.0
TOYOTA,AVANZA,2019,AUTOMATIC,1.5,VELOZ,,,,152000000.0
TOYOTA,AVANZA,2019,MANUAL,1.3,E,191.0,118.5,62.04,132500000.0
TOYOTA,AVANZA,2019,MANUAL,1.3,E,191.0,118.5,62.04,133000000.0
TOYOTA,AVANZA,2019,MANUAL,1.3,E,191.0,118.5,62.04,132000000.0
TOYOTA,AVANZA,2019,MANUAL,1.3,E,191.0,118.5,62.04,115000000.0
TOYOTA,AVANZA,2019,MANUAL,1.3,E,191.0,118.5,62.04,130500000.0
TOYOTA,AVANZA,2019,MANUAL,1.3,E,191.0,118.5,62.04,129500000.0
TOYOTA,AVANZA,2019,MANUAL,1.3,E,191.0,118.5,62.04,124000000.0
TOYOTA,AVANZA,2019,MANUAL,1.3,G,209.0,132.0,63.16,137500000.0
TOYOTA,AVANZA,2019,MANUAL,1.3,G,209.0,132.0,63.16,144500000.0
TOYOTA,AVANZA,2019,MANUAL,1.3,G,209.0,132.0,63.16,140000000.0
TOYOTA,AVANZA,2019,MANUAL,1.3,G,209.0,132.0,63.16,147500000.0
TOYOTA,AVANZA,2019,MANUAL,1.3,G,209.0,132.0,63.16,131000000.0
TOYOTA,AVANZA,2019,MANUAL,1.3,G,209.0,132.0,63.16,148900000.0
TOYOTA,AVANZA,2019,MANUAL,1.3,G,209.0,132.0,63.16,132500000.0
TOYOTA,AVANZA,2019,MANUAL,1.3,G,209.0,132.0,63.16,147250000.0
TOYOTA,AVANZA,2019,MANUAL,1.3,G,209.0,132.0,63.16,138000000.0
TOYOTA,AVANZA,2019,MANUAL,1.3,G,209.0,132.0,63.16,140000000.0
TOYOTA,AVANZA,2019,MANUAL,1.3,G,209.0,132.0,63.16,143750000.0
TOYOTA,AVANZA,2019,MANUAL,1.3,G,209.0,132.0,63.16,146500000.0
TOYOTA,AVANZA,2019,MANUAL,1.3,VELOZ,,,,142500000.0
TOYOTA,AVANZA,2019,MANUAL,1.3,VELOZ,,,,147000000.0
TOYOTA,AVANZA,2019,MANUAL,1.5,G,223.0,134.0,60.09,
TOYOTA,AVANZA,2019,MANUAL,1.5,VELOZ,,,,157500000.0
TOYOTA,AVANZA,2019,MANUAL,1.5,VELOZ,,,,154500000.0
TOYOTA,AVANZA,2019,MANUAL,1.5,VELOZ,,,,152000000.0
TOYOTA,AVANZA,2019,MANUAL,1.5,VELOZ,,,,159500000.0
TOYOTA,AVANZA,2019,MANUAL,1.5,VELOZ,,,,154000000.0
TOYOTA,AVANZA,2019,MANUAL,1.5,VELOZ,,,,163500000.0
TOYOTA,AVANZA,2020,AUTOMATIC,1.3,E,208.0,126.5,60.82,
TOYOTA,AVANZA,2020,AUTOMATIC,1.3,G,226.0,144.0,63.72,144200000.0
TOYOTA,AVANZA,2020,AUTOMATIC,1.3,G,226.0,144.0,63.72,151150000.0
TOYOTA,AVANZA,2020,AUTOMATIC,1.3,G,226.0,144.0,63.72,142500000.0
TOYOTA,AVANZA,2020,AUTOMATIC,1.3,G,226.0,144.0,63.72,149000000.0
TOYOTA,AVANZA,2020,AUTOMATIC,1.3,G,226.0,144.0,63.72,148850000.0
TOYOTA,AVANZA,2020,AUTOMATIC,1.3,G,226.0,144.0,63.72,141000000.0
TOYOTA,AVANZA,2020,AUTOMATIC,1.3,G,226.0,144.0,63.72,136900000.0
TOYOTA,AVANZA,2020,AUTOMATIC,1.3,G,226.0,144.0,63.72,145000000.0
TOYOTA,AVANZA,2020,AUTOMATIC,1.3,G,226.0,144.0,63.72,138250000.0
TOYOTA,AVANZA,2020,AUTOMATIC,1.3,G,226.0,144.0,63.72,143750000.0
TOYOTA,AVANZA,2020,AUTOMATIC,1.3,G,226.0,144.0,63.72,127000000.0
TOYOTA,AVANZA,2020,AUTOMATIC,1.3,VELOZ,,,,136000000.0
TOYOTA,AVANZA,2020,AUTOMATIC,1.3,VELOZ,,,,151000000.0
TOYOTA,AVANZA,2020,AUTOMATIC,1.5,VELOZ,,,,170000000.0
TOYOTA,AVANZA,2020,AUTOMATIC,1.5,VELOZ,,,,160750000.0
TOYOTA,AVANZA,2020,AUTOMATIC,1.5,VELOZ,,,,183000000.0
TOYOTA,AVANZA,2020,AUTOMATIC,1.5,VELOZ,,,,168000000.0
TOYOTA,AVANZA,2020,MANUAL,1.3,E,197.0,122.5,62.18,134000000.0
TOYOTA,AVANZA,2020,MANUAL,1.3,E,197.0,122.5,62.18,133500000.0
TOYOTA,AVANZA,2020,MANUAL,1.3,E,197.0,122.5,62.18,128000000.0
TOYOTA,AVANZA,2020,MANUAL,1.3,E,197.0,122.5,62.18,124000000.0
TOYOTA,AVANZA,2020,MANUAL,1.3,E,197.0,122.5,62.18,145250000.0
TOYOTA,AVANZA,2020,MANUAL,1.3,E,197.0,122.5,62.18,141650000.0
TOYOTA,AVANZA,2020,MANUAL,1.3,E,197.0,122.5,62.18,143750000.0
TOYOTA,AVANZA,2020,MANUAL,1.3,E,197.0,122.5,62.18,144000000.0
TOYOTA,AVANZA,2020,MANUAL,1.3,G,215.0,146.5,68.14,149700000.0
TOYOTA,AVANZA,2020,MANUAL,1.3,G,215.0,146.5,68.14,152850000.0
TOYOTA,AVANZA,2020,MANUAL,1.3,G,215.0,146.5,68.14,144250000.0
TOYOTA,AVANZA,2020,MANUAL,1.3,G,215.0,146.5,68.14,147150000.0
TOYOTA,AVANZA,2020,MANUAL,1.3,G,215.0,146.5,68.14,152500000.0
TOYOTA,AVANZA,2020,MANUAL,1.3,G,215.0,146.5,68.14,146000000.0
TOYOTA,AVANZA,2020,MANUAL,1.3,G,215.0,146.5,68.14,144500000.0
TOYOTA,AVANZA,2020,MANUAL,1.3,G,215.0,146.5,68.14,140500000.0
TOYOTA,AVANZA,2020,MANUAL,1.3,G,215.0,146.5,68.14,133500000.0
TOYOTA,AVANZA,2020,MANUAL,1.3,G,215.0,146.5,68.14,139500000.0
TOYOTA,AVANZA,2020,MANUAL,1.3,G,215.0,146.5,68.14,144250000.0
TOYOTA,AVANZA,2020,MANUAL,1.3,VELOZ,,,,155000000.0
TOYOTA,AVANZA,2020,MANUAL,1.3,VELOZ,,,,146000000.0
TOYOTA,AVANZA,2020,MANUAL,1.5,G,227.0,145.0,63.88,153500000.0
TOYOTA,AVANZA,2020,MANUAL,1.5,G,227.0,145.0,63.88,144150000.0
TOYOTA,AVANZA,2020,MANUAL,1.5,G,227.0,145.0,63.88,150900000.0
TOYOTA,AVANZA,2020,MANUAL,1.5,G,227.0,145.0,63.88,140300000.0
TOYOTA,AVANZA,2020,MANUAL,1.5,G,227.0,145.0,63.88,149250000.0
TOYOTA,AVANZA,2020,MANUAL,1.5,G,227.0,145.0,63.88,139500000.0
TOYOTA,AVANZA,2020,MANUAL,1.5,G,227.0,145.0,63.88,144000000.0
TOYOTA,AVANZA,2020,MANUAL,1.5,VELOZ,,,,168500000.0
TOYOTA,AVANZA,2020,MANUAL,1.5,VELOZ,,,,179000000.0
TOYOTA,AVANZA,2020,MANUAL,1.5,VELOZ,,,,171500000.0
TOYOTA,AVANZA,2020,MANUAL,1.5,VELOZ,,,,155000000.0
TOYOTA,AVANZA,2020,MANUAL,1.5,VELOZ,,,,146000000.0
TOYOTA,AVANZA,2020,MANUAL,1.5,VELOZ,,,,160000000.0
TOYOTA,AVANZA,2020,MANUAL,1.5,VELOZ,,,,156500000.0
TOYOTA,AVANZA,2021,AUTOMATIC,1.3,E,200.0,130.5,65.25,125000000.0
TOYOTA,AVANZA,2021,AUTOMATIC,1.3,E,200.0,130.5,65.25,122500000.0
TOYOTA,AVANZA,2021,AUTOMATIC,1.3,E,200.0,130.5,65.25,131000000.0
TOYOTA,AVANZA,2021,AUTOMATIC,1.3,G,217.0,150.0,69.12,145250000.0
TOYOTA,AVANZA,2021,AUTOMATIC,1.3,G,217.0,150.0,69.12,150500000.0
TOYOTA,AVANZA,2021,AUTOMATIC,1.3,G,217.0,150.0,69.12,150400000.0
TOYOTA,AVANZA,2021,AUTOMATIC,1.3,G,217.0,150.0,69.12,149950000.0
TOYOTA,AVANZA,2021,AUTOMATIC,1.3,G,217.0,150.0,69.12,140000000.0
TOYOTA,AVANZA,2021,AUTOMATIC,1.3,G,217.0,150.0,69.12,147000000.0
TOYOTA,AVANZA,2021,AUTOMATIC,1.3,G,217.0,150.0,69.12,143950000.0
TOYOTA,AVANZA,2021,AUTOMATIC,1.3,G,217.0,150.0,69.12,147000000.0
TOYOTA,AVANZA,2021,AUTOMATIC,1.3,G,217.0,150.0,69.12,148214285.714286
TOYOTA,AVANZA,2021,AUTOMATIC,1.3,G,217.0,150.0,69.12,143500000.0
TOYOTA,AVANZA,2021,AUTOMATIC,1.3,G,217.0,150.0,69.12,147000000.0
TOYOTA,AVANZA,2021,AUTOMATIC,1.5,G,,,,185500000.0
TOYOTA,AVANZA,2021,AUTOMATIC,1.5,G,,,,160000000.0
TOYOTA,AVANZA,2021,AUTOMATIC,1.5,G,,,,186000000.0
TOYOTA,AVANZA,2021,AUTOMATIC,1.5,G,,,,175000000.0
TOYOTA,AVANZA,2021,AUTOMATIC,1.5,G,,,,170750000.0
TOYOTA,AVANZA,2021,AUTOMATIC,1.5,G,,,,181000000.0
TOYOTA,AVANZA,2021,AUTOMATIC,1.5,G,,,,182000000.0
TOYOTA,AVANZA,2021,AUTOMATIC,1.5,G TSS,,,,182000000.0
TOYOTA,AVANZA,2021,AUTOMATIC,1.5,VELOZ,,,,156750000.0
TOYOTA,AVANZA,2021,AUTOMATIC,1.5,VELOZ,,,,159000000.0
TOYOTA,AVANZA,2021,AUTOMATIC,1.5,VELOZ,,,,165200000.0
TOYOTA,AVANZA,2021,AUTOMATIC,1.5,VELOZ,,,,162750000.0
TOYOTA,AVANZA,2021,AUTOMATIC,1.5,VELOZ,,,,172000000.0
TOYOTA,AVANZA,2021,MANUAL,1.3,E,190.0,127.5,67.11,126500000.0
TOYOTA,AVANZA,2021,MANUAL,1.3,E,190.0,127.5,67.11,148750000.0
TOYOTA,AVANZA,2021,MANUAL,1.3,E,190.0,127.5,67.11,130000000.0
TOYOTA,AVANZA,2021,MANUAL,1.3,E,190.0,127.5,67.11,137500000.0
TOYOTA,AVANZA,2021,MANUAL,1.3,E,190.0,127.5,67.11,128000000.0
TOYOTA,AVANZA,2021,MANUAL,1.3,E,190.0,127.5,67.11,130000000.0
TOYOTA,AVANZA,2021,MANUAL,1.3,E,190.0,127.5,67.11,136500000.0
TOYOTA,AVANZA,2021,MANUAL,1.3,E,190.0,127.5,67.11,140500000.0
TOYOTA,AVANZA,2021,MANUAL,1.3,G,207.0,149.5,72.22,147900000.0
TOYOTA,AVANZA,2021,MANUAL,1.3,G,207.0,149.5,72.22,157000000.0
TOYOTA,AVANZA,2021,MANUAL,1.3,G,207.0,149.5,72.22,148800000.0
TOYOTA,AVANZA,2021,MANUAL,1.3,G,207.0,149.5,72.22,148500000.0
TOYOTA,AVANZA,2021,MANUAL,1.3,G,207.0,149.5,72.22,129500000.0
TOYOTA,AVANZA,2021,MANUAL,1.3,G,207.0,149.5,72.22,151650000.0
TOYOTA,AVANZA,2021,MANUAL,1.3,G,207.0,149.5,72.22,150600000.0
TOYOTA,AVANZA,2021,MANUAL,1.3,G,207.0,149.5,72.22,140000000.0
TOYOTA,AVANZA,2021,MANUAL,1.3,G,207.0,149.5,72.22,150125000.0
TOYOTA,AVANZA,2021,MANUAL,1.3,G,207.0,149.5,72.22,130000000.0
TOYOTA,AVANZA,2021,MANUAL,1.3,G,207.0,149.5,72.22,149000000.0
TOYOTA,AVANZA,2021,MANUAL,1.3,VELOZ,,,,158500000.0
TOYOTA,AVANZA,2021,MANUAL,1.3,VELOZ,,,,164500000.0
TOYOTA,AVANZA,2021,MANUAL,1.3,VELOZ,,,,161000000.0
TOYOTA,AVANZA,2021,MANUAL,1.5,G,220.0,156.0,70.91,158000000.0
TOYOTA,AVANZA,2021,MANUAL,1.5,G,220.0,156.0,70.91,169000000.0
TOYOTA,AVANZA,2021,MANUAL,1.5,G,220.0,156.0,70.91,150500000.0
TOYOTA,AVANZA,2021,MANUAL,1.5,G,220.0,156.0,70.91,146000000.0
TOYOTA,AVANZA,2021,MANUAL,1.5,G,220.0,156.0,70.91,170000000.0
TOYOTA,AVANZA,2021,MANUAL,1.5,G,220.0,156.0,70.91,162000000.0
TOYOTA,AVANZA,2021,MANUAL,1.5,G,220.0,156.0,70.91,162500000.0
TOYOTA,AVANZA,2021,MANUAL,1.5,VELOZ,,,,171700000.0
TOYOTA,AVANZA,2021,MANUAL,1.5,VELOZ,,,,177750000.0
TOYOTA,AVANZA,2021,MANUAL,1.5,VELOZ,,,,169750000.0
TOYOTA,AVANZA,2021,MANUAL,1.5,VELOZ,,,,171200000.0
TOYOTA,AVANZA,2021,MANUAL,1.5,VELOZ,,,,168000000.0
TOYOTA,AVANZA,2021,MANUAL,1.5,VELOZ,,,,163350000.0
TOYOTA,AVANZA,2021,MANUAL,1.5,VELOZ,,,,163500000.0
TOYOTA,AVANZA,2021,MANUAL,1.5,VELOZ,,,,165500000.0
TOYOTA,AVANZA,2021,MANUAL,1.5,VELOZ,,,,170000000.0
TOYOTA,AVANZA,2021,MANUAL,1.5,VELOZ,,,,163000000.0
TOYOTA,AVANZA,2021,MANUAL,1.5,VELOZ,,,,169500000.0
TOYOTA,AVANZA,2022,AUTOMATIC,1.3,E,247.0,149.0,60.32,157000000.0
TOYOTA,AVANZA,2022,AUTOMATIC,1.3,E,247.0,149.0,60.32,153500000.0
TOYOTA,AVANZA,2022,AUTOMATIC,1.3,E,247.0,149.0,60.32,162000000.0
TOYOTA,AVANZA,2022,AUTOMATIC,1.3,E,247.0,149.0,60.32,159750000.0
TOYOTA,AVANZA,2022,AUTOMATIC,1.3,E,247.0,149.0,60.32,158750000.0
TOYOTA,AVANZA,2022,AUTOMATIC,1.3,E,247.0,149.0,60.32,152250000.0
TOYOTA,AVANZA,2022,AUTOMATIC,1.3,E,247.0,149.0,60.32,146500000.0
TOYOTA,AVANZA,2022,AUTOMATIC,1.5,G,269.0,171.5,63.75,182500000.0
TOYOTA,AVANZA,2022,AUTOMATIC,1.5,G,269.0,171.5,63.75,170700000.0
TOYOTA,AVANZA,2022,AUTOMATIC,1.5,G,269.0,171.5,63.75,170000000.0
TOYOTA,AVANZA,2022,AUTOMATIC,1.5,G,269.0,171.5,63.75,167000000.0
TOYOTA,AVANZA,2022,AUTOMATIC,1.5,G,269.0,171.5,63.75,180000000.0
TOYOTA,AVANZA,2022,AUTOMATIC,1.5,G,269.0,171.5,63.75,156000000.0
TOYOTA,AVANZA,2022,AUTOMATIC,1.5,G,269.0,171.5,63.75,180000000.0
TOYOTA,AVANZA,2022,AUTOMATIC,1.5,G,269.0,171.5,63.75,184500000.0
TOYOTA,AVANZA,2022,AUTOMATIC,1.5,G,269.0,171.5,63.75,175000000.0
TOYOTA,AVANZA,2022,AUTOMATIC,1.5,G,269.0,171.5,63.75,171357142.857143
TOYOTA,AVANZA,2022,AUTOMATIC,1.5,G,269.0,171.5,63.75,174350000.0
TOYOTA,AVANZA,2022,AUTOMATIC,1.5,G,269.0,171.5,63.75,156000000.0
TOYOTA,AVANZA,2022,AUTOMATIC,1.5,G TSS,,,,198000000.0
TOYOTA,AVANZA,2022,AUTOMATIC,1.5,G TSS,,,,180000000.0
TOYOTA,AVANZA,2022,AUTOMATIC,1.5,G TSS,,,,158500000.0
TOYOTA,AVANZA,2022,AUTOMATIC,1.5,VELOZ,,,,198000000.0
TOYOTA,AVANZA,2022,AUTOMATIC,1.5,VELOZ,,,,193000000.0
TOYOTA,AVANZA,2022,MANUAL,1.3,E,233.0,144.5,62.02,158000000.0
TOYOTA,AVANZA,2022,MANUAL,1.3,E,233.0,144.5,62.02,154450000.0
TOYOTA,AVANZA,2022,MANUAL,1.3,E,233.0,144.5,62.02,153600000.0
TOYOTA,AVANZA,2022,MANUAL,1.3,E,233.0,144.5,62.02,150000000.0
TOYOTA,AVANZA,2022,MANUAL,1.3,E,233.0,144.5,62.02,150000000.0
TOYOTA,AVANZA,2022,MANUAL,1.3,E,233.0,144.5,62.02,148700000.0
TOYOTA,AVANZA,2022,MANUAL,1.3,E,233.0,144.5,62.02,141500000.0
TOYOTA,AVANZA,2022,MANUAL,1.3,E,233.0,144.5,62.02,140500000.0
TOYOTA,AVANZA,2022,MANUAL,1.3,E,233.0,144.5,62.02,146750000.0
TOYOTA,AVANZA,2022,MANUAL,1.3,E,233.0,144.5,62.02,143500000.0
TOYOTA,AVANZA,2022,MANUAL,1.3,E,233.0,144.5,62.02,150850000.0
TOYOTA,AVANZA,2022,MANUAL,1.3,E,233.0,144.5,62.02,147500000.0
TOYOTA,AVANZA,2022,MANUAL,1.4,G,,,,160000000.0
TOYOTA,AVANZA,2022,MANUAL,1.5,G,254.0,163.0,64.17,175000000.0
TOYOTA,AVANZA,2022,MANUAL,1.5,G,254.0,163.0,64.17,169150000.0
TOYOTA,AVANZA,2022,MANUAL,1.5,G,254.0,163.0,64.17,162150000.0
TOYOTA,AVANZA,2022,MANUAL,1.5,G,254.0,163.0,64.17,165950000.0
TOYOTA,AVANZA,2022,MANUAL,1.5,G,254.0,163.0,64.17,162500000.0
TOYOTA,AVANZA,2022,MANUAL,1.5,G,254.0,163.0,64.17,145500000.0
TOYOTA,AVANZA,2022,MANUAL,1.5,G,254.0,163.0,64.17,165100000.0
TOYOTA,AVANZA,2022,MANUAL,1.5,G,254.0,163.0,64.17,162500000.0
TOYOTA,AVANZA,2022,MANUAL,1.5,G,254.0,163.0,64.17,159900000.0
TOYOTA,AVANZA,2022,MANUAL,1.5,G,254.0,163.0,64.17,158400000.0
TOYOTA,AVANZA,2022,MANUAL,1.5,G,254.0,163.0,64.17,160722222.222222
TOYOTA,AVANZA,2022,MANUAL,1.5,G,254.0,163.0,64.17,157750000.0
TOYOTA,AVANZA,2022,MANUAL,1.5,G,254.0,163.0,64.17,161650000.0
TOYOTA,AVANZA,2022,MANUAL,1.5,G,254.0,163.0,64.17,156700000.0
TOYOTA,AVANZA,2022,MANUAL,1.5,VELOZ,,,,195500000.0
TOYOTA,AVANZA,2022,MANUAL,1.5,VELOZ,,,,190500000.0
TOYOTA,AVANZA,2023,AUTOMATIC,1.3,E,249.0,157.5,63.25,159000000.0
TOYOTA,AVANZA,2023,AUTOMATIC,1.3,E,249.0,157.5,63.25,160500000.0
TOYOTA,AVANZA,2023,AUTOMATIC,1.5,G,272.0,180.0,66.18,181500000.0
TOYOTA,AVANZA,2023,AUTOMATIC,1.5,G,272.0,180.0,66.18,183200000.0
TOYOTA,AVANZA,2023,AUTOMATIC,1.5,G,272.0,180.0,66.18,176250000.0
TOYOTA,AVANZA,2023,AUTOMATIC,1.5,G,272.0,180.0,66.18,181000000.0
TOYOTA,AVANZA,2023,AUTOMATIC,1.5,G,272.0,180.0,66.18,178500000.0
TOYOTA,AVANZA,2023,AUTOMATIC,1.5,G,272.0,180.0,66.18,183333333.333333
TOYOTA,AVANZA,2023,AUTOMATIC,1.5,G,272.0,180.0,66.18,177000000.0
TOYOTA,AVANZA,2023,AUTOMATIC,1.5,G,272.0,180.0,66.18,162000000.0
TOYOTA,AVANZA,2023,AUTOMATIC,1.5,VELOZ,,,,201500000.0
TOYOTA,AVANZA,2023,MANUAL,1.3,E,235.0,146.5,62.34,162000000.0
TOYOTA,AVANZA,2023,MANUAL,1.3,E,235.0,146.5,62.34,152500000.0
TOYOTA,AVANZA,2023,MANUAL,1.3,E,235.0,146.5,62.34,147000000.0
TOYOTA,AVANZA,2023,MANUAL,1.3,E,235.0,146.5,62.34,144000000.0
TOYOTA,AVANZA,2023,MANUAL,1.3,E,235.0,146.5,62.34,135000000.0
TOYOTA,AVANZA,2023,MANUAL,1.3,E,235.0,146.5,62.34,152000000.0
TOYOTA,AVANZA,2023,MANUAL,1.3,E,235.0,146.5,62.34,142000000.0
TOYOTA,AVANZA,2023,MANUAL,1.3,E,235.0,146.5,62.34,103500000.0
TOYOTA,AVANZA,2023,MANUAL,1.3,E,235.0,146.5,62.34,141000000.0
TOYOTA,AVANZA,2023,MANUAL,1.3,E,235.0,146.5,62.34,131500000.0
TOYOTA,AVANZA,2023,MANUAL,1.5,G,258.0,169.5,65.7,167000000.0
TOYOTA,AVANZA,2023,MANUAL,1.5,G,258.0,169.5,65.7,170000000.0
TOYOTA,AVANZA,2023,MANUAL,1.5,G,258.0,169.5,65.7,162000000.0
TOYOTA,AVANZA,2023,MANUAL,1.5,G,258.0,169.5,65.7,180000000.0
TOYOTA,AVANZA,2023,MANUAL,1.5,G,258.0,169.5,65.7,183000000.0
TOYOTA,AVANZA,2023,MANUAL,1.5,G,258.0,169.5,65.7,177000000.0
TOYOTA,AVANZA,2023,MANUAL,1.5,G,258.0,169.5,65.7,160000000.0
TOYOTA,AVANZA,2023,MANUAL,1.5,G,258.0,169.5,65.7,189500000.0
TOYOTA,AVANZA,2023,MANUAL,1.5,G,258.0,169.5,65.7,175700000.0
TOYOTA,AVANZA,2023,MANUAL,1.5,VELOZ,,,,185000000.0
TOYOTA,AVANZA,2023,MANUAL,1.5,VELOZ,,,,129000000.0
TOYOTA,AVANZA,2023,MANUAL,1.5,VELOZ,,,,181500000.0
TOYOTA,AVANZA,2023,MANUAL,1.5,VELOZ,,,,195000000.0
TOYOTA,AVANZA,2024,AUTOMATIC,1.3,E,254.0,169.5,66.73,162000000.0
TOYOTA,AVANZA,2024,AUTOMATIC,1.3,E,254.0,169.5,66.73,160000000.0
TOYOTA,AVANZA,2024,AUTOMATIC,1.3,E,254.0,169.5,66.73,174000000.0
TOYOTA,AVANZA,2024,AUTOMATIC,1.3,E,254.0,169.5,66.73,175000000.0
TOYOTA,AVANZA,2024,AUTOMATIC,1.3,E,254.0,169.5,66.73,151000000.0
TOYOTA,AVANZA,2024,AUTOMATIC,1.5,G,276.0,191.0,69.2,182000000.0
TOYOTA,AVANZA,2024,AUTOMATIC,1.5,G,276.0,191.0,69.2,179000000.0
TOYOTA,AVANZA,2024,AUTOMATIC,1.5,G,276.0,191.0,69.2,170000000.0
TOYOTA,AVANZA,2024,AUTOMATIC,1.5,G,276.0,191.0,69.2,173500000.0
TOYOTA,AVANZA,2024,AUTOMATIC,1.5,G,276.0,191.0,69.2,189000000.0
TOYOTA,AVANZA,2024,AUTOMATIC,1.5,G,276.0,191.0,69.2,192250000.0
TOYOTA,AVANZA,2024,MANUAL,1.3,E,239.0,163.0,68.2,157000000.0
TOYOTA,AVANZA,2024,MANUAL,1.3,E,239.0,163.0,68.2,160000000.0
TOYOTA,AVANZA,2024,MANUAL,1.3,E,239.0,163.0,68.2,150350000.0
TOYOTA,AVANZA,2024,MANUAL,1.3,E,239.0,163.0,68.2,167500000.0
TOYOTA,AVANZA,2024,MANUAL,1.3,E,239.0,163.0,68.2,176000000.0
TOYOTA,AVANZA,2024,MANUAL,1.3,E,239.0,163.0,68.2,135000000.0
TOYOTA,AVANZA,2024,MANUAL,1.3,E,239.0,163.0,68.2,152000000.0
TOYOTA,AVANZA,2024,MANUAL,1.3,E,239.0,163.0,68.2,155250000.0
TOYOTA,AVANZA,2024,MANUAL,1.3,E,239.0,163.0,68.2,156000000.0
TOYOTA,AVANZA,2024,MANUAL,1.5,G,262.0,177.0,67.56,189000000.0
TOYOTA,AVANZA,2024,MANUAL,1.5,G,262.0,177.0,67.56,200250000.0
TOYOTA,AVANZA,2024,MANUAL,1.5,G,262.0,177.0,67.56,193750000.0
TOYOTA,AVANZA,2024,MANUAL,1.5,G,262.0,177.0,67.56,191000000.0
TOYOTA,AVANZA,2024,MANUAL,1.5,G,262.0,177.0,67.56,157250000.0
TOYOTA,AVANZA,2024,MANUAL,1.5,G,262.0,177.0,67.56,174500000.0
TOYOTA,AVANZA,2024,MANUAL,1.5,G,262.0,177.0,67.56,170000000.0
TOYOTA,AVANZA,2024,MANUAL,1.5,VELOZ,,,,188000000.0
TOYOTA,AVANZA,2024,MANUAL,1.5,VELOZ,,,,204000000.0
TOYOTA,AVANZA,2025,AUTOMATIC,1.3,E,,,,195000000.0
TOYOTA,AVANZA,2025,AUTOMATIC,1.5,G,,,,219500000.0
TOYOTA,AVANZA,2025,AUTOMATIC,1.5,G,,,,202000000.0
TOYOTA,AVANZA,2025,AUTOMATIC,1.5,G,,,,206000000.0
TOYOTA,AVANZA,2025,AUTOMATIC,1.5,G,,,,215000000.0
TOYOTA,AVANZA,2025,MANUAL,1.3,E,,,,177000000.0
TOYOTA,AVANZA,2025,MANUAL,1.3,E,,,,166500000.0
TOYOTA,AVANZA,2025,MANUAL,1.3,E,,,,159500000.0
TOYOTA,AVANZA,2025,MANUAL,1.3,E,,,,161500000.0
TOYOTA,AVANZA,2025,MANUAL,1.5,G,,,,204000000.0
TOYOTA,AVANZA,2025,MANUAL,1.5,G,,,,182000000.0
TOYOTA,AVANZA,2025,MANUAL,1.5,G,,,,210000000.0
TOYOTA,AVANZA,2025,MANUAL,1.5,G,,,,197000000.0
TOYOTA,AVANZA,2025,MANUAL,1.5,G,,,,187500000.0
TOYOTA,CALYA,2016,AUTOMATIC,1.2,G,,,,87500000.0
TOYOTA,CALYA,2016,AUTOMATIC,1.2,G,,,,75500000.0
TOYOTA,CALYA,2016,AUTOMATIC,1.2,G,,,,89000000.0
TOYOTA,CALYA,2016,MANUAL,1.2,G,,,,81500000.0
TOYOTA,CALYA,2017,AUTOMATIC,1.2,G,152.0,84.5,55.59,93000000.0
TOYOTA,CALYA,2017,AUTOMATIC,1.2,G,152.0,84.5,55.59,88500000.0
TOYOTA,CALYA,2017,AUTOMATIC,1.2,G,152.0,84.5,55.59,93500000.0
TOYOTA,CALYA,2017,AUTOMATIC,1.2,G,152.0,84.5,55.59,87500000.0
TOYOTA,CALYA,2017,AUTOMATIC,1.2,G,152.0,84.5,55.59,80000000.0
TOYOTA,CALYA,2017,AUTOMATIC,1.2,G,152.0,84.5,55.59,75750000.0
TOYOTA,CALYA,2017,AUTOMATIC,1.2,G,152.0,84.5,55.59,95500000.0
TOYOTA,CALYA,2017,MANUAL,1.2,E,135.0,79.0,58.52,86500000.0
TOYOTA,CALYA,2017,MANUAL,1.2,E,135.0,79.0,58.52,69000000.0
TOYOTA,CALYA,2017,MANUAL,1.2,E,135.0,79.0,58.52,78500000.0
TOYOTA,CALYA,2017,MANUAL,1.2,G,140.0,86.5,61.79,84000000.0
TOYOTA,CALYA,2017,MANUAL,1.2,G,140.0,86.5,61.79,72000000.0
TOYOTA,CALYA,2017,MANUAL,1.2,G,140.0,86.5,61.79,84750000.0
TOYOTA,CALYA,2017,MANUAL,1.2,G,140.0,86.5,61.79,63000000.0
TOYOTA,CALYA,2017,MANUAL,1.2,G,140.0,86.5,61.79,91500000.0
TOYOTA,CALYA,2017,MANUAL,1.2,G,140.0,86.5,61.79,89000000.0
TOYOTA,CALYA,2018,AUTOMATIC,1.2,G,154.0,87.0,56.49,92500000.0
TOYOTA,CALYA,2018,AUTOMATIC,1.2,G,154.0,87.0,56.49,102000000.0
TOYOTA,CALYA,2018,AUTOMATIC,1.2,G,154.0,87.0,56.49,90000000.0
TOYOTA,CALYA,2018,AUTOMATIC,1.2,G,154.0,87.0,56.49,86250000.0
TOYOTA,CALYA,2018,AUTOMATIC,1.2,G,154.0,87.0,56.49,79200000.0
TOYOTA,CALYA,2018,AUTOMATIC,1.2,G,154.0,87.0,56.49,83000000.0
TOYOTA,CALYA,2018,AUTOMATIC,1.2,G,154.0,87.0,56.49,92500000.0
TOYOTA,CALYA,2018,AUTOMATIC,1.2,G,154.0,87.0,56.49,79500000.0
TOYOTA,CALYA,2018,MANUAL,1.2,E,137.0,84.0,61.31,75500000.0
TOYOTA,CALYA,2018,MANUAL,1.2,E,137.0,84.0,61.31,84000000.0
TOYOTA,CALYA,2018,MANUAL,1.2,G,142.0,91.5,64.44,92000000.0
TOYOTA,CALYA,2018,MANUAL,1.2,G,142.0,91.5,64.44,104500000.0
TOYOTA,CALYA,2018,MANUAL,1.2,G,142.0,91.5,64.44,98000000.0
TOYOTA,CALYA,2018,MANUAL,1.2,G,142.0,91.5,64.44,81500000.0
TOYOTA,CALYA,2018,MANUAL,1.2,G,142.0,91.5,64.44,88500000.0
TOYOTA,CALYA,2018,MANUAL,1.2,G,142.0,91.5,64.44,91500000.0
TOYOTA,CALYA,2018,MANUAL,1.2,G,142.0,91.5,64.44,91500000.0
TOYOTA,CALYA,2018,MANUAL,1.2,G,142.0,91.5,64.44,65000000.0
TOYOTA,CALYA,2018,MANUAL,1.2,G,142.0,91.5,64.44,88000000.0
TOYOTA,CALYA,2018,MANUAL,1.2,G,142.0,91.5,64.44,90000000.0
TOYOTA,CALYA,2019,AUTOMATIC,1.2,G,157.0,98.5,62.74,93000000.0
TOYOTA,CALYA,2019,AUTOMATIC,1.2,G,157.0,98.5,62.74,101000000.0
TOYOTA,CALYA,2019,AUTOMATIC,1.2,G,157.0,98.5,62.74,110250000.0
TOYOTA,CALYA,2019,AUTOMATIC,1.2,G,157.0,98.5,62.74,95000000.0
TOYOTA,CALYA,2019,AUTOMATIC,1.2,G,157.0,98.5,62.74,87500000.0
TOYOTA,CALYA,2019,AUTOMATIC,1.2,G,157.0,98.5,62.74,85000000.0
TOYOTA,CALYA,2019,AUTOMATIC,1.2,G,157.0,98.5,62.74,90500000.0
TOYOTA,CALYA,2019,AUTOMATIC,1.2,G,157.0,98.5,62.74,87000000.0
TOYOTA,CALYA,2019,MANUAL,1.2,E,139.0,88.5,63.67,85500000.0
TOYOTA,CALYA,2019,MANUAL,1.2,E,139.0,88.5,63.67,94500000.0
TOYOTA,CALYA,2019,MANUAL,1.2,E,139.0,88.5,63.67,96500000.0
TOYOTA,CALYA,2019,MANUAL,1.2,E,139.0,88.5,63.67,70500000.0
TOYOTA,CALYA,2019,MANUAL,1.2,E,139.0,88.5,63.67,101500000.0
TOYOTA,CALYA,2019,MANUAL,1.2,E,139.0,88.5,63.67,92500000.0
TOYOTA,CALYA,2019,MANUAL,1.2,E,139.0,88.5,63.67,90250000.0
TOYOTA,CALYA,2019,MANUAL,1.2,E,139.0,88.5,63.67,99000000.0
TOYOTA,CALYA,2019,MANUAL,1.2,G,145.0,101.5,70.0,99000000.0
TOYOTA,CALYA,2019,MANUAL,1.2,G,145.0,101.5,70.0,98750000.0
TOYOTA,CALYA,2019,MANUAL,1.2,G,145.0,101.5,70.0,98500000.0
TOYOTA,CALYA,2019,MANUAL,1.2,G,145.0,101.5,70.0,104500000.0
TOYOTA,CALYA,2019,MANUAL,1.2,G,145.0,101.5,70.0,82500000.0
TOYOTA,CALYA,2019,MANUAL,1.2,G,145.0,101.5,70.0,88000000.0
TOYOTA,CALYA,2019,MANUAL,1.2,G,145.0,101.5,70.0,96000000.0
TOYOTA,CALYA,2019,MANUAL,1.2,G,145.0,101.5,70.0,101500000.0
TOYOTA,CALYA,2019,MANUAL,1.2,G,145.0,101.5,70.0,96000000.0
TOYOTA,CALYA,2019,MANUAL,1.2,G,145.0,101.5,70.0,100000000.0
TOYOTA,CALYA,2019,MANUAL,1.2,G,145.0,101.5,70.0,85000000.0
TOYOTA,CALYA,2020,AUTOMATIC,1.2,G,164.0,109.0,66.46,104000000.0
TOYOTA,CALYA,2020,AUTOMATIC,1.2,G,164.0,109.0,66.46,112500000.0
TOYOTA,CALYA,2020,AUTOMATIC,1.2,G,164.0,109.0,66.46,96000000.0
TOYOTA,CALYA,2020,AUTOMATIC,1.2,G,164.0,109.0,66.46,97500000.0
TOYOTA,CALYA,2020,MANUAL,1.2,E,146.0,95.0,65.07,112000000.0
TOYOTA,CALYA,2020,MANUAL,1.2,E,146.0,95.0,65.07,102000000.0
TOYOTA,CALYA,2020,MANUAL,1.2,G,152.0,106.0,69.74,103500000.0
TOYOTA,CALYA,2020,MANUAL,1.2,G,152.0,106.0,69.74,104750000.0
TOYOTA,CALYA,2020,MANUAL,1.2,G,152.0,106.0,69.74,107500000.0
TOYOTA,CALYA,2020,MANUAL,1.2,G,152.0,106.0,69.74,100000000.0
TOYOTA,CALYA,2020,MANUAL,1.2,G,152.0,106.0,69.74,120500000.0
TOYOTA,CALYA,2020,MANUAL,1.2,G,152.0,106.0,69.74,96000000.0
TOYOTA,CALYA,2020,MANUAL,1.2,G,152.0,106.0,69.74,99000000.0
TOYOTA,CALYA,2020,MANUAL,1.2,G,152.0,106.0,69.74,93500000.0
TOYOTA,CALYA,2020,MANUAL,1.2,G,152.0,106.0,69.74,101500000.0
TOYOTA,CALYA,2021,AUTOMATIC,1.2,G,167.0,113.0,67.66,122500000.0
TOYOTA,CALYA,2021,AUTOMATIC,1.2,G,167.0,113.0,67.66,102500000.0
TOYOTA,CALYA,2021,AUTOMATIC,1.2,G,167.0,113.0,67.66,106000000.0
TOYOTA,CALYA,2021,AUTOMATIC,1.2,G,167.0,113.0,67.66,112500000.0
TOYOTA,CALYA,2021,AUTOMATIC,1.2,G,167.0,113.0,67.66,101500000.0
TOYOTA,CALYA,2021,AUTOMATIC,1.2,G,167.0,113.0,67.66,117500000.0
TOYOTA,CALYA,2021,MANUAL,1.2,E,149.0,100.0,67.11,106000000.0
TOYOTA,CALYA,2021,MANUAL,1.2,E,149.0,100.0,67.11,70000000.0
TOYOTA,CALYA,2021,MANUAL,1.2,E,149.0,100.0,67.11,100000000.0
TOYOTA,CALYA,2021,MANUAL,1.2,G,155.0,111.5,71.94,110000000.0
TOYOTA,CALYA,2021,MANUAL,1.2,G,155.0,111.5,71.94,112500000.0
TOYOTA,CALYA,2021,MANUAL,1.2,G,155.0,111.5,71.94,104500000.0
TOYOTA,CALYA,2021,MANUAL,1.2,G,155.0,111.5,71.94,108500000.0
TOYOTA,CALYA,2021,MANUAL,1.2,G,155.0,111.5,71.94,107000000.0
TOYOTA,CALYA,2021,MANUAL,1.2,G,155.0,111.5,71.94,98000000.0
TOYOTA,CALYA,2021,MANUAL,1.2,G,155.0,111.5,71.94,104000000.0
TOYOTA,CALYA,2021,MANUAL,1.2,G,155.0,111.5,71.94,115000000.0
TOYOTA,CALYA,2021,MANUAL,1.2,G,155.0,111.5,71.94,112500000.0
TOYOTA,CALYA,2021,MANUAL,1.2,G,155.0,111.5,71.94,110000000.0
TOYOTA,CALYA,2021,MANUAL,1.2,G,155.0,111.5,71.94,114500000.0
TOYOTA,CALYA,2021,MANUAL,1.2,G,155.0,111.5,71.94,115000000.0
TOYOTA,CALYA,2021,MANUAL,1.2,G,155.0,111.5,71.94,93000000.0
TOYOTA,CALYA,2022,AUTOMATIC,1.2,G,175.0,121.0,69.14,129250000.0
TOYOTA,CALYA,2022,AUTOMATIC,1.2,G,175.0,121.0,69.14,127750000.0
TOYOTA,CALYA,2022,AUTOMATIC,1.2,G,175.0,121.0,69.14,113250000.0
TOYOTA,CALYA,2022,AUTOMATIC,1.2,G,175.0,121.0,69.14,119000000.0
TOYOTA,CALYA,2022,AUTOMATIC,1.2,G,175.0,121.0,69.14,112500000.0
TOYOTA,CALYA,2022,AUTOMATIC,1.2,G,175.0,121.0,69.14,115000000.0
TOYOTA,CALYA,2022,AUTOMATIC,1.2,G,175.0,121.0,69.14,107000000.0
TOYOTA,CALYA,2022,MANUAL,0.0,G,,,,48500000.0
TOYOTA,CALYA,2022,MANUAL,1.2,E,154.0,103.0,66.88,98000000.0
TOYOTA,CALYA,2022,MANUAL,1.2,E,154.0,103.0,66.88,105000000.0
TOYOTA,CALYA,2022,MANUAL,1.2,G,161.0,117.0,72.67,114000000.0
TOYOTA,CALYA,2022,MANUAL,1.2,G,161.0,117.0,72.67,106000000.0
TOYOTA,CALYA,2022,MANUAL,1.2,G,161.0,117.0,72.67,126000000.0
TOYOTA,CALYA,2022,MANUAL,1.2,G,161.0,117.0,72.67,108250000.0
TOYOTA,CALYA,2022,MANUAL,1.2,G,161.0,117.0,72.67,119000000.0
TOYOTA,CALYA,2022,MANUAL,1.2,G,161.0,117.0,72.67,117500000.0
TOYOTA,CALYA,2022,MANUAL,1.2,G,161.0,117.0,72.67,122500000.0
TOYOTA,CALYA,2022,MANUAL,1.2,G,161.0,117.0,72.67,72750000.0
TOYOTA,CALYA,2022,MANUAL,1.2,G,161.0,117.0,72.67,115250000.0
TOYOTA,CALYA,2022,MANUAL,1.2,G,161.0,117.0,72.67,112000000.0
TOYOTA,CALYA,2022,MANUAL,1.2,G,161.0,117.0,72.67,112500000.0
TOYOTA,CALYA,2022,MANUAL,1.2,G,161.0,117.0,72.67,103500000.0
TOYOTA,CALYA,2023,AUTOMATIC,1.2,G,187.0,125.0,66.84,133000000.0
TOYOTA,CALYA,2023,AUTOMATIC,1.2,G,187.0,125.0,66.84,124500000.0
TOYOTA,CALYA,2023,AUTOMATIC,1.2,G,187.0,125.0,66.84,128250000.0
TOYOTA,CALYA,2023,AUTOMATIC,1.2,G,187.0,125.0,66.84,125000000.0
TOYOTA,CALYA,2023,AUTOMATIC,1.2,G,187.0,125.0,66.84,119500000.0
TOYOTA,CALYA,2023,AUTOMATIC,1.2,G,187.0,125.0,66.84,131500000.0
TOYOTA,CALYA,2023,AUTOMATIC,1.2,G,187.0,125.0,66.84,128750000.0
TOYOTA,CALYA,2023,AUTOMATIC,1.2,G,187.0,125.0,66.84,116000000.0
TOYOTA,CALYA,2023,MANUAL,1.2,E,167.0,105.0,62.87,120000000.0
TOYOTA,CALYA,2023,MANUAL,1.2,E,167.0,105.0,62.87,105500000.0
TOYOTA,CALYA,2023,MANUAL,1.2,G,173.0,121.0,69.94,113000000.0
TOYOTA,CALYA,2023,MANUAL,1.2,G,173.0,121.0,69.94,131750000.0
TOYOTA,CALYA,2023,MANUAL,1.2,G,173.0,121.0,69.94,128500000.0
TOYOTA,CALYA,2023,MANUAL,1.2,G,173.0,121.0,69.94,129000000.0
TOYOTA,CALYA,2023,MANUAL,1.2,G,173.0,121.0,69.94,104000000.0
TOYOTA,CALYA,2023,MANUAL,1.2,G,173.0,121.0,69.94,124500000.0
TOYOTA,CALYA,2023,MANUAL,1.2,G,173.0,121.0,69.94,112500000.0
TOYOTA,CALYA,2023,MANUAL,1.2,G,173.0,121.0,69.94,87000000.0
TOYOTA,CALYA,2023,MANUAL,1.2,G,173.0,121.0,69.94,110350000.0
TOYOTA,CALYA,2023,MANUAL,1.2,G,173.0,121.0,69.94,120500000.0
TOYOTA,CALYA,2023,MANUAL,1.2,G,173.0,121.0,69.94,115500000.0
TOYOTA,CALYA,2023,MANUAL,1.2,G,173.0,121.0,69.94,126500000.0
TOYOTA,CALYA,2024,AUTOMATIC,1.2,G,190.0,128.5,67.63,130000000.0
TOYOTA,CALYA,2024,AUTOMATIC,1.2,G,190.0,128.5,67.63,141250000.0
TOYOTA,CALYA,2024,AUTOMATIC,1.2,G,190.0,128.5,67.63,121500000.0
TOYOTA,CALYA,2024,AUTOMATIC,1.2,G,190.0,128.5,67.63,122000000.0
TOYOTA,CALYA,2024,AUTOMATIC,1.2,G,190.0,128.5,67.63,134000000.0
TOYOTA,CALYA,2024,AUTOMATIC,1.2,G,190.0,128.5,67.63,131000000.0
TOYOTA,CALYA,2024,AUTOMATIC,1.2,G,190.0,128.5,67.63,126000000.0
TOYOTA,CALYA,2024,AUTOMATIC,1.2,G,190.0,128.5,67.63,126000000.0
TOYOTA,CALYA,2024,AUTOMATIC,1.2,G,190.0,128.5,67.63,124000000.0
TOYOTA,CALYA,2024,AUTOMATIC,1.2,G,190.0,128.5,67.63,126750000.0
TOYOTA,CALYA,2024,MANUAL,1.2,E,170.0,113.0,66.47,115000000.0
TOYOTA,CALYA,2024,MANUAL,1.2,E,170.0,113.0,66.47,116250000.0
TOYOTA,CALYA,2024,MANUAL,1.2,E,170.0,113.0,66.47,108000000.0
TOYOTA,CALYA,2024,MANUAL,1.2,E,170.0,113.0,66.47,115000000.0
TOYOTA,CALYA,2024,MANUAL,1.2,E,170.0,113.0,66.47,107000000.0
TOYOTA,CALYA,2024,MANUAL,1.2,G,175.0,124.5,71.14,123000000.0
TOYOTA,CALYA,2024,MANUAL,1.2,G,175.0,124.5,71.14,123500000.0
TOYOTA,CALYA,2024,MANUAL,1.2,G,175.0,124.5,71.14,137500000.0
TOYOTA,CALYA,2024,MANUAL,1.2,G,175.0,124.5,71.14,128000000.0
TOYOTA,CALYA,2024,MANUAL,1.2,G,175.0,124.5,71.14,118000000.0
TOYOTA,CALYA,2024,MANUAL,1.2,G,175.0,124.5,71.14,148000000.0
TOYOTA,CALYA,2024,MANUAL,1.2,G,175.0,124.5,71.14,127500000.0
TOYOTA,CALYA,2024,MANUAL,1.2,G,175.0,124.5,71.14,123000000.0
TOYOTA,CALYA,2024,MANUAL,1.2,G,175.0,124.5,71.14,124500000.0
TOYOTA,CALYA,2024,MANUAL,1.2,G,175.0,124.5,71.14,135500000.0
TOYOTA,CALYA,2024,MANUAL,1.2,G,175.0,124.5,71.14,116500000.0
TOYOTA,CALYA,2024,MANUAL,1.2,G,175.0,124.5,71.14,132000000.0
TOYOTA,CALYA,2024,MANUAL,1.2,G,175.0,124.5,71.14,113500000.0
TOYOTA,CALYA,2025,AUTOMATIC,1.2,G,,,,143000000.0
TOYOTA,CALYA,2025,AUTOMATIC,1.2,G,,,,160500000.0
TOYOTA,CALYA,2025,AUTOMATIC,1.2,G,,,,147000000.0
TOYOTA,CALYA,2025,AUTOMATIC,1.2,G,,,,137000000.0
TOYOTA,CALYA,2025,AUTOMATIC,1.2,G,,,,135000000.0
TOYOTA,CALYA,2025,AUTOMATIC,1.2,G,,,,135000000.0
TOYOTA,CALYA,2025,MANUAL,1.2,E,,,,122500000.0
TOYOTA,CALYA,2025,MANUAL,1.2,G,,,,144500000.0
TOYOTA,CALYA,2025,MANUAL,1.2,G,,,,137500000.0
TOYOTA,CALYA,2025,MANUAL,1.2,G,,,,156500000.0
TOYOTA,CALYA,2025,MANUAL,1.2,G,,,,128000000.0
TOYOTA,CALYA,2025,MANUAL,1.2,G,,,,141500000.0
TOYOTA,CALYA,2025,MANUAL,1.2,G,,,,145250000.0
TOYOTA,CALYA,2025,MANUAL,1.2,G,,,,139500000.0
TOYOTA,CALYA,2025,MANUAL,1.2,G,,,,128500000.0
TOYOTA,CALYA,2026,AUTOMATIC,1.2,G,,,,156500000.0
TOYOTA,CAMRY,2007,AUTOMATIC,2.4,V,,,,60500000.0
TOYOTA,CAMRY,2008,AUTOMATIC,2.4,V,,,,65500000.0
TOYOTA,CAMRY,2009,AUTOMATIC,2.4,G,,,,58000000.0
TOYOTA,CAMRY,2009,AUTOMATIC,2.4,V,,,,56000000.0
TOYOTA,CAMRY,2009,AUTOMATIC,2.4,V,,,,76500000.0
TOYOTA,CAMRY,2010,AUTOMATIC,2.4,V,,,,84000000.0
TOYOTA,CAMRY,2012,AUTOMATIC,2.5,,,,,101000000.0
TOYOTA,CAMRY,2012,AUTOMATIC,2.5,,,,,119000000.0
TOYOTA,CAMRY,2012,AUTOMATIC,2.5,V,,,,120500000.0
TOYOTA,CAMRY,2012,AUTOMATIC,2.5,V,,,,103500000.0
TOYOTA,CAMRY,2013,AUTOMATIC,2.5,,,,,116000000.0
TOYOTA,CAMRY,2013,AUTOMATIC,2.5,G,,,,96500000.0
TOYOTA,CAMRY,2013,AUTOMATIC,2.5,V,,,,134000000.0
TOYOTA,CAMRY,2013,AUTOMATIC,2.5,V,,,,109750000.0
TOYOTA,CAMRY,2013,AUTOMATIC,2.5,V,,,,119000000.0
TOYOTA,CAMRY,2013,AUTOMATIC,2.5,V,,,,118000000.0
TOYOTA,CAMRY,2014,AUTOMATIC,2.5,V,,,,118500000.0
TOYOTA,CAMRY,2015,AUTOMATIC,2.5,V,,,,125000000.0
TOYOTA,CAMRY,2015,AUTOMATIC,2.5,V,,,,115000000.0
TOYOTA,CAMRY,2016,AUTOMATIC,2.5,,,,,156000000.0
TOYOTA,CAMRY,2016,AUTOMATIC,2.5,G,,,,145000000.0
TOYOTA,CAMRY,2016,AUTOMATIC,2.5,V,,,,147000000.0
TOYOTA,CAMRY,2017,AUTOMATIC,2.5,V,,,,153000000.0
TOYOTA,CAMRY,2018,AUTOMATIC,2.5,V,,,,170000000.0
TOYOTA,CAMRY,2018,AUTOMATIC,2.5,V,,,,168500000.0
TOYOTA,CAMRY,2019,AUTOMATIC,2.5,V,,,,231000000.0
TOYOTA,CAMRY,2019,AUTOMATIC,2.5,V,,,,211000000.0
TOYOTA,CAMRY,2020,AUTOMATIC,2.5,G,,,,200750000.0
TOYOTA,CAMRY,2020,AUTOMATIC,2.5,V,,,,237000000.0
TOYOTA,CAMRY,2020,AUTOMATIC,2.5,V,,,,233000000.0
TOYOTA,CAMRY,2020,AUTOMATIC,2.5,V,,,,243500000.0
TOYOTA,CAMRY,2020,AUTOMATIC,2.5,V,,,,262000000.0
TOYOTA,CAMRY,2020,AUTOMATIC,2.5,V,,,,230500000.0
TOYOTA,CAMRY,2021,AUTOMATIC,2.5,,,,,330500000.0
TOYOTA,CAMRY,2021,AUTOMATIC,2.5,G,,,,227500000.0
TOYOTA,CAMRY,2021,AUTOMATIC,2.5,V,,,,267000000.0
TOYOTA,CAMRY,2021,AUTOMATIC,2.5,V,,,,281500000.0
TOYOTA,CAMRY,2021,AUTOMATIC,2.5,V,,,,270500000.0
TOYOTA,CAMRY,2021,AUTOMATIC,2.5,V,,,,225000000.0
TOYOTA,CAMRY,2021,AUTOMATIC,2.5,V,,,,269250000.0
TOYOTA,CAMRY,2021,AUTOMATIC,2.5,V,,,,243333333.333333
TOYOTA,CAMRY,2021,AUTOMATIC,2.5,V,,,,249833333.333333
TOYOTA,CAMRY,2022,AUTOMATIC,2.5,,,,,365000000.0
TOYOTA,CAMRY,2022,AUTOMATIC,2.5,,,,,359000000.0
TOYOTA,CAMRY,2022,AUTOMATIC,2.5,V,,,,316000000.0
TOYOTA,CAMRY,2022,AUTOMATIC,2.5,V,,,,300000000.0
TOYOTA,CAMRY,2022,AUTOMATIC,2.5,V,,,,309000000.0
TOYOTA,CAMRY,2023,AUTOMATIC,2.5,,,,,420000000.0
TOYOTA,CAMRY,2023,AUTOMATIC,2.5,,,,,432000000.0
TOYOTA,CAMRY,2023,AUTOMATIC,2.5,V,,,,356500000.0
TOYOTA,CAMRY,2023,AUTOMATIC,2.5,V,,,,381000000.0
TOYOTA,CAMRY,2023,AUTOMATIC,2.5,V,,,,335000000.0
TOYOTA,COROLLA,2003,MANUAL,1.8,ALTIS G,,,,25000000.0
TOYOTA,COROLLA,2012,AUTOMATIC,2.0,ALTIS V,,,,105000000.0
TOYOTA,COROLLA,2014,AUTOMATIC,1.8,ALTIS V,,,,125000000.0
TOYOTA,COROLLA,2014,AUTOMATIC,1.8,ALTIS V,,,,83000000.0
TOYOTA,COROLLA,2015,AUTOMATIC,1.8,ALTIS V,,,,135500000.0
TOYOTA,COROLLA,2015,AUTOMATIC,1.8,ALTIS V,,,,103500000.0
TOYOTA,COROLLA,2017,AUTOMATIC,1.8,ALTIS V,,,,135000000.0
TOYOTA,COROLLA,2018,AUTOMATIC,1.8,ALTIS V,,,,152000000.0
TOYOTA,COROLLA,2020,AUTOMATIC,1.8,ALTIS,,,,239500000.0
TOYOTA,COROLLA,2020,AUTOMATIC,1.8,ALTIS,,,,226500000.0
TOYOTA,COROLLA,2020,AUTOMATIC,1.8,ALTIS V,,,,226500000.0
TOYOTA,COROLLA,2020,AUTOMATIC,1.8,ALTIS V,,,,167000000.0
TOYOTA,COROLLA,2020,AUTOMATIC,1.8,CROSS,,,,229500000.0
TOYOTA,COROLLA,2020,AUTOMATIC,1.8,CROSS,,,,217500000.0
TOYOTA,COROLLA,2021,AUTOMATIC,1.8,ALTIS V,,,,223500000.0
TOYOTA,COROLLA,2021,AUTOMATIC,1.8,ALTIS V,,,,195000000.0
TOYOTA,COROLLA,2021,AUTOMATIC,1.8,CROSS,,,,206500000.0
TOYOTA,COROLLA,2022,AUTOMATIC,1.8,ALTIS V,,,,226250000.0
TOYOTA,COROLLA,2023,AUTOMATIC,1.8,ALTIS V,,,,270000000.0
TOYOTA,COROLLA,2023,AUTOMATIC,1.8,CROSS,,,,245500000.0
TOYOTA,COROLLA,2023,AUTOMATIC,1.8,CROSS,,,,220000000.0
TOYOTA,COROLLA,2023,AUTOMATIC,1.8,CROSS,,,,248000000.0
TOYOTA,COROLLA,2023,AUTOMATIC,1.8,CROSS GR,,,,335500000.0
TOYOTA,DYNA,2012,MANUAL,4.0,110 FT,,,,55000000.0
TOYOTA,DYNA,2012,MANUAL,4.0,110ST LONG,,,,110000000.0
TOYOTA,DYNA,2012,MANUAL,4.0,130 HT,,,,46500000.0
TOYOTA,ETIOS,2013,MANUAL,1.2,G,,,,49000000.0
TOYOTA,ETIOS,2013,MANUAL,1.2,G,,,,66000000.0
TOYOTA,ETIOS,2014,MANUAL,1.2,G,,,,57750000.0
TOYOTA,ETIOS,2015,MANUAL,1.2,G,,,,77000000.0
TOYOTA,ETIOS,2015,MANUAL,1.2,J,,,,46000000.0
TOYOTA,FORTUNER,2005,AUTOMATIC,2.7,G,,,,99000000.0
TOYOTA,FORTUNER,2006,AUTOMATIC,2.7,G,,,,101000000.0
TOYOTA,FORTUNER,2007,AUTOMATIC,2.7,G,,,,108000000.0
TOYOTA,FORTUNER,2010,AUTOMATIC,2.5,G,,,,180500000.0
TOYOTA,FORTUNER,2012,AUTOMATIC,2.5,G,,,,208500000.0
TOYOTA,FORTUNER,2012,AUTOMATIC,2.7,G,,,,145500000.0
TOYOTA,FORTUNER,2012,AUTOMATIC,2.7,G,,,,122500000.0
TOYOTA,FORTUNER,2012,MANUAL,2.5,G,,,,162000000.0
TOYOTA,FORTUNER,2013,AUTOMATIC,2.5,G,,,,206000000.0
TOYOTA,FORTUNER,2013,AUTOMATIC,2.7,G,,,,156000000.0
TOYOTA,FORTUNER,2014,AUTOMATIC,2.5,G,,,,243000000.0
TOYOTA,FORTUNER,2014,AUTOMATIC,2.5,G,,,,207500000.0
TOYOTA,FORTUNER,2014,AUTOMATIC,2.5,G,,,,222500000.0
TOYOTA,FORTUNER,2014,AUTOMATIC,2.5,G,,,,191250000.0
TOYOTA,FORTUNER,2014,AUTOMATIC,2.5,G,,,,217500000.0
TOYOTA,FORTUNER,2015,AUTOMATIC,2.5,G,,,,226000000.0
TOYOTA,FORTUNER,2015,AUTOMATIC,2.7,G,,,,177500000.0
TOYOTA,FORTUNER,2015,AUTOMATIC,2.7,G,,,,183000000.0
TOYOTA,FORTUNER,2016,AUTOMATIC,2.4,VRZ,,,,300000000.0
TOYOTA,FORTUNER,2016,AUTOMATIC,2.4,VRZ,,,,243500000.0
TOYOTA,FORTUNER,2017,AUTOMATIC,2.4,4X2 G,485.0,258.0,53.2,
TOYOTA,FORTUNER,2017,AUTOMATIC,2.4,4X2 VRZ,516.0,293.0,56.78,
TOYOTA,FORTUNER,2017,AUTOMATIC,2.4,G,,,,307500000.0
TOYOTA,FORTUNER,2017,AUTOMATIC,2.4,G 4X4,,,,265500000.0
TOYOTA,FORTUNER,2017,AUTOMATIC,2.4,VRZ,,,,307000000.0
TOYOTA,FORTUNER,2017,AUTOMATIC,2.4,VRZ,,,,354500000.0
TOYOTA,FORTUNER,2017,AUTOMATIC,2.4,VRZ,,,,295500000.0
TOYOTA,FORTUNER,2017,AUTOMATIC,2.7,4X2 SRZ,541.0,281.0,51.94,
TOYOTA,FORTUNER,2017,AUTOMATIC,2.7,SRZ,,,,151500000.0
TOYOTA,FORTUNER,2017,MANUAL,2.4,4X2 G,467.0,245.0,52.46,
TOYOTA,FORTUNER,2018,AUTOMATIC,2.4,4X2 G,489.0,268.0,54.81,
TOYOTA,FORTUNER,2018,AUTOMATIC,2.4,4X2 VRZ,520.0,308.0,59.23,
TOYOTA,FORTUNER,2018,AUTOMATIC,2.4,G 4X4,,,,244000000.0
TOYOTA,FORTUNER,2018,AUTOMATIC,2.4,VRZ,,,,345000000.0
TOYOTA,FORTUNER,2018,AUTOMATIC,2.4,VRZ,,,,272000000.0
TOYOTA,FORTUNER,2018,AUTOMATIC,2.4,VRZ,,,,185000000.0
TOYOTA,FORTUNER,2018,AUTOMATIC,2.7,4X2 SRZ,545.0,291.0,53.39,
TOYOTA,FORTUNER,2018,MANUAL,2.4,4X2 G,471.0,255.0,54.14,
TOYOTA,FORTUNER,2019,AUTOMATIC,2.4,4X2 G,494.0,283.0,57.29,
TOYOTA,FORTUNER,2019,AUTOMATIC,2.4,4X2 VRZ,524.0,318.0,60.69,
TOYOTA,FORTUNER,2019,AUTOMATIC,2.4,VRZ,,,,351000000.0
TOYOTA,FORTUNER,2019,AUTOMATIC,2.4,VRZ,,,,351000000.0
TOYOTA,FORTUNER,2019,AUTOMATIC,2.4,VRZ,,,,349500000.0
TOYOTA,FORTUNER,2019,AUTOMATIC,2.4,VRZ,,,,330000000.0
TOYOTA,FORTUNER,2019,AUTOMATIC,2.7,4X2 SRZ,550.0,301.0,54.73,
TOYOTA,FORTUNER,2019,AUTOMATIC,2.7,SRZ,,,,315500000.0
TOYOTA,FORTUNER,2019,AUTOMATIC,2.7,SRZ,,,,278000000.0
TOYOTA,FORTUNER,2019,MANUAL,2.4,4X2 G,476.0,265.0,55.67,
TOYOTA,FORTUNER,2020,AUTOMATIC,2.4,4X2 G,508.0,293.0,57.68,
TOYOTA,FORTUNER,2020,AUTOMATIC,2.4,4X2 VRZ,538.0,339.5,63.1,
TOYOTA,FORTUNER,2020,AUTOMATIC,2.4,G 4X4,,,,248250000.0
TOYOTA,FORTUNER,2020,AUTOMATIC,2.4,VRZ,,,,368250000.0
TOYOTA,FORTUNER,2020,AUTOMATIC,2.4,VRZ,,,,383500000.0
TOYOTA,FORTUNER,2020,AUTOMATIC,2.4,VRZ,,,,350000000.0
TOYOTA,FORTUNER,2020,AUTOMATIC,2.4,VRZ,,,,365500000.0
TOYOTA,FORTUNER,2020,AUTOMATIC,2.4,VRZ,,,,312000000.0
TOYOTA,FORTUNER,2020,AUTOMATIC,2.4,VRZ,,,,312000000.0
TOYOTA,FORTUNER,2020,AUTOMATIC,2.4,VRZ,,,,346500000.0
TOYOTA,FORTUNER,2020,AUTOMATIC,2.4,VRZ,,,,345000000.0
TOYOTA,FORTUNER,2020,AUTOMATIC,2.7,4X2 SRZ,564.0,309.0,54.79,
TOYOTA,FORTUNER,2020,MANUAL,2.4,4X2 G,490.0,275.0,56.12,
TOYOTA,FORTUNER,2021,AUTOMATIC,2.4,4X2 G,530.0,313.0,59.06,
TOYOTA,FORTUNER,2021,AUTOMATIC,2.4,4X2 VRZ,543.0,358.0,65.93,
TOYOTA,FORTUNER,2021,AUTOMATIC,2.4,G,,,,371000000.0
TOYOTA,FORTUNER,2021,AUTOMATIC,2.4,G,,,,359000000.0
TOYOTA,FORTUNER,2021,AUTOMATIC,2.4,G,,,,308000000.0
TOYOTA,FORTUNER,2021,AUTOMATIC,2.4,G 4X4,,,,325000000.0
TOYOTA,FORTUNER,2021,AUTOMATIC,2.4,VRZ,,,,356000000.0
TOYOTA,FORTUNER,2021,AUTOMATIC,2.4,VRZ,,,,356500000.0
TOYOTA,FORTUNER,2021,AUTOMATIC,2.4,VRZ,,,,380500000.0
TOYOTA,FORTUNER,2021,AUTOMATIC,2.4,VRZ,,,,383500000.0
TOYOTA,FORTUNER,2021,AUTOMATIC,2.4,VRZ,,,,350000000.0
TOYOTA,FORTUNER,2021,AUTOMATIC,2.4,VRZ,,,,379000000.0
TOYOTA,FORTUNER,2021,AUTOMATIC,2.4,VRZ,,,,372000000.0
TOYOTA,FORTUNER,2021,AUTOMATIC,2.4,VRZ,,,,343500000.0
TOYOTA,FORTUNER,2021,AUTOMATIC,2.4,VRZ,,,,355000000.0
TOYOTA,FORTUNER,2021,AUTOMATIC,2.4,VRZ,,,,343000000.0
TOYOTA,FORTUNER,2021,AUTOMATIC,2.4,VRZ 4X4,,,,439000000.0
TOYOTA,FORTUNER,2021,AUTOMATIC,2.7,4X2 SRZ,574.0,335.5,58.45,
TOYOTA,FORTUNER,2021,MANUAL,2.4,4X2 G,512.0,295.0,57.62,
TOYOTA,FORTUNER,2022,AUTOMATIC,2.4,4X2 G,563.0,328.5,58.35,
TOYOTA,FORTUNER,2022,AUTOMATIC,2.4,4X2 VRZ,545.0,372.5,68.35,
TOYOTA,FORTUNER,2022,AUTOMATIC,2.4,G,,,,322500000.0
TOYOTA,FORTUNER,2022,AUTOMATIC,2.4,G,,,,329000000.0
TOYOTA,FORTUNER,2022,AUTOMATIC,2.4,VRZ,,,,388000000.0
TOYOTA,FORTUNER,2022,AUTOMATIC,2.7,4X2 SRZ,584.0,361.0,61.82,
TOYOTA,FORTUNER,2022,AUTOMATIC,2.8,4X2 GR,620.0,408.5,65.89,
TOYOTA,FORTUNER,2022,AUTOMATIC,2.8,4X2 VRZ,602.0,390.5,64.87,
TOYOTA,FORTUNER,2022,AUTOMATIC,2.8,GR SPORT,,,,400500000.0
TOYOTA,FORTUNER,2022,AUTOMATIC,2.8,GR SPORT,,,,401000000.0
TOYOTA,FORTUNER,2022,AUTOMATIC,2.8,GR SPORT 4X4,,,,449500000.0
TOYOTA,FORTUNER,2022,AUTOMATIC,2.8,VRZ,,,,420850000.0
TOYOTA,FORTUNER,2022,AUTOMATIC,2.8,VRZ,,,,443000000.0
TOYOTA,FORTUNER,2022,AUTOMATIC,2.8,VRZ,,,,429200000.0
TOYOTA,FORTUNER,2022,AUTOMATIC,2.8,VRZ,,,,379000000.0
TOYOTA,FORTUNER,2022,AUTOMATIC,2.8,VRZ,,,,363250000.0
TOYOTA,FORTUNER,2022,AUTOMATIC,2.8,VRZ,,,,410500000.0
TOYOTA,FORTUNER,2022,AUTOMATIC,2.8,VRZ,,,,390500000.0
TOYOTA,FORTUNER,2022,AUTOMATIC,2.8,VRZ,,,,391500000.0
TOYOTA,FORTUNER,2022,AUTOMATIC,2.8,VRZ,,,,379000000.0
TOYOTA,FORTUNER,2022,AUTOMATIC,2.8,VRZ 4X4,,,,442500000.0
TOYOTA,FORTUNER,2022,AUTOMATIC,2.8,VRZ 4X4,,,,395375000.0
TOYOTA,FORTUNER,2022,AUTOMATIC,2.8,VRZ 4X4,,,,405333333.333333
TOYOTA,FORTUNER,2022,AUTOMATIC,2.8,VRZ 4X4,,,,399000000.0
TOYOTA,FORTUNER,2022,MANUAL,2.4,4X2 G,542.0,315.0,58.12,
TOYOTA,FORTUNER,2023,AUTOMATIC,2.4,4X2 G,568.0,347.5,61.18,
TOYOTA,FORTUNER,2023,AUTOMATIC,2.7,4X2 SRZ,600.0,384.5,64.08,
TOYOTA,FORTUNER,2023,AUTOMATIC,2.8,4X2 GR,636.0,427.5,67.22,
TOYOTA,FORTUNER,2023,AUTOMATIC,2.8,4X2 VRZ,617.0,397.0,64.34,
TOYOTA,FORTUNER,2023,AUTOMATIC,2.8,GR SPORT,,,,388000000.0
TOYOTA,FORTUNER,2023,AUTOMATIC,2.8,VRZ,,,,446000000.0
TOYOTA,FORTUNER,2023,AUTOMATIC,2.8,VRZ,,,,428500000.0
TOYOTA,FORTUNER,2023,AUTOMATIC,2.8,VRZ,,,,390000000.0
TOYOTA,FORTUNER,2023,AUTOMATIC,2.8,VRZ,,,,390000000.0
TOYOTA,FORTUNER,2023,AUTOMATIC,2.8,VRZ,,,,446000000.0
TOYOTA,FORTUNER,2023,MANUAL,2.4,4X2 G,550.0,330.0,60.0,
TOYOTA,FORTUNER,2024,AUTOMATIC,2.4,4X2 G,581.0,357.5,61.53,
TOYOTA,FORTUNER,2024,AUTOMATIC,2.7,4X2 SRZ,604.0,394.5,65.31,
TOYOTA,FORTUNER,2024,AUTOMATIC,2.8,4X2 GR,640.0,483.0,75.47,
TOYOTA,FORTUNER,2024,AUTOMATIC,2.8,4X2 VRZ,621.0,436.5,70.29,
TOYOTA,FORTUNER,2024,AUTOMATIC,2.8,GR SPORT,,,,498000000.0
TOYOTA,FORTUNER,2024,AUTOMATIC,2.8,VRZ,,,,406500000.0
TOYOTA,FORTUNER,2024,AUTOMATIC,2.8,VRZ,,,,478000000.0
TOYOTA,FORTUNER,2024,AUTOMATIC,2.8,VRZ,,,,417500000.0
TOYOTA,FORTUNER,2024,MANUAL,2.4,4X2 G,564.0,345.0,61.17,
TOYOTA,FORTUNER,2025,AUTOMATIC,2.8,VRZ,,,,561000000.0
TOYOTA,FORTUNER,2025,AUTOMATIC,2.8,VRZ,,,,370000000.0
TOYOTA,HARRIER,2004,AUTOMATIC,2.4,,,,,85000000.0
TOYOTA,HARRIER,2004,AUTOMATIC,2.4,,,,,68500000.0
TOYOTA,HARRIER,2008,AUTOMATIC,2.4,,,,,89000000.0
TOYOTA,HARRIER,2008,AUTOMATIC,2.4,,,,,56000000.0
TOYOTA,HARRIER,2010,AUTOMATIC,2.4,,,,,60000000.0
TOYOTA,HARRIER,2011,AUTOMATIC,2.4,,,,,96500000.0
TOYOTA,HARRIER,2014,AUTOMATIC,2.0,,,,,182000000.0
TOYOTA,HARRIER,2015,AUTOMATIC,2.0,,,,,196000000.0
TOYOTA,HARRIER,2015,AUTOMATIC,2.0,,,,,221000000.0
TOYOTA,HIACE,2014,MANUAL,2.5,COMMUTER,,,,180000000.0
TOYOTA,HIACE,2014,MANUAL,2.5,COMMUTER,,,,162000000.0
TOYOTA,HIACE,2015,MANUAL,2.5,COMMUTER,,,,200000000.0
TOYOTA,HIACE,2015,MANUAL,2.5,COMMUTER,,,,230000000.0
TOYOTA,HIACE,2016,MANUAL,2.5,COMMUTER,,,,115000000.0
TOYOTA,HIACE,2017,MANUAL,2.5,COMMUTER,,,,271500000.0
TOYOTA,HIACE,2018,MANUAL,2.5,COMMUTER,,,,202000000.0
TOYOTA,HIACE,2018,MANUAL,2.5,COMMUTER,,,,292500000.0
TOYOTA,HIACE,2019,MANUAL,2.5,COMMUTER,,,,331500000.0
TOYOTA,HIACE,2020,MANUAL,2.5,COMMUTER,,,,313000000.0
TOYOTA,HIACE,2021,MANUAL,2.5,COMMUTER,,,,356500000.0
TOYOTA,HIACE,2023,MANUAL,3.0,COMMUTER,,,,375000000.0
TOYOTA,HIACE,2023,MANUAL,3.0,COMMUTER,,,,422000000.0
TOYOTA,HIACE,2024,MANUAL,3.0,COMMUTER,,,,390000000.0
TOYOTA,HIACE,2024,MANUAL,3.0,COMMUTER,,,,425166666.666667
TOYOTA,HIACE,2025,MANUAL,2.8,PREMIO,,,,552000000.0
TOYOTA,HILUX,2009,MANUAL,2.0,SC,,,,73000000.0
TOYOTA,HILUX,2017,MANUAL,2.4,DC G,,,,242000000.0
TOYOTA,HILUX,2018,MANUAL,2.5,SC,,,,91000000.0
TOYOTA,HILUX,2019,MANUAL,2.0,PU,,,,153500000.0
TOYOTA,HILUX,2019,MANUAL,2.4,DC G 4X4,,,,288000000.0
TOYOTA,HILUX,2019,MANUAL,2.4,DC G 4X4,,,,262500000.0
TOYOTA,HILUX,2019,MANUAL,2.4,SC,,,,162750000.0
TOYOTA,HILUX,2019,MANUAL,2.4,SC,,,,247000000.0
TOYOTA,HILUX,2019,MANUAL,2.5,PU BOX,,,,138000000.0
TOYOTA,HILUX,2019,MANUAL,2.5,SC,,,,175500000.0
TOYOTA,HILUX,2020,MANUAL,2.0,PU,,,,154250000.0
TOYOTA,HILUX,2020,MANUAL,2.0,PU,,,,185500000.0
TOYOTA,HILUX,2020,MANUAL,2.4,DC G 4X4,,,,169500000.0
TOYOTA,HILUX,2020,MANUAL,2.4,E DC 4X4,,,,246000000.0
TOYOTA,HILUX,2020,MANUAL,2.4,E DC 4X4,,,,256500000.0
TOYOTA,HILUX,2020,MANUAL,2.4,E DC 4X4,,,,247250000.0
TOYOTA,HILUX,2020,MANUAL,2.4,SC,,,,151000000.0
TOYOTA,HILUX,2020,MANUAL,2.4,SC,,,,150000000.0
TOYOTA,HILUX,2021,AUTOMATIC,2.4,DC V 4X4,,,,330000000.0
TOYOTA,HILUX,2021,MANUAL,2.0,PU,,,,167500000.0
TOYOTA,HILUX,2021,MANUAL,2.0,PU,,,,163000000.0
TOYOTA,HILUX,2021,MANUAL,2.0,PU,,,,188750000.0
TOYOTA,HILUX,2021,MANUAL,2.0,PU,,,,133000000.0
TOYOTA,HILUX,2021,MANUAL,2.0,PU,,,,145000000.0
TOYOTA,HILUX,2021,MANUAL,2.0,PU,,,,159000000.0
TOYOTA,HILUX,2021,MANUAL,2.0,PU,,,,128200000.0
TOYOTA,HILUX,2021,MANUAL,2.0,SC,,,,183500000.0
TOYOTA,HILUX,2021,MANUAL,2.0,SC,,,,135000000.0
TOYOTA,HILUX,2021,MANUAL,2.4,DC G,,,,295500000.0
TOYOTA,HILUX,2021,MANUAL,2.4,DC G,,,,275000000.0
TOYOTA,HILUX,2021,MANUAL,2.4,DC G,,,,260000000.0
TOYOTA,HILUX,2021,MANUAL,2.4,DC G,,,,263000000.0
TOYOTA,HILUX,2021,MANUAL,2.4,DC G,,,,297500000.0
TOYOTA,HILUX,2021,MANUAL,2.4,DC G 4X4,,,,310000000.0
TOYOTA,HILUX,2021,MANUAL,2.4,DC G 4X4,,,,276200000.0
TOYOTA,HILUX,2021,MANUAL,2.4,DC G 4X4,,,,238000000.0
TOYOTA,HILUX,2021,MANUAL,2.4,E DC 4X4,,,,204500000.0
TOYOTA,HILUX,2021,MANUAL,2.4,SC,,,,190500000.0
TOYOTA,HILUX,2021,MANUAL,2.4,SC 4X4,,,,200000000.0
TOYOTA,HILUX,2022,AUTOMATIC,2.4,DC V,,,,377500000.0
TOYOTA,HILUX,2022,MANUAL,2.0,PU,,,,171000000.0
TOYOTA,HILUX,2022,MANUAL,2.0,PU,,,,163500000.0
TOYOTA,HILUX,2022,MANUAL,2.0,PU,,,,150000000.0
TOYOTA,HILUX,2022,MANUAL,2.4,DC E,,,,240000000.0
TOYOTA,HILUX,2022,MANUAL,2.4,DC G,,,,288000000.0
TOYOTA,HILUX,2022,MANUAL,2.4,DC G,,,,342000000.0
TOYOTA,HILUX,2022,MANUAL,2.4,DC G,,,,290000000.0
TOYOTA,HILUX,2022,MANUAL,2.4,DC G 4X4,,,,293500000.0
TOYOTA,HILUX,2022,MANUAL,2.4,DC G 4X4,,,,339500000.0
TOYOTA,HILUX,2022,MANUAL,2.4,DC G 4X4,,,,309500000.0
TOYOTA,HILUX,2022,MANUAL,2.4,DC G 4X4,,,,292750000.0
TOYOTA,HILUX,2022,MANUAL,2.4,E DC 4X4,,,,273500000.0
TOYOTA,HILUX,2022,MANUAL,2.4,E DC 4X4,,,,220000000.0
TOYOTA,HILUX,2022,MANUAL,2.4,E DC 4X4,,,,184000000.0
TOYOTA,HILUX,2022,MANUAL,2.4,E DC 4X4,,,,238000000.0
TOYOTA,HILUX,2022,MANUAL,2.4,E DC 4X4,,,,215000000.0
TOYOTA,HILUX,2022,MANUAL,2.4,E DC 4X4,,,,260000000.0
TOYOTA,HILUX,2022,MANUAL,2.4,SC,,,,171000000.0
TOYOTA,HILUX,2022,MANUAL,2.4,SC 4X4,,,,273000000.0
TOYOTA,HILUX,2023,MANUAL,2.4,DC G,,,,286500000.0
TOYOTA,HILUX,2023,MANUAL,2.4,DC G,,,,265500000.0
TOYOTA,HILUX,2023,MANUAL,2.4,E DC 4X4,,,,275000000.0
TOYOTA,HILUX,2023,MANUAL,2.4,E DC 4X4,,,,240000000.0
TOYOTA,HILUX,2024,MANUAL,2.0,RANGGA PU STD,,,,192000000.0
TOYOTA,HILUX,2024,MANUAL,2.4,SC,,,,175500000.0
TOYOTA,HILUX,2025,AUTOMATIC,2.4,DC V,,,,421000000.0
TOYOTA,HILUX,2025,AUTOMATIC,2.4,DC V,,,,451000000.0
TOYOTA,HILUX,2025,MANUAL,2.0,PU,,,,168000000.0
TOYOTA,INNOVA,2005,MANUAL,2.0,G,,,,75500000.0
TOYOTA,INNOVA,2006,AUTOMATIC,2.0,V,,,,70000000.0
TOYOTA,INNOVA,2006,MANUAL,2.0,G,,,,80500000.0
TOYOTA,INNOVA,2006,MANUAL,2.0,G,,,,39500000.0
TOYOTA,INNOVA,2006,MANUAL,2.0,V,,,,76000000.0
TOYOTA,INNOVA,2007,AUTOMATIC,2.0,G,,,,89000000.0
TOYOTA,INNOVA,2007,MANUAL,2.0,G,,,,30000000.0
TOYOTA,INNOVA,2008,MANUAL,2.0,E,,,,84000000.0
TOYOTA,INNOVA,2008,MANUAL,2.0,E,,,,60000000.0
TOYOTA,INNOVA,2008,MANUAL,2.0,G,,,,35000000.0
TOYOTA,INNOVA,2008,MANUAL,2.0,G LUXURY,,,,45500000.0
TOYOTA,INNOVA,2009,MANUAL,2.0,E,,,,85000000.0
TOYOTA,INNOVA,2009,MANUAL,2.0,G,,,,91000000.0
TOYOTA,INNOVA,2009,MANUAL,2.0,V,,,,50000000.0
TOYOTA,INNOVA,2010,AUTOMATIC,2.0,V,,,,64000000.0
TOYOTA,INNOVA,2010,AUTOMATIC,2.0,V,,,,102000000.0
TOYOTA,INNOVA,2010,MANUAL,2.0,E,,,,56000000.0
TOYOTA,INNOVA,2010,MANUAL,2.0,G,,,,117000000.0
TOYOTA,INNOVA,2010,MANUAL,2.5,E,,,,148000000.0
TOYOTA,INNOVA,2011,AUTOMATIC,2.0,E,,,,77000000.0
TOYOTA,INNOVA,2011,AUTOMATIC,2.0,G,,,,113500000.0
TOYOTA,INNOVA,2011,AUTOMATIC,2.0,G,,,,115000000.0
TOYOTA,INNOVA,2011,AUTOMATIC,2.0,G,,,,87500000.0
TOYOTA,INNOVA,2011,MANUAL,2.0,G,,,,115000000.0
TOYOTA,INNOVA,2012,AUTOMATIC,2.0,G,,,,118000000.0
TOYOTA,INNOVA,2012,AUTOMATIC,2.0,V,,,,128000000.0
TOYOTA,INNOVA,2012,AUTOMATIC,2.0,V,,,,140500000.0
TOYOTA,INNOVA,2012,AUTOMATIC,2.5,G,,,,160000000.0
TOYOTA,INNOVA,2012,MANUAL,2.0,G,,,,124000000.0
TOYOTA,INNOVA,2012,MANUAL,2.0,G,,,,123000000.0
TOYOTA,INNOVA,2012,MANUAL,2.0,G,,,,130000000.0
TOYOTA,INNOVA,2012,MANUAL,2.0,G,,,,122000000.0
TOYOTA,INNOVA,2012,MANUAL,2.0,V,,,,66500000.0
TOYOTA,INNOVA,2012,MANUAL,2.5,V,,,,158000000.0
TOYOTA,INNOVA,2013,AUTOMATIC,2.0,G,,,,128000000.0
TOYOTA,INNOVA,2013,AUTOMATIC,2.5,V,,,,192000000.0
TOYOTA,INNOVA,2013,MANUAL,2.0,E,,,,136000000.0
TOYOTA,INNOVA,2013,MANUAL,2.0,G,,,,148500000.0
TOYOTA,INNOVA,2013,MANUAL,2.0,G,,,,140500000.0
TOYOTA,INNOVA,2014,AUTOMATIC,2.0,G,,,,122000000.0
TOYOTA,INNOVA,2014,AUTOMATIC,2.0,G,,,,123500000.0
TOYOTA,INNOVA,2014,AUTOMATIC,2.0,V,,,,154500000.0
TOYOTA,INNOVA,2014,AUTOMATIC,2.0,V,,,,142000000.0
TOYOTA,INNOVA,2014,AUTOMATIC,2.5,G,,,,175500000.0
TOYOTA,INNOVA,2014,MANUAL,1.2,G,,,,122000000.0
TOYOTA,INNOVA,2014,MANUAL,2.0,E,,,,123000000.0
TOYOTA,INNOVA,2014,MANUAL,2.0,G,,,,109000000.0
TOYOTA,INNOVA,2014,MANUAL,2.0,G,,,,147500000.0
TOYOTA,INNOVA,2014,MANUAL,2.0,V,,,,140000000.0
TOYOTA,INNOVA,2014,MANUAL,2.5,G,,,,165000000.0
TOYOTA,INNOVA,2015,AUTOMATIC,2.0,G,,,,150000000.0
TOYOTA,INNOVA,2015,AUTOMATIC,2.0,V,,,,153000000.0
TOYOTA,INNOVA,2015,AUTOMATIC,2.0,V,,,,160000000.0
TOYOTA,INNOVA,2015,AUTOMATIC,2.4,V,,,,285000000.0
TOYOTA,INNOVA,2015,AUTOMATIC,2.5,V,,,,175000000.0
TOYOTA,INNOVA,2015,MANUAL,2.0,G,,,,171000000.0
TOYOTA,INNOVA,2015,MANUAL,2.0,G LUXURY,,,,142000000.0
TOYOTA,INNOVA,2015,MANUAL,2.0,V,,,,129000000.0
TOYOTA,INNOVA,2015,MANUAL,2.5,G,,,,201500000.0
TOYOTA,INNOVA,2016,AUTOMATIC,2.0,G,,,,188000000.0
TOYOTA,INNOVA,2016,AUTOMATIC,2.0,G,,,,181500000.0
TOYOTA,INNOVA,2016,AUTOMATIC,2.0,G,,,,185500000.0
TOYOTA,INNOVA,2016,AUTOMATIC,2.0,G,,,,175000000.0
TOYOTA,INNOVA,2016,AUTOMATIC,2.0,Q,,,,219000000.0
TOYOTA,INNOVA,2016,AUTOMATIC,2.0,Q,,,,210000000.0
TOYOTA,INNOVA,2016,AUTOMATIC,2.0,V,,,,185500000.0
TOYOTA,INNOVA,2016,AUTOMATIC,2.0,V,,,,191000000.0
TOYOTA,INNOVA,2016,AUTOMATIC,2.0,V,,,,203000000.0
TOYOTA,INNOVA,2016,AUTOMATIC,2.4,G,,,,265000000.0
TOYOTA,INNOVA,2016,AUTOMATIC,2.4,Q,,,,303500000.0
TOYOTA,INNOVA,2016,AUTOMATIC,2.4,V,,,,266000000.0
TOYOTA,INNOVA,2016,MANUAL,2.0,G,,,,206500000.0
TOYOTA,INNOVA,2016,MANUAL,2.0,G,,,,180000000.0
TOYOTA,INNOVA,2016,MANUAL,2.0,G,,,,183000000.0
TOYOTA,INNOVA,2016,MANUAL,2.0,V,,,,211000000.0
TOYOTA,INNOVA,2016,MANUAL,2.4,G,,,,216000000.0
TOYOTA,INNOVA,2017,AUTOMATIC,2.0,G,,,,162000000.0
TOYOTA,INNOVA,2017,AUTOMATIC,2.0,KIJULG G,315.0,203.5,64.6,
TOYOTA,INNOVA,2017,AUTOMATIC,2.0,KIJULG Q,396.0,248.0,62.63,
TOYOTA,INNOVA,2017,AUTOMATIC,2.0,Q,,,,205500000.0
TOYOTA,INNOVA,2017,AUTOMATIC,2.4,KIJULG G,346.0,233.5,67.49,
TOYOTA,INNOVA,2017,AUTOMATIC,2.4,KIJULG Q,435.0,311.5,71.61,
TOYOTA,INNOVA,2017,AUTOMATIC,2.4,V,,,,292500000.0
TOYOTA,INNOVA,2017,AUTOMATIC,2.4,V,,,,250500000.0
TOYOTA,INNOVA,2017,MANUAL,2.0,G,,,,199000000.0
TOYOTA,INNOVA,2017,MANUAL,2.0,G,,,,144000000.0
TOYOTA,INNOVA,2017,MANUAL,2.0,KIJULG G,294.0,196.0,66.67,
TOYOTA,INNOVA,2017,MANUAL,2.0,KIJULG Q,376.0,235.0,62.5,
TOYOTA,INNOVA,2017,MANUAL,2.4,KIJULG G,324.0,218.5,67.44,
TOYOTA,INNOVA,2017,MANUAL,2.4,KIJULG Q,414.0,296.5,71.62,
TOYOTA,INNOVA,2018,AUTOMATIC,2.0,G,,,,208000000.0
TOYOTA,INNOVA,2018,AUTOMATIC,2.0,G,,,,213750000.0
TOYOTA,INNOVA,2018,AUTOMATIC,2.0,G,,,,205000000.0
TOYOTA,INNOVA,2018,AUTOMATIC,2.0,G,,,,202000000.0
TOYOTA,INNOVA,2018,AUTOMATIC,2.0,G,,,,202000000.0
TOYOTA,INNOVA,2018,AUTOMATIC,2.0,KIJULG G,325.0,211.5,65.08,
TOYOTA,INNOVA,2018,AUTOMATIC,2.0,KIJULG Q,415.0,263.0,63.37,
TOYOTA,INNOVA,2018,AUTOMATIC,2.0,V,,,,212500000.0
TOYOTA,INNOVA,2018,AUTOMATIC,2.4,G,,,,241500000.0
TOYOTA,INNOVA,2018,AUTOMATIC,2.4,G,,,,265000000.0
TOYOTA,INNOVA,2018,AUTOMATIC,2.4,G,,,,256000000.0
TOYOTA,INNOVA,2018,AUTOMATIC,2.4,G,,,,253850000.0
TOYOTA,INNOVA,2018,AUTOMATIC,2.4,G,,,,252350000.0
TOYOTA,INNOVA,2018,AUTOMATIC,2.4,G,,,,256500000.0
TOYOTA,INNOVA,2018,AUTOMATIC,2.4,KIJULG G,356.0,243.0,68.26,
TOYOTA,INNOVA,2018,AUTOMATIC,2.4,KIJULG Q,454.0,326.5,71.92,
TOYOTA,INNOVA,2018,AUTOMATIC,2.4,V,,,,270000000.0
TOYOTA,INNOVA,2018,AUTOMATIC,2.4,V,,,,290000000.0
TOYOTA,INNOVA,2018,AUTOMATIC,2.4,VENTURER,,,,355500000.0
TOYOTA,INNOVA,2018,AUTOMATIC,2.4,VENTURER,,,,291000000.0
TOYOTA,INNOVA,2018,MANUAL,2.0,G,,,,187500000.0
TOYOTA,INNOVA,2018,MANUAL,2.0,G,,,,185000000.0
TOYOTA,INNOVA,2018,MANUAL,2.0,G,,,,197000000.0
TOYOTA,INNOVA,2018,MANUAL,2.0,KIJULG G,305.0,201.0,65.9,
TOYOTA,INNOVA,2018,MANUAL,2.0,KIJULG Q,394.0,250.0,63.45,
TOYOTA,INNOVA,2018,MANUAL,2.0,V,,,,231500000.0
TOYOTA,INNOVA,2018,MANUAL,2.0,V,,,,229000000.0
TOYOTA,INNOVA,2018,MANUAL,2.4,G,,,,263000000.0
TOYOTA,INNOVA,2018,MANUAL,2.4,G,,,,243000000.0
TOYOTA,INNOVA,2018,MANUAL,2.4,G,,,,242500000.0
TOYOTA,INNOVA,2018,MANUAL,2.4,KIJULG G,335.0,226.5,67.61,
TOYOTA,INNOVA,2018,MANUAL,2.4,KIJULG Q,432.0,311.0,71.99,
TOYOTA,INNOVA,2018,MANUAL,2.4,V,,,,263000000.0
TOYOTA,INNOVA,2019,AUTOMATIC,2.0,G,,,,220000000.0
TOYOTA,INNOVA,2019,AUTOMATIC,2.0,G,,,,217500000.0
TOYOTA,INNOVA,2019,AUTOMATIC,2.0,G,,,,217000000.0
TOYOTA,INNOVA,2019,AUTOMATIC,2.0,G,,,,217000000.0
TOYOTA,INNOVA,2019,AUTOMATIC,2.0,G,,,,192000000.0
TOYOTA,INNOVA,2019,AUTOMATIC,2.0,G,,,,222000000.0
TOYOTA,INNOVA,2019,AUTOMATIC,2.0,G,,,,189000000.0
TOYOTA,INNOVA,2019,AUTOMATIC,2.0,G,,,,217000000.0
TOYOTA,INNOVA,2019,AUTOMATIC,2.0,KIJULG G,332.0,220.5,66.42,
TOYOTA,INNOVA,2019,AUTOMATIC,2.0,KIJULG Q,428.0,267.0,62.38,
TOYOTA,INNOVA,2019,AUTOMATIC,2.0,Q,,,,232000000.0
TOYOTA,INNOVA,2019,AUTOMATIC,2.0,V,,,,252500000.0
TOYOTA,INNOVA,2019,AUTOMATIC,2.0,V,,,,242000000.0
TOYOTA,INNOVA,2019,AUTOMATIC,2.0,V,,,,223000000.0
TOYOTA,INNOVA,2019,AUTOMATIC,2.0,V,,,,251500000.0
TOYOTA,INNOVA,2019,AUTOMATIC,2.0,VENTURER,,,,267000000.0
TOYOTA,INNOVA,2019,AUTOMATIC,2.4,G,,,,280500000.0
TOYOTA,INNOVA,2019,AUTOMATIC,2.4,G,,,,290500000.0
TOYOTA,INNOVA,2019,AUTOMATIC,2.4,G,,,,239000000.0
TOYOTA,INNOVA,2019,AUTOMATIC,2.4,KIJULG G,363.0,257.5,70.94,
TOYOTA,INNOVA,2019,AUTOMATIC,2.4,KIJULG Q,467.0,339.5,72.7,
TOYOTA,INNOVA,2019,AUTOMATIC,2.4,V,,,,308000000.0
TOYOTA,INNOVA,2019,AUTOMATIC,2.4,VENTURER,,,,347500000.0
TOYOTA,INNOVA,2019,MANUAL,2.0,G,,,,224500000.0
TOYOTA,INNOVA,2019,MANUAL,2.0,G,,,,220500000.0
TOYOTA,INNOVA,2019,MANUAL,2.0,G,,,,190000000.0
TOYOTA,INNOVA,2019,MANUAL,2.0,G,,,,165000000.0
TOYOTA,INNOVA,2019,MANUAL,2.0,KIJULG G,312.0,215.5,69.07,
TOYOTA,INNOVA,2019,MANUAL,2.0,KIJULG Q,407.0,258.0,63.39,
TOYOTA,INNOVA,2019,MANUAL,2.0,V,,,,207000000.0
TOYOTA,INNOVA,2019,MANUAL,2.4,G,,,,265500000.0
TOYOTA,INNOVA,2019,MANUAL,2.4,G,,,,250000000.0
TOYOTA,INNOVA,2019,MANUAL,2.4,G,,,,275500000.0
TOYOTA,INNOVA,2019,MANUAL,2.4,KIJULG G,342.0,232.5,67.98,
TOYOTA,INNOVA,2019,MANUAL,2.4,KIJULG Q,445.0,326.0,73.26,
TOYOTA,INNOVA,2019,MANUAL,2.4,V,,,,269000000.0
TOYOTA,INNOVA,2020,AUTOMATIC,2.0,G,,,,239850000.0
TOYOTA,INNOVA,2020,AUTOMATIC,2.0,G,,,,242200000.0
TOYOTA,INNOVA,2020,AUTOMATIC,2.0,G,,,,214250000.0
TOYOTA,INNOVA,2020,AUTOMATIC,2.0,G,,,,233500000.0
TOYOTA,INNOVA,2020,AUTOMATIC,2.0,G,,,,217500000.0
TOYOTA,INNOVA,2020,AUTOMATIC,2.0,G,,,,222500000.0
TOYOTA,INNOVA,2020,AUTOMATIC,2.0,G,,,,219850000.0
TOYOTA,INNOVA,2020,AUTOMATIC,2.0,G,,,,235000000.0
TOYOTA,INNOVA,2020,AUTOMATIC,2.0,KIJULG G,344.0,235.0,68.31,
TOYOTA,INNOVA,2020,AUTOMATIC,2.0,KIJULG Q,441.0,280.0,63.49,
TOYOTA,INNOVA,2020,AUTOMATIC,2.0,V,,,,265250000.0
TOYOTA,INNOVA,2020,AUTOMATIC,2.0,V,,,,247500000.0
TOYOTA,INNOVA,2020,AUTOMATIC,2.0,V,,,,250500000.0
TOYOTA,INNOVA,2020,AUTOMATIC,2.0,V,,,,215500000.0
TOYOTA,INNOVA,2020,AUTOMATIC,2.0,V,,,,242000000.0
TOYOTA,INNOVA,2020,AUTOMATIC,2.0,V,,,,248750000.0
TOYOTA,INNOVA,2020,AUTOMATIC,2.0,V,,,,245250000.0
TOYOTA,INNOVA,2020,AUTOMATIC,2.0,VENTURER,,,,266500000.0
TOYOTA,INNOVA,2020,AUTOMATIC,2.4,G,,,,313000000.0
TOYOTA,INNOVA,2020,AUTOMATIC,2.4,G,,,,285000000.0
TOYOTA,INNOVA,2020,AUTOMATIC,2.4,G,,,,279000000.0
TOYOTA,INNOVA,2020,AUTOMATIC,2.4,G,,,,274000000.0
TOYOTA,INNOVA,2020,AUTOMATIC,2.4,G,,,,273250000.0
TOYOTA,INNOVA,2020,AUTOMATIC,2.4,G,,,,280500000.0
TOYOTA,INNOVA,2020,AUTOMATIC,2.4,KIJULG G,375.0,275.0,73.33,
TOYOTA,INNOVA,2020,AUTOMATIC,2.4,KIJULG Q,480.0,346.5,72.19,
TOYOTA,INNOVA,2020,AUTOMATIC,2.4,V,,,,308500000.0
TOYOTA,INNOVA,2020,MANUAL,2.0,G,,,,229000000.0
TOYOTA,INNOVA,2020,MANUAL,2.0,G,,,,224950000.0
TOYOTA,INNOVA,2020,MANUAL,2.0,G,,,,219500000.0
TOYOTA,INNOVA,2020,MANUAL,2.0,G,,,,252000000.0
TOYOTA,INNOVA,2020,MANUAL,2.0,G,,,,248500000.0
TOYOTA,INNOVA,2020,MANUAL,2.0,G,,,,221000000.0
TOYOTA,INNOVA,2020,MANUAL,2.0,KIJULG G,323.0,227.0,70.28,
TOYOTA,INNOVA,2020,MANUAL,2.0,KIJULG Q,421.0,265.0,62.95,
TOYOTA,INNOVA,2020,MANUAL,2.0,V,,,,245000000.0
TOYOTA,INNOVA,2020,MANUAL,2.0,V,,,,235500000.0
TOYOTA,INNOVA,2020,MANUAL,2.4,G,,,,269500000.0
TOYOTA,INNOVA,2020,MANUAL,2.4,G,,,,278000000.0
TOYOTA,INNOVA,2020,MANUAL,2.4,G,,,,286500000.0
TOYOTA,INNOVA,2020,MANUAL,2.4,G,,,,253500000.0
TOYOTA,INNOVA,2020,MANUAL,2.4,G,,,,249500000.0
TOYOTA,INNOVA,2020,MANUAL,2.4,G,,,,210000000.0
TOYOTA,INNOVA,2020,MANUAL,2.4,KIJULG G,353.0,239.0,67.71,
TOYOTA,INNOVA,2020,MANUAL,2.4,KIJULG Q,458.0,331.5,72.38,
TOYOTA,INNOVA,2021,AUTOMATIC,2.0,G,,,,251500000.0
TOYOTA,INNOVA,2021,AUTOMATIC,2.0,G,,,,249850000.0
TOYOTA,INNOVA,2021,AUTOMATIC,2.0,G,,,,258000000.0
TOYOTA,INNOVA,2021,AUTOMATIC,2.0,G,,,,241500000.0
TOYOTA,INNOVA,2021,AUTOMATIC,2.0,G,,,,247750000.0
TOYOTA,INNOVA,2021,AUTOMATIC,2.0,G,,,,241400000.0
TOYOTA,INNOVA,2021,AUTOMATIC,2.0,G,,,,238750000.0
TOYOTA,INNOVA,2021,AUTOMATIC,2.0,G,,,,243800000.0
TOYOTA,INNOVA,2021,AUTOMATIC,2.0,G,,,,222000000.0
TOYOTA,INNOVA,2021,AUTOMATIC,2.0,G,,,,243750000.0
TOYOTA,INNOVA,2021,AUTOMATIC,2.0,G,,,,235000000.0
TOYOTA,INNOVA,2021,AUTOMATIC,2.0,KIJULG G,362.0,244.5,67.54,
TOYOTA,INNOVA,2021,AUTOMATIC,2.0,KIJULG Q,460.0,290.0,63.04,
TOYOTA,INNOVA,2021,AUTOMATIC,2.0,V,,,,273750000.0
TOYOTA,INNOVA,2021,AUTOMATIC,2.0,V,,,,276000000.0
TOYOTA,INNOVA,2021,AUTOMATIC,2.0,V,,,,272000000.0
TOYOTA,INNOVA,2021,AUTOMATIC,2.0,V,,,,263000000.0
TOYOTA,INNOVA,2021,AUTOMATIC,2.0,V,,,,263000000.0
TOYOTA,INNOVA,2021,AUTOMATIC,2.0,V,,,,260000000.0
TOYOTA,INNOVA,2021,AUTOMATIC,2.0,V,,,,270500000.0
TOYOTA,INNOVA,2021,AUTOMATIC,2.0,V,,,,266500000.0
TOYOTA,INNOVA,2021,AUTOMATIC,2.0,VENTURER,,,,293500000.0
TOYOTA,INNOVA,2021,AUTOMATIC,2.4,G,,,,318500000.0
TOYOTA,INNOVA,2021,AUTOMATIC,2.4,G,,,,304000000.0
TOYOTA,INNOVA,2021,AUTOMATIC,2.4,G,,,,307000000.0
TOYOTA,INNOVA,2021,AUTOMATIC,2.4,G,,,,299000000.0
TOYOTA,INNOVA,2021,AUTOMATIC,2.4,G,,,,280000000.0
TOYOTA,INNOVA,2021,AUTOMATIC,2.4,G,,,,298000000.0
TOYOTA,INNOVA,2021,AUTOMATIC,2.4,G,,,,285000000.0
TOYOTA,INNOVA,2021,AUTOMATIC,2.4,G,,,,284000000.0
TOYOTA,INNOVA,2021,AUTOMATIC,2.4,KIJULG G,395.0,286.5,72.53,
TOYOTA,INNOVA,2021,AUTOMATIC,2.4,KIJULG Q,500.0,353.5,70.7,
TOYOTA,INNOVA,2021,AUTOMATIC,2.4,V,,,,357500000.0
TOYOTA,INNOVA,2021,AUTOMATIC,2.4,V,,,,359500000.0
TOYOTA,INNOVA,2021,AUTOMATIC,2.4,V,,,,316000000.0
TOYOTA,INNOVA,2021,AUTOMATIC,2.4,V,,,,305500000.0
TOYOTA,INNOVA,2021,AUTOMATIC,2.4,V,,,,328250000.0
TOYOTA,INNOVA,2021,AUTOMATIC,2.4,V,,,,290000000.0
TOYOTA,INNOVA,2021,AUTOMATIC,2.4,V,,,,304000000.0
TOYOTA,INNOVA,2021,AUTOMATIC,2.4,VENTURER,,,,387750000.0
TOYOTA,INNOVA,2021,AUTOMATIC,2.4,VENTURER,,,,395500000.0
TOYOTA,INNOVA,2021,AUTOMATIC,2.4,VENTURER,,,,422000000.0
TOYOTA,INNOVA,2021,AUTOMATIC,2.4,VENTURER,,,,401500000.0
TOYOTA,INNOVA,2021,AUTOMATIC,2.4,VENTURER,,,,380000000.0
TOYOTA,INNOVA,2021,AUTOMATIC,2.4,VENTURER,,,,359500000.0
TOYOTA,INNOVA,2021,AUTOMATIC,2.4,VENTURER,,,,371500000.0
TOYOTA,INNOVA,2021,AUTOMATIC,2.4,VENTURER,,,,345000000.0
TOYOTA,INNOVA,2021,MANUAL,1.2,V,,,,254000000.0
TOYOTA,INNOVA,2021,MANUAL,1.2,V,,,,266000000.0
TOYOTA,INNOVA,2021,MANUAL,2.0,G,,,,240000000.0
TOYOTA,INNOVA,2021,MANUAL,2.0,G,,,,247500000.0
TOYOTA,INNOVA,2021,MANUAL,2.0,G,,,,242150000.0
TOYOTA,INNOVA,2021,MANUAL,2.0,G,,,,243000000.0
TOYOTA,INNOVA,2021,MANUAL,2.0,G,,,,225000000.0
TOYOTA,INNOVA,2021,MANUAL,2.0,G,,,,246000000.0
TOYOTA,INNOVA,2021,MANUAL,2.0,G,,,,230000000.0
TOYOTA,INNOVA,2021,MANUAL,2.0,G,,,,189000000.0
TOYOTA,INNOVA,2021,MANUAL,2.0,G,,,,240500000.0
TOYOTA,INNOVA,2021,MANUAL,2.0,G,,,,245250000.0
TOYOTA,INNOVA,2021,MANUAL,2.0,G,,,,195000000.0
TOYOTA,INNOVA,2021,MANUAL,2.0,KIJULG G,342.0,247.0,72.22,
TOYOTA,INNOVA,2021,MANUAL,2.0,KIJULG Q,440.0,273.0,62.05,
TOYOTA,INNOVA,2021,MANUAL,2.0,V,,,,241500000.0
TOYOTA,INNOVA,2021,MANUAL,2.0,V,,,,263000000.0
TOYOTA,INNOVA,2021,MANUAL,2.0,V,,,,240000000.0
TOYOTA,INNOVA,2021,MANUAL,2.0,VENTURER,,,,299500000.0
TOYOTA,INNOVA,2021,MANUAL,2.4,G,,,,313000000.0
TOYOTA,INNOVA,2021,MANUAL,2.4,G,,,,292000000.0
TOYOTA,INNOVA,2021,MANUAL,2.4,G,,,,290500000.0
TOYOTA,INNOVA,2021,MANUAL,2.4,G,,,,290250000.0
TOYOTA,INNOVA,2021,MANUAL,2.4,G,,,,279500000.0
TOYOTA,INNOVA,2021,MANUAL,2.4,G,,,,277000000.0
TOYOTA,INNOVA,2021,MANUAL,2.4,G,,,,253000000.0
TOYOTA,INNOVA,2021,MANUAL,2.4,G,,,,260666666.666667
TOYOTA,INNOVA,2021,MANUAL,2.4,G,,,,262500000.0
TOYOTA,INNOVA,2021,MANUAL,2.4,KIJULG G,374.0,243.5,65.11,
TOYOTA,INNOVA,2021,MANUAL,2.4,KIJULG Q,479.0,341.0,71.19,
TOYOTA,INNOVA,2022,AUTOMATIC,2.0,G,,,,240000000.0
TOYOTA,INNOVA,2022,AUTOMATIC,2.0,G,,,,261000000.0
TOYOTA,INNOVA,2022,AUTOMATIC,2.0,G,,,,250000000.0
TOYOTA,INNOVA,2022,AUTOMATIC,2.0,G,,,,254850000.0
TOYOTA,INNOVA,2022,AUTOMATIC,2.0,G,,,,240500000.0
TOYOTA,INNOVA,2022,AUTOMATIC,2.0,G,,,,252300000.0
TOYOTA,INNOVA,2022,AUTOMATIC,2.0,G,,,,235000000.0
TOYOTA,INNOVA,2022,AUTOMATIC,2.0,G,,,,252750000.0
TOYOTA,INNOVA,2022,AUTOMATIC,2.0,KIJULG G,380.0,252.0,66.32,
TOYOTA,INNOVA,2022,AUTOMATIC,2.0,KIJULG Q,494.0,298.5,60.43,
TOYOTA,INNOVA,2022,AUTOMATIC,2.0,V,,,,270000000.0
TOYOTA,INNOVA,2022,AUTOMATIC,2.0,V,,,,280000000.0
TOYOTA,INNOVA,2022,AUTOMATIC,2.0,V,,,,276250000.0
TOYOTA,INNOVA,2022,AUTOMATIC,2.0,V,,,,279000000.0
TOYOTA,INNOVA,2022,AUTOMATIC,2.0,V,,,,270500000.0
TOYOTA,INNOVA,2022,AUTOMATIC,2.0,V,,,,264375000.0
TOYOTA,INNOVA,2022,AUTOMATIC,2.0,V,,,,273000000.0
TOYOTA,INNOVA,2022,AUTOMATIC,2.0,VENTURER,,,,311000000.0
TOYOTA,INNOVA,2022,AUTOMATIC,2.0,VENTURER,,,,309500000.0
TOYOTA,INNOVA,2022,AUTOMATIC,2.0,VENTURER,,,,312000000.0
TOYOTA,INNOVA,2022,AUTOMATIC,2.0,VENTURER,,,,304000000.0
TOYOTA,INNOVA,2022,AUTOMATIC,2.0,ZENIX G,,,,297000000.0
TOYOTA,INNOVA,2022,AUTOMATIC,2.0,ZENIX G,,,,285000000.0
TOYOTA,INNOVA,2022,AUTOMATIC,2.0,ZENIX Q,409.0,285.0,69.68,402000000.0
TOYOTA,INNOVA,2022,AUTOMATIC,2.0,ZENIX Q,611.0,415.5,68.0,402000000.0
TOYOTA,INNOVA,2022,AUTOMATIC,2.0,ZENIX V,457.0,308.5,67.51,330000000.0
TOYOTA,INNOVA,2022,AUTOMATIC,2.0,ZENIX V,532.0,358.0,67.29,330000000.0
TOYOTA,INNOVA,2022,AUTOMATIC,2.4,G,,,,333500000.0
TOYOTA,INNOVA,2022,AUTOMATIC,2.4,G,,,,324750000.0
TOYOTA,INNOVA,2022,AUTOMATIC,2.4,G,,,,286000000.0
TOYOTA,INNOVA,2022,AUTOMATIC,2.4,G,,,,279000000.0
TOYOTA,INNOVA,2022,AUTOMATIC,2.4,G,,,,302500000.0
TOYOTA,INNOVA,2022,AUTOMATIC,2.4,KIJULG G,418.0,292.0,69.86,
TOYOTA,INNOVA,2022,AUTOMATIC,2.4,KIJULG Q,527.0,360.5,68.41,
TOYOTA,INNOVA,2022,AUTOMATIC,2.4,V,,,,361000000.0
TOYOTA,INNOVA,2022,AUTOMATIC,2.4,V,,,,292000000.0
TOYOTA,INNOVA,2022,AUTOMATIC,2.4,VENTURER,,,,338000000.0
TOYOTA,INNOVA,2022,AUTOMATIC,2.4,VENTURER,,,,395500000.0
TOYOTA,INNOVA,2022,MANUAL,2.0,G,,,,246500000.0
TOYOTA,INNOVA,2022,MANUAL,2.0,G,,,,243200000.0
TOYOTA,INNOVA,2022,MANUAL,2.0,G,,,,254500000.0
TOYOTA,INNOVA,2022,MANUAL,2.0,G,,,,255500000.0
TOYOTA,INNOVA,2022,MANUAL,2.0,G,,,,246500000.0
TOYOTA,INNOVA,2022,MANUAL,2.0,G,,,,254000000.0
TOYOTA,INNOVA,2022,MANUAL,2.0,G,,,,249500000.0
TOYOTA,INNOVA,2022,MANUAL,2.0,G,,,,225000000.0
TOYOTA,INNOVA,2022,MANUAL,2.0,G,,,,251875000.0
TOYOTA,INNOVA,2022,MANUAL,2.0,G,,,,259666666.666667
TOYOTA,INNOVA,2022,MANUAL,2.0,G,,,,253000000.0
TOYOTA,INNOVA,2022,MANUAL,2.0,KIJULG G,360.0,258.0,71.67,
TOYOTA,INNOVA,2022,MANUAL,2.0,KIJULG Q,469.0,282.5,60.23,
TOYOTA,INNOVA,2022,MANUAL,2.4,G,,,,293500000.0
TOYOTA,INNOVA,2022,MANUAL,2.4,G,,,,242000000.0
TOYOTA,INNOVA,2022,MANUAL,2.4,G,,,,277350000.0
TOYOTA,INNOVA,2022,MANUAL,2.4,G,,,,274000000.0
TOYOTA,INNOVA,2022,MANUAL,2.4,G,,,,275500000.0
TOYOTA,INNOVA,2022,MANUAL,2.4,KIJULG G,397.0,256.5,64.61,
TOYOTA,INNOVA,2022,MANUAL,2.4,KIJULG Q,495.0,348.5,70.4,
TOYOTA,INNOVA,2023,AUTOMATIC,2.0,ZENIX G,,,,295500000.0
TOYOTA,INNOVA,2023,AUTOMATIC,2.0,ZENIX G,,,,331500000.0
TOYOTA,INNOVA,2023,AUTOMATIC,2.0,ZENIX G,,,,295000000.0
TOYOTA,INNOVA,2023,AUTOMATIC,2.0,ZENIX G,,,,300000000.0
TOYOTA,INNOVA,2023,AUTOMATIC,2.0,ZENIX G,,,,173500000.0
TOYOTA,INNOVA,2023,AUTOMATIC,2.0,ZENIX G,,,,285000000.0
TOYOTA,INNOVA,2023,AUTOMATIC,2.0,ZENIX G,,,,314000000.0
TOYOTA,INNOVA,2023,AUTOMATIC,2.0,ZENIX Q,419.0,294.0,70.17,468000000.0
TOYOTA,INNOVA,2023,AUTOMATIC,2.0,ZENIX Q,621.0,433.0,69.73,468000000.0
TOYOTA,INNOVA,2023,AUTOMATIC,2.0,ZENIX Q MODELISTA,,,,433500000.0
TOYOTA,INNOVA,2023,AUTOMATIC,2.0,ZENIX Q MODELLISTA,,,,426500000.0
TOYOTA,INNOVA,2023,AUTOMATIC,2.0,ZENIX V,467.0,326.5,69.91,405000000.0
TOYOTA,INNOVA,2023,AUTOMATIC,2.0,ZENIX V,467.0,326.5,69.91,315500000.0
TOYOTA,INNOVA,2023,AUTOMATIC,2.0,ZENIX V,542.0,385.0,71.03,405000000.0
TOYOTA,INNOVA,2023,AUTOMATIC,2.0,ZENIX V,542.0,385.0,71.03,315500000.0
TOYOTA,INNOVA,2023,AUTOMATIC,2.0,ZENIX V MODELLISTA,,,,385500000.0
TOYOTA,INNOVA,2023,AUTOMATIC,2.0,ZENIX V MODELLISTA,,,,331500000.0
TOYOTA,INNOVA,2023,AUTOMATIC,2.0,ZENIX V MODELLISTA,,,,318500000.0
TOYOTA,INNOVA,2023,AUTOMATIC,2.4,G,,,,315500000.0
TOYOTA,INNOVA,2023,AUTOMATIC,2.4,G,,,,314500000.0
TOYOTA,INNOVA,2023,AUTOMATIC,2.4,KIJULG G,420.0,308.5,73.45,
TOYOTA,INNOVA,2023,MANUAL,2.0,KIJULG G,379.0,275.0,72.56,
TOYOTA,INNOVA,2023,MANUAL,2.4,G,,,,284000000.0
TOYOTA,INNOVA,2023,MANUAL,2.4,KIJULG G,400.0,267.5,66.88,
TOYOTA,INNOVA,2024,AUTOMATIC,2.0,ZENIX G,,,,363000000.0
TOYOTA,INNOVA,2024,AUTOMATIC,2.0,ZENIX G,,,,263000000.0
TOYOTA,INNOVA,2024,AUTOMATIC,2.0,ZENIX G,,,,305500000.0
TOYOTA,INNOVA,2024,AUTOMATIC,2.0,ZENIX G,,,,346000000.0
TOYOTA,INNOVA,2024,AUTOMATIC,2.0,ZENIX G,,,,312000000.0
TOYOTA,INNOVA,2024,AUTOMATIC,2.0,ZENIX G,,,,296000000.0
TOYOTA,INNOVA,2024,AUTOMATIC,2.0,ZENIX G,,,,339500000.0
TOYOTA,INNOVA,2024,AUTOMATIC,2.0,ZENIX G,,,,295500000.0
TOYOTA,INNOVA,2024,AUTOMATIC,2.0,ZENIX G,,,,318500000.0
TOYOTA,INNOVA,2024,AUTOMATIC,2.0,ZENIX G,,,,294500000.0
TOYOTA,INNOVA,2024,AUTOMATIC,2.0,ZENIX Q,430.0,305.5,71.05,438500000.0
TOYOTA,INNOVA,2024,AUTOMATIC,2.0,ZENIX Q,630.0,456.0,72.38,438500000.0
TOYOTA,INNOVA,2024,AUTOMATIC,2.0,ZENIX Q MODELISTA,,,,411000000.0
TOYOTA,INNOVA,2024,AUTOMATIC,2.0,ZENIX Q MODELLISTA,,,,459000000.0
TOYOTA,INNOVA,2024,AUTOMATIC,2.0,ZENIX Q MODELLISTA,,,,444500000.0
TOYOTA,INNOVA,2024,AUTOMATIC,2.0,ZENIX V,476.0,332.5,69.85,422000000.0
TOYOTA,INNOVA,2024,AUTOMATIC,2.0,ZENIX V,476.0,332.5,69.85,385000000.0
TOYOTA,INNOVA,2024,AUTOMATIC,2.0,ZENIX V,551.0,400.0,72.6,422000000.0
TOYOTA,INNOVA,2024,AUTOMATIC,2.0,ZENIX V,551.0,400.0,72.6,385000000.0
TOYOTA,INNOVA,2024,AUTOMATIC,2.0,ZENIX V MODELLISTA,,,,351000000.0
TOYOTA,INNOVA,2024,AUTOMATIC,2.0,ZENIX V MODELLISTA,,,,334000000.0
TOYOTA,INNOVA,2024,AUTOMATIC,2.0,ZENIX V MODELLISTA,,,,350000000.0
TOYOTA,INNOVA,2024,AUTOMATIC,2.0,ZENIX V MODELLISTA,,,,353500000.0
TOYOTA,INNOVA,2024,AUTOMATIC,2.0,ZENIX V MODELLISTA,,,,346500000.0
TOYOTA,INNOVA,2024,AUTOMATIC,2.4,G,,,,365000000.0
TOYOTA,INNOVA,2024,AUTOMATIC,2.4,G,,,,355000000.0
TOYOTA,INNOVA,2024,AUTOMATIC,2.4,G,,,,371500000.0
TOYOTA,INNOVA,2024,AUTOMATIC,2.4,G,,,,335500000.0
TOYOTA,INNOVA,2024,AUTOMATIC,2.4,G,,,,321000000.0
TOYOTA,INNOVA,2024,AUTOMATIC,2.4,G,,,,313500000.0
TOYOTA,INNOVA,2024,AUTOMATIC,2.4,KIJULG G,426.0,319.5,75.0,
TOYOTA,INNOVA,2024,MANUAL,2.0,KIJULG G,384.0,286.5,74.61,
TOYOTA,INNOVA,2024,MANUAL,2.4,G,,,,316000000.0
TOYOTA,INNOVA,2024,MANUAL,2.4,G,,,,315500000.0
TOYOTA,INNOVA,2024,MANUAL,2.4,KIJULG G,406.0,287.5,70.81,
TOYOTA,INNOVA,2025,AUTOMATIC,2.0,ZENIX G,,,,370500000.0
TOYOTA,INNOVA,2025,AUTOMATIC,2.0,ZENIX G,,,,352000000.0
TOYOTA,INNOVA,2025,AUTOMATIC,2.0,ZENIX G,,,,293500000.0
TOYOTA,INNOVA,2025,AUTOMATIC,2.0,ZENIX G,,,,359000000.0
TOYOTA,INNOVA,2025,AUTOMATIC,2.0,ZENIX Q MODELISTA,,,,429000000.0
TOYOTA,INNOVA,2025,AUTOMATIC,2.0,ZENIX V MODELLISTA,,,,381500000.0
TOYOTA,INNOVA,2025,AUTOMATIC,2.0,ZENIX V MODELLISTA,,,,413500000.0
TOYOTA,INNOVA,2025,AUTOMATIC,2.4,G,,,,337500000.0
TOYOTA,INNOVA,2025,AUTOMATIC,2.4,G,,,,336000000.0
TOYOTA,INNOVA,2025,AUTOMATIC,2.4,G,,,,331000000.0
TOYOTA,INNOVA,2025,AUTOMATIC,2.4,G,,,,336000000.0
TOYOTA,INNOVA,2025,AUTOMATIC,2.4,G,,,,341500000.0
TOYOTA,INNOVA,2025,AUTOMATIC,2.4,G,,,,345000000.0
TOYOTA,INNOVA,2025,MANUAL,2.4,G,,,,310500000.0
TOYOTA,INNOVA,2025,MANUAL,2.4,G,,,,300000000.0
TOYOTA,INNOVA,2025,MANUAL,2.4,G,,,,235000000.0
TOYOTA,INNOVA,2025,MANUAL,2.4,G,,,,310000000.0
TOYOTA,INNOVA,2025,MANUAL,2.4,G,,,,306000000.0
TOYOTA,LAND CRUISER,2018,AUTOMATIC,4.5,VX,,,,1176500000.0
TOYOTA,NAV 1,2013,AUTOMATIC,2.0,G,,,,122000000.0
TOYOTA,NAV 1,2013,AUTOMATIC,2.0,V,,,,80500000.0
TOYOTA,PRADO,2011,AUTOMATIC,2.7,,,,,319000000.0
TOYOTA,PRADO,2018,AUTOMATIC,2.7,,,,,397000000.0
TOYOTA,PRIUS,2007,AUTOMATIC,1.5,,,,,82500000.0
TOYOTA,RAIZE,2021,AUTOMATIC,1.0,,,,,155500000.0
TOYOTA,RAIZE,2021,AUTOMATIC,1.0,G,233.0,175.0,75.11,166250000.0
TOYOTA,RAIZE,2021,AUTOMATIC,1.0,GR SPORT,,,,177000000.0
TOYOTA,RAIZE,2021,AUTOMATIC,1.0,GR SPORT TSS,,,,180500000.0
TOYOTA,RAIZE,2021,AUTOMATIC,1.0,GR SPORT TSS,,,,186000000.0
TOYOTA,RAIZE,2021,AUTOMATIC,1.0,GR SPORT TSS,,,,183000000.0
TOYOTA,RAIZE,2021,AUTOMATIC,1.0,GR SPORT TSS,,,,187000000.0
TOYOTA,RAIZE,2021,AUTOMATIC,1.0,GR SPORT TSS,,,,172000000.0
TOYOTA,RAIZE,2021,AUTOMATIC,1.0,GR SPORT TSS,,,,180500000.0
TOYOTA,RAIZE,2021,AUTOMATIC,1.2,G,215.0,150.0,69.77,148000000.0
TOYOTA,RAIZE,2021,MANUAL,1.0,G,219.0,165.0,75.34,
TOYOTA,RAIZE,2021,MANUAL,1.2,G,202.0,140.0,69.31,
TOYOTA,RAIZE,2022,AUTOMATIC,1.0,G,266.0,183.0,68.8,173000000.0
TOYOTA,RAIZE,2022,AUTOMATIC,1.0,GR SPORT,,,,169000000.0
TOYOTA,RAIZE,2022,AUTOMATIC,1.0,GR SPORT,,,,183500000.0
TOYOTA,RAIZE,2022,AUTOMATIC,1.0,GR SPORT,,,,172500000.0
TOYOTA,RAIZE,2022,AUTOMATIC,1.0,GR SPORT,,,,181500000.0
TOYOTA,RAIZE,2022,AUTOMATIC,1.0,GR SPORT,,,,187500000.0
TOYOTA,RAIZE,2022,AUTOMATIC,1.0,GR SPORT TSS,,,,193500000.0
TOYOTA,RAIZE,2022,AUTOMATIC,1.0,GR SPORT TSS,,,,175500000.0
TOYOTA,RAIZE,2022,AUTOMATIC,1.0,GR SPORT TSS,,,,182500000.0
TOYOTA,RAIZE,2022,AUTOMATIC,1.0,GR SPORT TSS,,,,187000000.0
TOYOTA,RAIZE,2022,AUTOMATIC,1.0,GR SPORT TSS,,,,167000000.0
TOYOTA,RAIZE,2022,AUTOMATIC,1.2,G,241.0,154.0,63.9,161500000.0
TOYOTA,RAIZE,2022,AUTOMATIC,1.2,G,241.0,154.0,63.9,165000000.0
TOYOTA,RAIZE,2022,AUTOMATIC,1.2,G,241.0,154.0,63.9,156000000.0
TOYOTA,RAIZE,2022,AUTOMATIC,1.2,G,241.0,154.0,63.9,171000000.0
TOYOTA,RAIZE,2022,AUTOMATIC,1.2,G,241.0,154.0,63.9,164500000.0
TOYOTA,RAIZE,2022,AUTOMATIC,1.2,G,241.0,154.0,63.9,174000000.0
TOYOTA,RAIZE,2022,AUTOMATIC,1.2,G,241.0,154.0,63.9,158000000.0
TOYOTA,RAIZE,2022,MANUAL,1.0,G,251.0,173.0,68.92,
TOYOTA,RAIZE,2022,MANUAL,1.2,G,228.0,145.0,63.6,161000000.0
TOYOTA,RAIZE,2023,AUTOMATIC,1.0,G,269.0,190.0,70.63,186500000.0
TOYOTA,RAIZE,2023,AUTOMATIC,1.0,GR SPORT,,,,191000000.0
TOYOTA,RAIZE,2023,AUTOMATIC,1.0,GR SPORT,,,,185500000.0
TOYOTA,RAIZE,2023,AUTOMATIC,1.0,GR SPORT,,,,192500000.0
TOYOTA,RAIZE,2023,AUTOMATIC,1.2,G,247.0,165.0,66.8,171000000.0
TOYOTA,RAIZE,2023,AUTOMATIC,1.2,G,247.0,165.0,66.8,186000000.0
TOYOTA,RAIZE,2023,AUTOMATIC,1.2,G,247.0,165.0,66.8,177500000.0
TOYOTA,RAIZE,2023,AUTOMATIC,1.2,G,247.0,165.0,66.8,169500000.0
TOYOTA,RAIZE,2023,MANUAL,1.0,G,254.0,180.0,70.87,
TOYOTA,RAIZE,2023,MANUAL,1.2,G,233.0,157.0,67.38,
TOYOTA,RAIZE,2024,AUTOMATIC,1.0,,,,,191000000.0
TOYOTA,RAIZE,2024,AUTOMATIC,1.0,G,273.0,202.5,74.18,205000000.0
TOYOTA,RAIZE,2024,AUTOMATIC,1.0,G,273.0,202.5,74.18,160000000.0
TOYOTA,RAIZE,2024,AUTOMATIC,1.0,GR SPORT,,,,222000000.0
TOYOTA,RAIZE,2024,AUTOMATIC,1.0,GR SPORT,,,,80500000.0
TOYOTA,RAIZE,2024,AUTOMATIC,1.0,GR SPORT,,,,212000000.0
TOYOTA,RAIZE,2024,AUTOMATIC,1.2,G,253.0,174.0,68.77,182500000.0
TOYOTA,RAIZE,2024,AUTOMATIC,1.2,G,253.0,174.0,68.77,184500000.0
TOYOTA,RAIZE,2024,AUTOMATIC,1.2,G,253.0,174.0,68.77,184500000.0
TOYOTA,RAIZE,2024,AUTOMATIC,1.2,G,253.0,174.0,68.77,165000000.0
TOYOTA,RAIZE,2024,MANUAL,1.0,G,258.0,190.0,73.64,
TOYOTA,RAIZE,2024,MANUAL,1.2,G,238.0,163.0,68.49,
TOYOTA,RAIZE,2025,AUTOMATIC,1.0,G,,,,194500000.0
TOYOTA,RAIZE,2025,AUTOMATIC,1.0,G,,,,188000000.0
TOYOTA,RAIZE,2025,AUTOMATIC,1.0,G,,,,190500000.0
TOYOTA,RAIZE,2025,AUTOMATIC,1.0,GR SPORT,,,,217000000.0
TOYOTA,RAIZE,2025,AUTOMATIC,1.2,G,,,,184500000.0
TOYOTA,RAIZE,2025,AUTOMATIC,1.2,G,,,,183500000.0
TOYOTA,RAIZE,2025,AUTOMATIC,1.2,G,,,,184000000.0
TOYOTA,RAIZE,2025,MANUAL,1.2,G,,,,177000000.0
TOYOTA,RUSH,2008,MANUAL,1.5,G,,,,34000000.0
TOYOTA,RUSH,2010,AUTOMATIC,1.5,S,,,,58000000.0
TOYOTA,RUSH,2012,AUTOMATIC,1.5,G,,,,107000000.0
TOYOTA,RUSH,2012,AUTOMATIC,1.5,S,,,,68000000.0
TOYOTA,RUSH,2013,AUTOMATIC,1.5,G,,,,106000000.0
TOYOTA,RUSH,2013,AUTOMATIC,1.5,S,,,,100000000.0
TOYOTA,RUSH,2013,AUTOMATIC,1.5,S,,,,92250000.0
TOYOTA,RUSH,2013,MANUAL,0.0,G,,,,80000000.0
TOYOTA,RUSH,2014,AUTOMATIC,1.5,G,,,,105000000.0
TOYOTA,RUSH,2014,AUTOMATIC,1.5,S,,,,85000000.0
TOYOTA,RUSH,2014,AUTOMATIC,1.5,S TRD SPORTIVO,,,,115500000.0
TOYOTA,RUSH,2014,MANUAL,1.5,S,,,,129000000.0
TOYOTA,RUSH,2014,MANUAL,1.5,S,,,,88500000.0
TOYOTA,RUSH,2014,MANUAL,1.5,S,,,,135000000.0
TOYOTA,RUSH,2015,MANUAL,1.5,G,,,,115000000.0
TOYOTA,RUSH,2015,MANUAL,1.5,S TRD SPORTIVO,,,,97500000.0
TOYOTA,RUSH,2015,MANUAL,1.5,S TRD SPORTIVO,,,,136000000.0
TOYOTA,RUSH,2016,AUTOMATIC,1.5,S,,,,125000000.0
TOYOTA,RUSH,2016,MANUAL,1.5,S,,,,150000000.0
TOYOTA,RUSH,2017,AUTOMATIC,1.5,G,246.0,134.5,54.67,
TOYOTA,RUSH,2017,AUTOMATIC,1.5,S,262.0,143.0,54.58,128500000.0
TOYOTA,RUSH,2017,AUTOMATIC,1.5,S,262.0,143.0,54.58,109500000.0
TOYOTA,RUSH,2017,MANUAL,1.5,G,236.0,132.5,56.14,
TOYOTA,RUSH,2017,MANUAL,1.5,S,251.0,140.5,55.98,147500000.0
TOYOTA,RUSH,2017,MANUAL,1.5,S TRD SPORTIVO,,,,130500000.0
TOYOTA,RUSH,2017,MANUAL,1.5,S TRD SPORTIVO ULTIMO,,,,146000000.0
TOYOTA,RUSH,2018,AUTOMATIC,1.5,G,250.0,156.0,62.4,161500000.0
TOYOTA,RUSH,2018,AUTOMATIC,1.5,G,250.0,156.0,62.4,164500000.0
TOYOTA,RUSH,2018,AUTOMATIC,1.5,G,250.0,156.0,62.4,162500000.0
TOYOTA,RUSH,2018,AUTOMATIC,1.5,S,264.0,160.5,60.8,186000000.0
TOYOTA,RUSH,2018,AUTOMATIC,1.5,S,264.0,160.5,60.8,161500000.0
TOYOTA,RUSH,2018,AUTOMATIC,1.5,S,264.0,160.5,60.8,166000000.0
TOYOTA,RUSH,2018,AUTOMATIC,1.5,S,264.0,160.5,60.8,160000000.0
TOYOTA,RUSH,2018,AUTOMATIC,1.5,S,264.0,160.5,60.8,164500000.0
TOYOTA,RUSH,2018,AUTOMATIC,1.5,S TRD SPORTIVO,,,,178500000.0
TOYOTA,RUSH,2018,MANUAL,1.5,G,240.0,153.0,63.75,169000000.0
TOYOTA,RUSH,2018,MANUAL,1.5,S,254.0,158.5,62.4,178500000.0
TOYOTA,RUSH,2018,MANUAL,1.5,S,254.0,158.5,62.4,160000000.0
TOYOTA,RUSH,2018,MANUAL,1.5,S,254.0,158.5,62.4,173500000.0
TOYOTA,RUSH,2018,MANUAL,1.5,S TRD SPORTIVO,,,,190500000.0
TOYOTA,RUSH,2019,AUTOMATIC,1.5,G,254.0,173.5,68.31,166500000.0
TOYOTA,RUSH,2019,AUTOMATIC,1.5,G,254.0,173.5,68.31,171750000.0
TOYOTA,RUSH,2019,AUTOMATIC,1.5,G,254.0,173.5,68.31,164500000.0
TOYOTA,RUSH,2019,AUTOMATIC,1.5,S,266.0,177.5,66.73,189000000.0
TOYOTA,RUSH,2019,AUTOMATIC,1.5,S,266.0,177.5,66.73,182500000.0
TOYOTA,RUSH,2019,AUTOMATIC,1.5,S,266.0,177.5,66.73,175500000.0
TOYOTA,RUSH,2019,AUTOMATIC,1.5,S,266.0,177.5,66.73,174500000.0
TOYOTA,RUSH,2019,AUTOMATIC,1.5,S,266.0,177.5,66.73,180000000.0
TOYOTA,RUSH,2019,AUTOMATIC,1.5,S,266.0,177.5,66.73,185000000.0
TOYOTA,RUSH,2019,AUTOMATIC,1.5,S TRD SPORTIVO,,,,161500000.0
TOYOTA,RUSH,2019,AUTOMATIC,1.5,S TRD SPORTIVO,,,,178250000.0
TOYOTA,RUSH,2019,AUTOMATIC,1.5,S TRD SPORTIVO,,,,182000000.0
TOYOTA,RUSH,2019,AUTOMATIC,1.5,S TRD SPORTIVO,,,,188500000.0
TOYOTA,RUSH,2019,MANUAL,1.5,G,244.0,177.5,72.75,
TOYOTA,RUSH,2019,MANUAL,1.5,S,256.0,174.0,67.97,145500000.0
TOYOTA,RUSH,2019,MANUAL,1.5,S,256.0,174.0,67.97,185000000.0
TOYOTA,RUSH,2019,MANUAL,1.5,S TRD SPORTIVO,,,,180500000.0
TOYOTA,RUSH,2019,MANUAL,1.5,S TRD SPORTIVO,,,,178000000.0
TOYOTA,RUSH,2019,MANUAL,1.5,S TRD SPORTIVO,,,,185500000.0
TOYOTA,RUSH,2020,AUTOMATIC,1.5,G,262.0,177.5,67.75,179000000.0
TOYOTA,RUSH,2020,AUTOMATIC,1.5,G,262.0,177.5,67.75,163000000.0
TOYOTA,RUSH,2020,AUTOMATIC,1.5,G,262.0,177.5,67.75,180000000.0
TOYOTA,RUSH,2020,AUTOMATIC,1.5,G,262.0,177.5,67.75,185000000.0
TOYOTA,RUSH,2020,AUTOMATIC,1.5,G,262.0,177.5,67.75,171000000.0
TOYOTA,RUSH,2020,AUTOMATIC,1.5,G,262.0,177.5,67.75,155000000.0
TOYOTA,RUSH,2020,AUTOMATIC,1.5,S,274.0,190.5,69.53,189250000.0
TOYOTA,RUSH,2020,AUTOMATIC,1.5,S,274.0,190.5,69.53,170000000.0
TOYOTA,RUSH,2020,AUTOMATIC,1.5,S,274.0,190.5,69.53,180500000.0
TOYOTA,RUSH,2020,AUTOMATIC,1.5,S TRD SPORTIVO,,,,178500000.0
TOYOTA,RUSH,2020,AUTOMATIC,1.5,S TRD SPORTIVO,,,,195000000.0
TOYOTA,RUSH,2020,AUTOMATIC,1.5,S TRD SPORTIVO,,,,173500000.0
TOYOTA,RUSH,2020,MANUAL,1.5,G,252.0,182.0,72.22,167500000.0
TOYOTA,RUSH,2020,MANUAL,1.5,G,252.0,182.0,72.22,181750000.0
TOYOTA,RUSH,2020,MANUAL,1.5,G,252.0,182.0,72.22,162000000.0
TOYOTA,RUSH,2020,MANUAL,1.5,G,252.0,182.0,72.22,171500000.0
TOYOTA,RUSH,2020,MANUAL,1.5,G,252.0,182.0,72.22,162000000.0
TOYOTA,RUSH,2020,MANUAL,1.5,S,264.0,180.0,68.18,
TOYOTA,RUSH,2021,AUTOMATIC,1.5,G,260.0,177.5,68.27,187000000.0
TOYOTA,RUSH,2021,AUTOMATIC,1.5,G,260.0,177.5,68.27,186000000.0
TOYOTA,RUSH,2021,AUTOMATIC,1.5,G,260.0,177.5,68.27,183500000.0
TOYOTA,RUSH,2021,AUTOMATIC,1.5,G,260.0,177.5,68.27,183500000.0
TOYOTA,RUSH,2021,AUTOMATIC,1.5,G,260.0,177.5,68.27,188500000.0
TOYOTA,RUSH,2021,AUTOMATIC,1.5,G,260.0,177.5,68.27,170000000.0
TOYOTA,RUSH,2021,AUTOMATIC,1.5,G,260.0,177.5,68.27,177000000.0
TOYOTA,RUSH,2021,AUTOMATIC,1.5,G,260.0,177.5,68.27,181000000.0
TOYOTA,RUSH,2021,AUTOMATIC,1.5,GR SPORT,,,,206000000.0
TOYOTA,RUSH,2021,AUTOMATIC,1.5,GR SPORT,,,,187000000.0
TOYOTA,RUSH,2021,AUTOMATIC,1.5,S,261.0,199.0,76.25,202000000.0
TOYOTA,RUSH,2021,AUTOMATIC,1.5,S,261.0,199.0,76.25,185250000.0
TOYOTA,RUSH,2021,AUTOMATIC,1.5,S,261.0,199.0,76.25,189000000.0
TOYOTA,RUSH,2021,AUTOMATIC,1.5,S,261.0,199.0,76.25,211000000.0
TOYOTA,RUSH,2021,AUTOMATIC,1.5,S,261.0,199.0,76.25,183000000.0
TOYOTA,RUSH,2021,AUTOMATIC,1.5,S,261.0,199.0,76.25,181500000.0
TOYOTA,RUSH,2021,MANUAL,1.5,G,246.0,185.5,75.41,182000000.0
TOYOTA,RUSH,2021,MANUAL,1.5,G,246.0,185.5,75.41,186500000.0
TOYOTA,RUSH,2021,MANUAL,1.5,G,246.0,185.5,75.41,184500000.0
TOYOTA,RUSH,2021,MANUAL,1.5,G,246.0,185.5,75.41,180250000.0
TOYOTA,RUSH,2021,MANUAL,1.5,G,246.0,185.5,75.41,195000000.0
TOYOTA,RUSH,2021,MANUAL,1.5,G,246.0,185.5,75.41,179500000.0
TOYOTA,RUSH,2021,MANUAL,1.5,G,246.0,185.5,75.41,191000000.0
TOYOTA,RUSH,2021,MANUAL,1.5,G,246.0,185.5,75.41,196500000.0
TOYOTA,RUSH,2021,MANUAL,1.5,G,246.0,185.5,75.41,169000000.0
TOYOTA,RUSH,2021,MANUAL,1.5,S,252.0,189.0,75.0,195000000.0
TOYOTA,RUSH,2021,MANUAL,1.5,S,252.0,189.0,75.0,199000000.0
TOYOTA,RUSH,2021,MANUAL,1.5,S,252.0,189.0,75.0,188500000.0
TOYOTA,RUSH,2022,AUTOMATIC,1.5,G,289.0,186.5,64.53,190000000.0
TOYOTA,RUSH,2022,AUTOMATIC,1.5,G,289.0,186.5,64.53,190000000.0
TOYOTA,RUSH,2022,AUTOMATIC,1.5,G,289.0,186.5,64.53,182500000.0
TOYOTA,RUSH,2022,AUTOMATIC,1.5,G,289.0,186.5,64.53,100000000.0
TOYOTA,RUSH,2022,AUTOMATIC,1.5,G,289.0,186.5,64.53,185000000.0
TOYOTA,RUSH,2022,AUTOMATIC,1.5,G,289.0,186.5,64.53,198500000.0
TOYOTA,RUSH,2022,AUTOMATIC,1.5,G,289.0,186.5,64.53,172000000.0
TOYOTA,RUSH,2022,AUTOMATIC,1.5,GR SPORT,,,,210000000.0
TOYOTA,RUSH,2022,AUTOMATIC,1.5,GR SPORT,,,,166000000.0
TOYOTA,RUSH,2022,AUTOMATIC,1.5,GR SPORT,,,,197000000.0
TOYOTA,RUSH,2022,AUTOMATIC,1.5,S,302.0,209.0,69.21,191000000.0
TOYOTA,RUSH,2022,AUTOMATIC,1.5,S,302.0,209.0,69.21,208500000.0
TOYOTA,RUSH,2022,AUTOMATIC,1.5,S,302.0,209.0,69.21,205000000.0
TOYOTA,RUSH,2022,MANUAL,1.5,G,279.0,192.5,69.0,196000000.0
TOYOTA,RUSH,2022,MANUAL,1.5,G,279.0,192.5,69.0,186500000.0
TOYOTA,RUSH,2022,MANUAL,1.5,G,279.0,192.5,69.0,188000000.0
TOYOTA,RUSH,2022,MANUAL,1.5,G,279.0,192.5,69.0,200500000.0
TOYOTA,RUSH,2022,MANUAL,1.5,G,279.0,192.5,69.0,182500000.0
TOYOTA,RUSH,2022,MANUAL,1.5,G,279.0,192.5,69.0,189750000.0
TOYOTA,RUSH,2022,MANUAL,1.5,G,279.0,192.5,69.0,195500000.0
TOYOTA,RUSH,2022,MANUAL,1.5,GR SPORT,,,,203000000.0
TOYOTA,RUSH,2022,MANUAL,1.5,S,292.0,197.5,67.64,205500000.0
TOYOTA,RUSH,2022,MANUAL,1.5,S,292.0,197.5,67.64,205750000.0
TOYOTA,RUSH,2022,MANUAL,1.5,S,292.0,197.5,67.64,203750000.0
TOYOTA,RUSH,2022,MANUAL,1.5,S,292.0,197.5,67.64,199500000.0
TOYOTA,RUSH,2023,AUTOMATIC,1.5,G,293.0,193.5,66.04,182500000.0
TOYOTA,RUSH,2023,AUTOMATIC,1.5,GR SPORT,,,,193000000.0
TOYOTA,RUSH,2023,AUTOMATIC,1.5,GR SPORT,,,,150000000.0
TOYOTA,RUSH,2023,AUTOMATIC,1.5,GR SPORT,,,,207500000.0
TOYOTA,RUSH,2023,AUTOMATIC,1.5,S,306.0,216.0,70.59,
TOYOTA,RUSH,2023,MANUAL,1.5,G,282.0,196.5,69.68,198500000.0
TOYOTA,RUSH,2023,MANUAL,1.5,G,282.0,196.5,69.68,190000000.0
TOYOTA,RUSH,2023,MANUAL,1.5,G,282.0,196.5,69.68,189000000.0
TOYOTA,RUSH,2023,MANUAL,1.5,G,282.0,196.5,69.68,192000000.0
TOYOTA,RUSH,2023,MANUAL,1.5,GR SPORT,,,,216500000.0
TOYOTA,RUSH,2023,MANUAL,1.5,GR SPORT,,,,185500000.0
TOYOTA,RUSH,2023,MANUAL,1.5,S,295.0,213.5,72.37,212500000.0
TOYOTA,RUSH,2023,MANUAL,1.5,S,295.0,213.5,72.37,207000000.0
TOYOTA,RUSH,2023,MANUAL,1.5,S,295.0,213.5,72.37,210000000.0
TOYOTA,RUSH,2023,MANUAL,1.5,S,295.0,213.5,72.37,193500000.0
TOYOTA,RUSH,2024,AUTOMATIC,1.5,G,296.0,207.5,70.1,
TOYOTA,RUSH,2024,AUTOMATIC,1.5,GR SPORT,,,,234000000.0
TOYOTA,RUSH,2024,AUTOMATIC,1.5,GR SPORT,,,,211500000.0
TOYOTA,RUSH,2024,AUTOMATIC,1.5,GR SPORT,,,,185000000.0
TOYOTA,RUSH,2024,AUTOMATIC,1.5,GR SPORT,,,,221000000.0
TOYOTA,RUSH,2024,AUTOMATIC,1.5,GR SPORT,,,,238000000.0
TOYOTA,RUSH,2024,AUTOMATIC,1.5,S,310.0,231.0,74.52,240000000.0
TOYOTA,RUSH,2024,AUTOMATIC,1.5,S,310.0,231.0,74.52,231500000.0
TOYOTA,RUSH,2024,MANUAL,1.5,G,285.0,213.5,74.91,196000000.0
TOYOTA,RUSH,2024,MANUAL,1.5,G,285.0,213.5,74.91,192000000.0
TOYOTA,RUSH,2024,MANUAL,1.5,S,298.0,232.0,77.85,175000000.0
TOYOTA,RUSH,2024,MANUAL,1.5,S,298.0,232.0,77.85,216000000.0
TOYOTA,RUSH,2025,AUTOMATIC,1.5,GR SPORT,,,,245000000.0
TOYOTA,RUSH,2025,AUTOMATIC,1.5,GR SPORT,,,,257000000.0
TOYOTA,RUSH,2025,AUTOMATIC,1.5,GR SPORT,,,,244000000.0
TOYOTA,RUSH,2025,AUTOMATIC,1.5,S,,,,264000000.0
TOYOTA,RUSH,2025,MANUAL,1.5,G,,,,229000000.0
TOYOTA,RUSH,2025,MANUAL,1.5,S,,,,257500000.0
TOYOTA,RUSH,2025,MANUAL,1.5,S,,,,245000000.0
TOYOTA,RUSH,2026,MANUAL,1.5,G,,,,218000000.0
TOYOTA,SIENTA,2016,AUTOMATIC,1.5,G,,,,116000000.0
TOYOTA,SIENTA,2016,AUTOMATIC,1.5,Q,,,,144500000.0
TOYOTA,SIENTA,2016,AUTOMATIC,1.5,Q,,,,138500000.0
TOYOTA,SIENTA,2016,AUTOMATIC,1.5,Q,,,,142000000.0
TOYOTA,SIENTA,2016,AUTOMATIC,1.5,Q,,,,93500000.0
TOYOTA,SIENTA,2016,AUTOMATIC,1.5,V,,,,129000000.0
TOYOTA,SIENTA,2016,AUTOMATIC,1.5,V,,,,123500000.0
TOYOTA,SIENTA,2016,AUTOMATIC,1.5,V,,,,78000000.0
TOYOTA,SIENTA,2017,AUTOMATIC,1.5,E,,,,119000000.0
TOYOTA,SIENTA,2017,AUTOMATIC,1.5,G,,,,120500000.0
TOYOTA,SIENTA,2017,AUTOMATIC,1.5,G,,,,116000000.0
TOYOTA,SIENTA,2017,AUTOMATIC,1.5,G,,,,112500000.0
TOYOTA,SIENTA,2017,AUTOMATIC,1.5,G,,,,107500000.0
TOYOTA,SIENTA,2017,AUTOMATIC,1.5,Q,,,,140500000.0
TOYOTA,SIENTA,2017,AUTOMATIC,1.5,Q,,,,148000000.0
TOYOTA,SIENTA,2017,AUTOMATIC,1.5,Q,,,,145200000.0
TOYOTA,SIENTA,2017,AUTOMATIC,1.5,Q,,,,139000000.0
TOYOTA,SIENTA,2017,AUTOMATIC,1.5,Q,,,,126500000.0
TOYOTA,SIENTA,2017,AUTOMATIC,1.5,Q,,,,123500000.0
TOYOTA,SIENTA,2017,AUTOMATIC,1.5,V,,,,112000000.0
TOYOTA,SIENTA,2017,AUTOMATIC,1.5,V,,,,130000000.0
TOYOTA,SIENTA,2017,MANUAL,1.5,G,,,,107500000.0
TOYOTA,SIENTA,2017,MANUAL,1.5,V,,,,134000000.0
TOYOTA,SIENTA,2019,AUTOMATIC,1.5,V,,,,139000000.0
TOYOTA,SIENTA,2021,AUTOMATIC,1.5,Q,,,,176000000.0
TOYOTA,SIENTA,2021,AUTOMATIC,1.5,V,,,,154000000.0
TOYOTA,VELLFIRE,2010,AUTOMATIC,2.4,,,,,105000000.0
TOYOTA,VELLFIRE,2011,AUTOMATIC,2.4,Z,,,,128100000.0
TOYOTA,VELLFIRE,2013,AUTOMATIC,2.4,Z,,,,180000000.0
TOYOTA,VELLFIRE,2014,AUTOMATIC,2.4,,,,,172000000.0
TOYOTA,VELLFIRE,2015,AUTOMATIC,2.5,,,,,358000000.0
TOYOTA,VELLFIRE,2017,AUTOMATIC,2.5,,1010.0,382.5,37.87,298000000.0
TOYOTA,VELLFIRE,2017,AUTOMATIC,2.5,G,,,,390500000.0
TOYOTA,VELLFIRE,2018,AUTOMATIC,2.5,,1055.0,412.5,39.1,
TOYOTA,VELLFIRE,2018,AUTOMATIC,2.5,G,,,,415000000.0
TOYOTA,VELLFIRE,2019,AUTOMATIC,2.5,,1110.0,456.5,41.13,
TOYOTA,VELLFIRE,2019,AUTOMATIC,2.5,G,,,,457500000.0
TOYOTA,VELLFIRE,2020,AUTOMATIC,2.5,,1177.0,501.0,42.57,
TOYOTA,VELLFIRE,2021,AUTOMATIC,2.5,,1216.0,540.0,44.41,
TOYOTA,VELLFIRE,2021,AUTOMATIC,2.5,G,,,,631000000.0
TOYOTA,VELLFIRE,2022,AUTOMATIC,2.5,,1340.0,574.0,42.84,
TOYOTA,VELLFIRE,2023,AUTOMATIC,2.5,,1360.0,595.0,43.75,
TOYOTA,VELLFIRE,2024,AUTOMATIC,2.5,,1802.0,845.0,46.89,
TOYOTA,VELOZ,2017,AUTOMATIC,1.3,,224.0,121.0,54.02,
TOYOTA,VELOZ,2017,AUTOMATIC,1.5,,236.0,132.5,56.14,
TOYOTA,VELOZ,2017,MANUAL,1.3,,213.0,117.0,54.93,
TOYOTA,VELOZ,2017,MANUAL,1.5,,224.0,127.0,56.7,
TOYOTA,VELOZ,2018,AUTOMATIC,1.3,,227.0,127.0,55.95,
TOYOTA,VELOZ,2018,AUTOMATIC,1.5,,239.0,139.0,58.16,
TOYOTA,VELOZ,2018,MANUAL,1.3,,215.0,122.0,56.74,
TOYOTA,VELOZ,2018,MANUAL,1.5,,227.0,133.0,58.59,
TOYOTA,VELOZ,2019,AUTOMATIC,1.3,,229.0,138.5,60.48,
TOYOTA,VELOZ,2019,AUTOMATIC,1.5,,241.0,163.5,67.84,
TOYOTA,VELOZ,2019,MANUAL,1.3,,218.0,134.5,61.7,
TOYOTA,VELOZ,2019,MANUAL,1.5,,229.0,154.5,67.47,161000000.0
TOYOTA,VELOZ,2020,AUTOMATIC,1.3,,233.0,148.0,63.52,
TOYOTA,VELOZ,2020,AUTOMATIC,1.5,,246.0,168.5,68.5,
TOYOTA,VELOZ,2020,MANUAL,1.3,,222.0,142.0,63.96,
TOYOTA,VELOZ,2020,MANUAL,1.5,,234.0,160.0,68.38,168500000.0
TOYOTA,VELOZ,2021,AUTOMATIC,1.3,,224.0,161.0,71.88,
TOYOTA,VELOZ,2021,AUTOMATIC,1.5,,250.0,180.5,72.2,
TOYOTA,VELOZ,2021,AUTOMATIC,1.5,Q,,,,172500000.0
TOYOTA,VELOZ,2021,AUTOMATIC,1.5,Q,,,,213500000.0
TOYOTA,VELOZ,2021,AUTOMATIC,1.5,Q TSS,,,,190000000.0
TOYOTA,VELOZ,2021,AUTOMATIC,1.5,Q TSS,,,,175000000.0
TOYOTA,VELOZ,2021,AUTOMATIC,1.5,Q TSS,,,,207000000.0
TOYOTA,VELOZ,2021,AUTOMATIC,1.5,Q TSS,,,,125500000.0
TOYOTA,VELOZ,2021,AUTOMATIC,1.5,Q TSS,,,,214000000.0
TOYOTA,VELOZ,2021,MANUAL,1.3,,213.0,154.5,72.54,
TOYOTA,VELOZ,2021,MANUAL,1.5,,238.0,165.5,69.54,195000000.0
TOYOTA,VELOZ,2021,MANUAL,1.5,,238.0,165.5,69.54,177000000.0
TOYOTA,VELOZ,2022,AUTOMATIC,1.5,,275.0,195.5,71.09,206500000.0
TOYOTA,VELOZ,2022,AUTOMATIC,1.5,Q,,,,218500000.0
TOYOTA,VELOZ,2022,AUTOMATIC,1.5,Q,,,,184000000.0
TOYOTA,VELOZ,2022,AUTOMATIC,1.5,Q,,,,195000000.0
TOYOTA,VELOZ,2022,AUTOMATIC,1.5,Q,,,,203500000.0
TOYOTA,VELOZ,2022,AUTOMATIC,1.5,Q,,,,210000000.0
TOYOTA,VELOZ,2022,AUTOMATIC,1.5,Q,,,,182500000.0
TOYOTA,VELOZ,2022,AUTOMATIC,1.5,Q,,,,192750000.0
TOYOTA,VELOZ,2022,AUTOMATIC,1.5,Q,,,,199500000.0
TOYOTA,VELOZ,2022,AUTOMATIC,1.5,Q TSS,,,,198500000.0
TOYOTA,VELOZ,2022,AUTOMATIC,1.5,Q TSS,,,,197000000.0
TOYOTA,VELOZ,2022,AUTOMATIC,1.5,Q TSS,,,,199250000.0
TOYOTA,VELOZ,2022,AUTOMATIC,1.5,Q TSS,,,,182500000.0
TOYOTA,VELOZ,2022,MANUAL,1.5,,252.0,183.0,72.62,175000000.0
TOYOTA,VELOZ,2022,MANUAL,1.5,,252.0,183.0,72.62,196500000.0
TOYOTA,VELOZ,2022,MANUAL,1.5,,252.0,183.0,72.62,182000000.0
TOYOTA,VELOZ,2023,AUTOMATIC,1.5,,304.0,203.0,66.78,202000000.0
TOYOTA,VELOZ,2023,AUTOMATIC,1.5,,304.0,203.0,66.78,195000000.0
TOYOTA,VELOZ,2023,AUTOMATIC,1.5,Q,,,,217000000.0
TOYOTA,VELOZ,2023,AUTOMATIC,1.5,Q,,,,212000000.0
TOYOTA,VELOZ,2023,AUTOMATIC,1.5,Q,,,,200000000.0
TOYOTA,VELOZ,2023,AUTOMATIC,1.5,Q,,,,200000000.0
TOYOTA,VELOZ,2023,AUTOMATIC,1.5,Q TSS,,,,200000000.0
TOYOTA,VELOZ,2023,AUTOMATIC,1.5,Q TSS,,,,226500000.0
TOYOTA,VELOZ,2023,MANUAL,1.5,,288.0,193.0,67.01,199000000.0
TOYOTA,VELOZ,2024,AUTOMATIC,1.5,,310.0,218.0,70.32,
TOYOTA,VELOZ,2024,AUTOMATIC,1.5,Q,,,,220000000.0
TOYOTA,VELOZ,2024,AUTOMATIC,1.5,Q,,,,231000000.0
TOYOTA,VELOZ,2024,AUTOMATIC,1.5,Q,,,,215000000.0
TOYOTA,VELOZ,2024,AUTOMATIC,1.5,Q,,,,205000000.0
TOYOTA,VELOZ,2024,AUTOMATIC,1.5,Q,,,,226000000.0
TOYOTA,VELOZ,2024,MANUAL,1.5,,294.0,198.0,67.35,
TOYOTA,VELOZ,2025,AUTOMATIC,1.5,Q,,,,233500000.0
TOYOTA,VELOZ,2025,AUTOMATIC,1.5,Q,,,,183500000.0
TOYOTA,VELOZ,2025,AUTOMATIC,1.5,Q,,,,250000000.0
TOYOTA,VELOZ,2025,AUTOMATIC,1.5,Q,,,,250000000.0
TOYOTA,VELOZ,2025,AUTOMATIC,1.5,Q,,,,252500000.0
TOYOTA,VELOZ,2025,AUTOMATIC,1.5,Q,,,,232000000.0
TOYOTA,VELOZ,2025,AUTOMATIC,1.5,Q,,,,236000000.0
TOYOTA,VELOZ,2025,MANUAL,1.5,,,,,215500000.0
TOYOTA,VIOS,2008,MANUAL,1.5,E,,,,47000000.0
TOYOTA,VIOS,2010,MANUAL,1.5,G,,,,63000000.0
TOYOTA,VIOS,2013,MANUAL,1.5,G,,,,73000000.0
TOYOTA,VIOS,2014,MANUAL,1.5,G,,,,91500000.0
TOYOTA,VIOS,2018,AUTOMATIC,1.5,G,,,,121000000.0
TOYOTA,VIOS,2018,AUTOMATIC,1.5,G,,,,120500000.0
TOYOTA,VIOS,2019,AUTOMATIC,1.5,G,,,,136250000.0
TOYOTA,VIOS,2019,AUTOMATIC,1.5,G,,,,122000000.0
TOYOTA,VIOS,2019,AUTOMATIC,1.5,G,,,,118000000.0
TOYOTA,VIOS,2019,AUTOMATIC,1.5,G,,,,135000000.0
TOYOTA,VIOS,2019,MANUAL,1.5,G,,,,125000000.0
TOYOTA,VIOS,2020,AUTOMATIC,1.5,G,,,,131000000.0
TOYOTA,VIOS,2021,AUTOMATIC,1.5,G,,,,167500000.0
TOYOTA,VIOS,2021,AUTOMATIC,1.5,G,,,,137500000.0
TOYOTA,VIOS,2022,AUTOMATIC,1.5,G,,,,160000000.0
TOYOTA,VOXY,2018,AUTOMATIC,2.0,,,,,201000000.0
TOYOTA,VOXY,2018,AUTOMATIC,2.0,,,,,232250000.0
TOYOTA,VOXY,2018,AUTOMATIC,2.0,,,,,195000000.0
TOYOTA,VOXY,2018,AUTOMATIC,2.0,,,,,195500000.0
TOYOTA,VOXY,2018,AUTOMATIC,2.0,,,,,250000000.0
TOYOTA,VOXY,2019,AUTOMATIC,2.0,,,,,220500000.0
TOYOTA,VOXY,2019,AUTOMATIC,2.0,,,,,270500000.0
TOYOTA,VOXY,2019,AUTOMATIC,2.0,,,,,225500000.0
TOYOTA,VOXY,2019,AUTOMATIC,2.0,,,,,240000000.0
TOYOTA,VOXY,2019,AUTOMATIC,2.0,,,,,225500000.0
TOYOTA,VOXY,2020,AUTOMATIC,2.0,,,,,253500000.0
TOYOTA,VOXY,2020,AUTOMATIC,2.0,,,,,218500000.0
TOYOTA,VOXY,2020,AUTOMATIC,2.0,,,,,215500000.0
TOYOTA,VOXY,2020,AUTOMATIC,2.0,,,,,212000000.0
TOYOTA,VOXY,2021,AUTOMATIC,2.0,,,,,260000000.0
TOYOTA,VOXY,2021,AUTOMATIC,2.0,,,,,277000000.0
TOYOTA,VOXY,2021,AUTOMATIC,2.0,,,,,261000000.0
TOYOTA,VOXY,2021,AUTOMATIC,2.0,,,,,254000000.0
TOYOTA,VOXY,2022,AUTOMATIC,2.0,,,,,292000000.0
TOYOTA,VOXY,2022,AUTOMATIC,2.0,,,,,299500000.0
TOYOTA,VOXY,2022,AUTOMATIC,2.0,,,,,293000000.0
TOYOTA,VOXY,2023,AUTOMATIC,2.0,,,,,379500000.0
TOYOTA,VOXY,2023,AUTOMATIC,2.0,,,,,348000000.0
TOYOTA,VOXY,2023,AUTOMATIC,2.0,,,,,302000000.0
TOYOTA,VOXY,2023,AUTOMATIC,2.0,,,,,353500000.0
TOYOTA,YARIS,2010,MANUAL,1.5,E,,,,67500000.0
TOYOTA,YARIS,2012,AUTOMATIC,1.5,J,,,,82000000.0
TOYOTA,YARIS,2012,MANUAL,1.5,E,,,,66500000.0
TOYOTA,YARIS,2013,AUTOMATIC,1.5,E,,,,91500000.0
TOYOTA,YARIS,2013,AUTOMATIC,1.5,S,,,,106750000.0
TOYOTA,YARIS,2013,MANUAL,1.5,E,,,,82500000.0
TOYOTA,YARIS,2014,AUTOMATIC,1.5,S,,,,116000000.0
TOYOTA,YARIS,2014,AUTOMATIC,1.5,S,,,,108000000.0
TOYOTA,YARIS,2014,AUTOMATIC,1.5,TRD SPORTIVO,,,,121500000.0
TOYOTA,YARIS,2014,MANUAL,1.5,G,,,,119500000.0
TOYOTA,YARIS,2015,AUTOMATIC,1.5,G,,,,120500000.0
TOYOTA,YARIS,2015,AUTOMATIC,1.5,S,,,,118000000.0
TOYOTA,YARIS,2015,AUTOMATIC,1.5,S,,,,119500000.0
TOYOTA,YARIS,2015,MANUAL,1.5,S,,,,125000000.0
TOYOTA,YARIS,2016,AUTOMATIC,1.5,S,,,,128500000.0
TOYOTA,YARIS,2016,AUTOMATIC,1.5,S,,,,121500000.0
TOYOTA,YARIS,2016,MANUAL,1.5,G,,,,111500000.0
TOYOTA,YARIS,2017,AUTOMATIC,1.5,HEYKERS,,,,116000000.0
TOYOTA,YARIS,2017,AUTOMATIC,1.5,S,,,,157500000.0
TOYOTA,YARIS,2017,AUTOMATIC,1.5,S,,,,146000000.0
TOYOTA,YARIS,2017,AUTOMATIC,1.5,S,,,,129500000.0
TOYOTA,YARIS,2017,MANUAL,1.5,S,,,,131000000.0
TOYOTA,YARIS,2017,MANUAL,1.5,S,,,,110000000.0
TOYOTA,YARIS,2018,AUTOMATIC,1.5,G,,,,145000000.0
TOYOTA,YARIS,2018,AUTOMATIC,1.5,S,,,,142500000.0
TOYOTA,YARIS,2019,AUTOMATIC,1.5,G,,,,151500000.0
TOYOTA,YARIS,2019,AUTOMATIC,1.5,S,,,,152750000.0
TOYOTA,YARIS,2019,AUTOMATIC,1.5,S,,,,153500000.0
TOYOTA,YARIS,2019,AUTOMATIC,1.5,TRD SPORTIVO,,,,162000000.0
TOYOTA,YARIS,2020,AUTOMATIC,1.5,G,,,,149500000.0
TOYOTA,YARIS,2020,AUTOMATIC,1.5,S,,,,159500000.0
TOYOTA,YARIS,2021,AUTOMATIC,1.5,TRD SPORTIVO,,,,156500000.0
TOYOTA,YARIS,2021,AUTOMATIC,1.5,TRD SPORTIVO,,,,149000000.0
TOYOTA,YARIS,2021,MANUAL,1.5,GR SPORT,,,,167500000.0
TOYOTA,YARIS,2022,AUTOMATIC,1.5,GR SPORT,,,,198500000.0
TOYOTA,YARIS,2022,MANUAL,1.5,S,,,,175000000.0
TOYOTA,YARIS,2023,AUTOMATIC,1.5,CROSS S,,,,260000000.0
TOYOTA,YARIS,2023,AUTOMATIC,1.5,CROSS S,,,,246000000.0
TOYOTA,YARIS,2024,AUTOMATIC,1.5,CROSS S GR,,,,248000000.0
UD TRUCKS,CDE,2024,MANUAL,7.7,280,,,,676500000.0
UD TRUCKS,CKE,2023,MANUAL,7.7,250,,,,380000000.0
UD TRUCKS,CKE,2023,MANUAL,7.7,250,,,,347500000.0
UD TRUCKS,CKE,2023,MANUAL,7.7,250,,,,350000000.0
UD TRUCKS,GKE,2019,MANUAL,7.7,280,,,,147000000.0
UD TRUCKS,GWE,2024,MANUAL,7.7,280,,,,728000000.0
VINFAST,,2025,AUTOMATIC,0.0,E34,,,,177000000.0
VINFAST,,2025,AUTOMATIC,0.0,VF 3,,,,116000000.0
VINFAST,,2025,AUTOMATIC,0.0,VF 3,,,,130000000.0
VINFAST,,2025,AUTOMATIC,0.0,VF 3,,,,117500000.0
VOLKSWAGEN,,2010,AUTOMATIC,2.0,CARAVELLE,,,,129000000.0
VOLKSWAGEN,,2012,AUTOMATIC,1.4,POLO,,,,71500000.0
VOLKSWAGEN,,2013,AUTOMATIC,1.4,TIGUAN,,,,61000000.0
VOLKSWAGEN,,2013,AUTOMATIC,1.4,TIGUAN,,,,73000000.0
VOLKSWAGEN,,2014,AUTOMATIC,1.4,TIGUAN,,,,85000000.0
VOLKSWAGEN,,2014,AUTOMATIC,1.4,TIGUAN,,,,90000000.0
VOLKSWAGEN,,2014,AUTOMATIC,1.4,TIGUAN,,,,80000000.0
VOLKSWAGEN,,2017,AUTOMATIC,1.2,POLO TSI,,,,85000000.0
WULING,AIR EV,2022,AUTOMATIC,0.0,LONG RANGE,,,,102500000.0
WULING,AIR EV,2022,AUTOMATIC,0.0,LONG RANGE,,,,106000000.0
WULING,AIR EV,2022,AUTOMATIC,0.0,LONG RANGE,,,,101500000.0
WULING,AIR EV,2022,AUTOMATIC,0.0,STANDARD RANGE,,,,99000000.0
WULING,AIR EV,2023,AUTOMATIC,0.0,LITE 300KM,,,,124000000.0
WULING,AIR EV,2023,AUTOMATIC,0.0,LONG RANGE,,,,116000000.0
WULING,AIR EV,2023,AUTOMATIC,0.0,LONG RANGE,,,,119500000.0
WULING,AIR EV,2023,AUTOMATIC,0.0,LONG RANGE,,,,98200000.0
WULING,AIR EV,2023,AUTOMATIC,0.0,LONG RANGE,,,,109500000.0
WULING,AIR EV,2023,AUTOMATIC,0.0,LONG RANGE,,,,96500000.0
WULING,AIR EV,2023,AUTOMATIC,0.0,STANDARD RANGE,,,,90000000.0
WULING,AIR EV,2023,AUTOMATIC,0.0,STANDARD RANGE,,,,97000000.0
WULING,AIR EV,2024,AUTOMATIC,0.0,LITE,,,,110000000.0
WULING,AIR EV,2024,AUTOMATIC,0.0,LITE 300KM,,,,112000000.0
WULING,AIR EV,2024,AUTOMATIC,0.0,LONG RANGE,,,,115750000.0
WULING,AIR EV,2024,AUTOMATIC,0.0,LONG RANGE,,,,126500000.0
WULING,AIR EV,2024,AUTOMATIC,0.0,LONG RANGE,,,,125000000.0
WULING,AIR EV,2024,AUTOMATIC,0.0,STANDARD RANGE,,,,105000000.0
WULING,AIR EV,2025,AUTOMATIC,0.0,LITE,,,,124000000.0
WULING,AIR EV,2025,AUTOMATIC,0.0,LITE,,,,122500000.0
WULING,AIR EV,2025,AUTOMATIC,0.0,LITE,,,,115000000.0
WULING,AIR EV,2025,AUTOMATIC,0.0,LITE 300KM,,,,128000000.0
WULING,AIR EV,2025,AUTOMATIC,0.0,LITE 300KM,,,,115000000.0
WULING,AIR EV,2025,AUTOMATIC,0.0,LONG RANGE,,,,137500000.0
WULING,ALMAZ,2019,AUTOMATIC,1.5,EXCLUSIVE,,,,140500000.0
WULING,ALMAZ,2019,AUTOMATIC,1.5,EXCLUSIVE,,,,131500000.0
WULING,ALMAZ,2019,AUTOMATIC,1.5,LUX,,,,129000000.0
WULING,ALMAZ,2019,AUTOMATIC,1.5,LUX,,,,147000000.0
WULING,ALMAZ,2019,AUTOMATIC,1.5,LUX,,,,122000000.0
WULING,ALMAZ,2019,AUTOMATIC,1.5,SMART ENJOY,,,,100500000.0
WULING,ALMAZ,2021,AUTOMATIC,1.5,LUX,,,,175000000.0
WULING,ALMAZ,2021,AUTOMATIC,1.5,LUX,,,,157500000.0
WULING,ALMAZ,2021,AUTOMATIC,1.5,SMART ENJOY,,,,116000000.0
WULING,ALMAZ,2021,AUTOMATIC,1.5,SMART ENJOY,,,,113500000.0
WULING,ALMAZ,2022,AUTOMATIC,1.5,LUX,,,,145500000.0
WULING,ALMAZ,2022,AUTOMATIC,1.5,LUX,,,,163000000.0
WULING,ALMAZ,2022,AUTOMATIC,1.5,LUX,,,,172000000.0
WULING,ALMAZ,2022,AUTOMATIC,1.5,SMART ENJOY,,,,137000000.0
WULING,ALMAZ,2022,AUTOMATIC,1.5,SMART ENJOY,,,,131000000.0
WULING,ALMAZ,2022,MANUAL,1.5,SMART ENJOY,,,,115000000.0
WULING,ALMAZ,2023,AUTOMATIC,1.5,EXCLUSIVE,,,,142000000.0
WULING,ALMAZ,2023,AUTOMATIC,1.5,EXCLUSIVE,,,,150000000.0
WULING,ALMAZ,2023,AUTOMATIC,1.5,LUX,,,,190000000.0
WULING,ALMAZ,2023,AUTOMATIC,1.5,SMART ENJOY,,,,138000000.0
WULING,ALMAZ,2025,AUTOMATIC,1.5,RS PRO,,,,76000000.0
WULING,ALVEZ,2023,AUTOMATIC,1.5,CE,,,,128500000.0
WULING,ALVEZ,2023,AUTOMATIC,1.5,CE,,,,145000000.0
WULING,ALVEZ,2023,AUTOMATIC,1.5,EX,,,,155500000.0
WULING,ALVEZ,2023,AUTOMATIC,1.5,EX,,,,162000000.0
WULING,ALVEZ,2024,AUTOMATIC,1.5,CE,,,,184000000.0
WULING,ALVEZ,2024,AUTOMATIC,1.5,CE,,,,170000000.0
WULING,ALVEZ,2024,AUTOMATIC,1.5,EX,,,,168500000.0
WULING,ALVEZ,2024,AUTOMATIC,1.5,EX,,,,185500000.0
WULING,ALVEZ,2024,MANUAL,1.5,SE,,,,115000000.0
WULING,ALVEZ,2024,MANUAL,1.5,SE,,,,114500000.0
WULING,ALVEZ,2024,MANUAL,1.5,SE,,,,122500000.0
WULING,ALVEZ,2025,AUTOMATIC,1.5,CE,,,,149000000.0
WULING,ALVEZ,2025,AUTOMATIC,1.5,EX,,,,190500000.0
WULING,ALVEZ,2025,MANUAL,1.5,SE,,,,121000000.0
WULING,ALVEZ,2025,MANUAL,1.5,SE,,,,124500000.0
WULING,BINGUO EV,2024,0,0.0,LONG RANGE AC,,,,178500000.0
WULING,BINGUO EV,2024,0,0.0,LONG RANGE AC,,,,152000000.0
WULING,BINGUO EV,2024,AUTOMATIC,0.0,LONG RANGE AC,,,,164500000.0
WULING,BINGUO EV,2024,AUTOMATIC,0.0,PREMIUM RANGE,,,,192000000.0
WULING,BINGUO EV,2024,AUTOMATIC,0.0,PREMIUM RANGE,,,,199250000.0
WULING,BINGUO EV,2024,AUTOMATIC,0.1,LONG RANGE AC,,,,172000000.0
WULING,BINGUO EV,2025,AUTOMATIC,0.0,LITE,,,,177500000.0
WULING,CLOUD EV,2024,AUTOMATIC,0.0,,,,,188000000.0
WULING,CLOUD EV,2024,AUTOMATIC,0.0,,,,,221500000.0
WULING,CLOUD EV,2024,AUTOMATIC,0.0,,,,,176500000.0
WULING,CONFERO,2018,MANUAL,1.5,S L,,,,71000000.0
WULING,CONFERO,2019,MANUAL,1.5,,,,,76500000.0
WULING,CONFERO,2019,MANUAL,1.5,S,,,,50000000.0
WULING,CONFERO,2021,MANUAL,1.5,,,,,69000000.0
WULING,CONFERO,2022,MANUAL,1.5,DB,,,,53000000.0
WULING,CONFERO,2022,MANUAL,1.5,DB,,,,86000000.0
WULING,CONFERO,2022,MANUAL,1.5,DB,,,,75000000.0
WULING,CONFERO,2022,MANUAL,1.5,DB,,,,57500000.0
WULING,CONFERO,2022,MANUAL,1.5,DB,,,,70500000.0
WULING,CONFERO,2022,MANUAL,1.5,DB,,,,65500000.0
WULING,CONFERO,2022,MANUAL,1.5,S,,,,70500000.0
WULING,CONFERO,2022,MANUAL,1.5,S C,,,,89000000.0
WULING,CONFERO,2022,MANUAL,1.5,S C,,,,90000000.0
WULING,CONFERO,2022,MANUAL,1.5,S C,,,,96000000.0
WULING,CONFERO,2022,MANUAL,1.5,S C,,,,80000000.0
WULING,CONFERO,2022,MANUAL,1.5,S L,,,,67000000.0
WULING,CONFERO,2022,MANUAL,1.5,S L,,,,83000000.0
WULING,CONFERO,2022,MANUAL,1.5,S L,,,,86000000.0
WULING,CONFERO,2023,MANUAL,1.5,DB,,,,87000000.0
WULING,CONFERO,2023,MANUAL,1.5,DB,,,,70000000.0
WULING,CONFERO,2023,MANUAL,1.5,DB,,,,86000000.0
WULING,CONFERO,2023,MANUAL,1.5,S C,,,,88000000.0
WULING,CONFERO,2024,MANUAL,1.5,,,,,96000000.0
WULING,CONFERO,2024,MANUAL,1.5,,,,,75000000.0
WULING,CONFERO,2024,MANUAL,1.5,DB,,,,77000000.0
WULING,CONFERO,2024,MANUAL,1.5,DB,,,,91000000.0
WULING,CONFERO,2024,MANUAL,1.5,DB,,,,94500000.0
WULING,CONFERO,2024,MANUAL,1.5,DB,,,,79000000.0
WULING,CORTEZ,2018,AUTOMATIC,1.8,C,,,,86000000.0
WULING,CORTEZ,2018,AUTOMATIC,1.8,C,,,,83500000.0
WULING,CORTEZ,2018,AUTOMATIC,1.8,L,,,,91000000.0
WULING,CORTEZ,2018,MANUAL,1.8,C,,,,39000000.0
WULING,CORTEZ,2019,AUTOMATIC,1.5,,,,,86500000.0
WULING,CORTEZ,2019,AUTOMATIC,1.5,C,,,,80000000.0
WULING,CORTEZ,2019,AUTOMATIC,1.5,C,,,,88000000.0
WULING,CORTEZ,2020,AUTOMATIC,1.5,CT L,,,,110500000.0
WULING,CORTEZ,2021,AUTOMATIC,1.5,S,,,,103500000.0
WULING,CORTEZ,2021,MANUAL,1.5,S,,,,100000000.0
WULING,CORTEZ,2021,MANUAL,1.5,S,,,,25000000.0
WULING,CORTEZ,2021,MANUAL,1.5,S,,,,90500000.0
WULING,CORTEZ,2022,AUTOMATIC,1.5,,,,,135500000.0
WULING,CORTEZ,2022,AUTOMATIC,1.5,S,,,,120000000.0
WULING,CORTEZ,2022,AUTOMATIC,1.5,S,,,,81000000.0
WULING,CORTEZ,2022,MANUAL,1.5,S,,,,103000000.0
WULING,CORTEZ,2023,MANUAL,1.5,S,,,,103000000.0
WULING,CORTEZ,2025,AUTOMATIC,1.5,,,,,180500000.0
WULING,CORTEZ,2025,AUTOMATIC,1.5,,,,,210000000.0
WULING,CORTEZ,2025,AUTOMATIC,1.5,,,,,176000000.0
WULING,FORMO,2023,MANUAL,1.5,MAX AC,,,,67500000.0
WULING,FORMO,2024,MANUAL,1.2,MINIBUS,,,,82000000.0
WULING,FORMO,2024,MANUAL,1.5,MAX AC,,,,105500000.0
WULING,MITRA EV,2025,AUTOMATIC,0.1,MINIBUS PREMIUM RANGE,,,,225000000.0
